cluster_id,cluster_name,main_query,supporting_queries,intent,serp_type,overlap_evidence,market,status
RU-CAT-KROSHKA,Мраморная крошка оптом,мраморная крошка,мраморная крошка цена; мраморная крошка в мешках; купить мраморную крошку в мешках; мраморная крошка оптом; мраморная крошка купить оптом от производителя; где купить мраморную крошку,commercial,category,wordstat 23.09: мраморная крошка 2803/64625; цена 96; в мешках 103; купить в мешках 87; оптом 39; оптом от производителя 32; GSC: оптом 66 показов поз. 37.7,Россия,frequency_collected_pending_serp
RU-CAT-SHCHEBEN,Мраморный щебень оптом,мраморный щебень купить оптом,мраморный щебень цена за тонну,commercial,category,,Россия,hypothesis_pending_serp
RU-CAT-MUKA,Мраморная мука и микрокальцит,мраморная мука купить оптом,микрокальцит купить оптом,commercial,category,,Россия,hypothesis_pending_serp
RU-APP-LANDSHAFT,Ландшафтный дизайн,мраморная крошка в ландшафтном дизайне,купить мраморную крошку для ландшафтного дизайна; мраморная крошка для ландшафтного дизайна; мраморная крошка на клумбе; мраморная крошка для сада; цветник из мраморной крошки,mixed,application,"wordstat: 57; 52; 30; 21; 14; 7. GSC 90д: 136 показов по URL, поз. 29.7. Яндекс LOW_QUALITY 26.09",Россия,frequency_collected_pending_serp
RU-APP-DOROGI,Дороги и отсыпка,мраморный щебень для дорог,,commercial,application,,Россия,hypothesis_pending_serp
RU-APP-SHTUKATURKA,Декоративные штукатурки,мраморная крошка для фасада,мраморная крошка для цоколя; штукатурка мраморная крошка; штукатурка с мраморной крошкой для фасада; отделка цоколя мраморной крошкой; декоративная штукатурка мраморная крошка; мраморная крошка для фасада купить,mixed,application,wordstat: фасад 123; цоколь 86; штукатурка 74; для фасада 72; для цоколя 55; отделка цоколя 46; декоративная 41; купить 25. Яндекс LOW_QUALITY 26.09,Россия,frequency_collected_pending_serp
RU-APP-LKM,ЛКМ и пластики,краска с мраморной крошкой,эпоксидная смола с мраморной крошкой; акриловая краска с микрокальцитом; мраморная мука применение в лкм; микрокальцит мел мрамор дозировка для краски,mixed,application,"wordstat: 42; 18; 5; 5; 10. «микрокальцит для ЛКМ и пластиков» = 0. B2B-спрос почти нулевой, основной спрос — покупатели готовой краски. Яндекс LOW_QUALITY 26.09",Россия,low_demand_decision_needed
RU-APP-SELHOZ,Сельское хозяйство,мраморная мука для сельского хозяйства,,mixed,application,,Россия,hypothesis_pending_serp
RU-CAT-LANDSHAFT,Ландшафтный камень и декоративный щебень,ландшафтный камень,декоративный щебень; купить камни для ландшафтного дизайна; декоративный щебень для ландшафтного дизайна,commercial,category,,Россия,frequency_collected_pending_serp
RU-SKU-DOLOMIT,Доломитовый щебень,доломитовый щебень,доломитка купить; доломитовый щебень для септика; доломитовый щебень для дренажа,commercial,product,,Россия,frequency_collected_pending_serp
RU-SKU-ZLATOLIT,Златолит,златолит,златолит камень; златолит камень купить; златолит для дорожек,commercial,product,,Россия,frequency_collected_pending_serp
RU-SKU-ZMEEVIK,Змеевик (серпентинит),змеевик щебень,серпентин камень; щебень змеевик купить,commercial,product,,Россия,frequency_collected_pending_serp
RU-SKU-GALKA,Речная галька,речная галька,речная галька купить; речная галька для дорожек; галька декоративная для сада и ландшафта купить,commercial,product,,Россия,frequency_collected_pending_serp
RU-SKU-SLANEC,Сланцевый щебень,сланцевый щебень,сланцевый камень; щебень сланец,commercial,product,,Россия,frequency_collected_pending_serp
RU-SKU-FELZIT,Фельзит,фельзит,фельзит желтый; фельзит розовый,commercial,product,,Россия,frequency_collected_pending_serp
RU-SKU-YASHMA,Щебень яшма,щебень яшма,щебень яшма купить,commercial,product,,Россия,frequency_collected_pending_serp
RU-SKU-KR-5-10,Мраморная крошка 5-10 мм,мраморная крошка 5 10,мраморная крошка фракция 5 10; мраморная крошка 5 10 мм; мраморная крошка 5 10 купить; мраморная крошка фракцией 5 10 мм,mixed,product,"wordstat: 26; 20; 2; 2; 11. GSC 90д: 206 показов по URL, поз. 26, 0 кликов",Россия,frequency_collected_pending_serp
