query,topvisor_id,sources,intent,target,evidence,status
микрокальцит 5-200 мкм купить оптом,,core_seed,commercial,/product/mikrokaltsit-5-200-mkm/,,pending_wordstat_frequency
микрокальцит для лкм и пластиков,,core_seed,commercial,/primenenie/lkm/,,pending_wordstat_frequency
микрокальцит купить оптом,,core_seed,commercial,/catalog/muka/,,pending_wordstat_frequency
мраморная крошка 0-1 мм купить оптом,,core_seed,commercial,/product/mramornaya-kroshka-0-1/,,pending_wordstat_frequency
мраморная крошка 0-5 мм купить оптом,,core_seed,commercial,/product/mramornaya-kroshka-0-5/,,pending_wordstat_frequency
"мраморная крошка 0,2-0,5 мм купить оптом",,core_seed,commercial,/product/mramornaya-kroshka-0-2-0-5/,,pending_wordstat_frequency
мраморная крошка 0.5-1.0 мм купить оптом,,core_seed,commercial,/product/mramornaya-kroshka-0-5-1-0/,,pending_wordstat_frequency
мраморная крошка 1.0-1.5 мм купить оптом,,core_seed,commercial,/product/mramornaya-kroshka-1-0-1-5/,,pending_wordstat_frequency
мраморная крошка 1.5-2.0 мм купить оптом,,core_seed,commercial,/product/mramornaya-kroshka-1-5-2-0/,,pending_wordstat_frequency
мраморная крошка 2-3 мм купить оптом,,core_seed,commercial,/product/mramornaya-kroshka-2-3/,,pending_wordstat_frequency
мраморная крошка 5-10 мм купить оптом,,core_seed,commercial,/product/mramornaya-kroshka-5-10/,,pending_wordstat_frequency
мраморная крошка для декоративной штукатурки,828701499,core_seed|topvisor_collect,commercial,/primenenie/shtukaturka/,,pending_wordstat_frequency
мраморная крошка для ландшафтного дизайна,,core_seed|gsc|topvisor_existing,mixed,/primenenie/landshaft/,gsc:2,pending_wordstat_frequency
мраморная крошка купить оптом,,core_seed|gsc,commercial,/catalog/kroshka/,gsc:34,pending_wordstat_frequency
мраморная крошка цена за тонну,,core_seed|gsc,commercial,/catalog/kroshka/,gsc:4,pending_wordstat_frequency
мраморная мука 0-0.2 мм купить оптом,,core_seed,commercial,/product/mramornaya-muka-0-0-2/,,pending_wordstat_frequency
мраморная мука для сельского хозяйства,,core_seed,mixed,/primenenie/selhoz/,,pending_wordstat_frequency
мраморная мука купить оптом,,core_seed,commercial,/catalog/muka/,,pending_wordstat_frequency
мраморный щебень 10-20 мм купить оптом,,core_seed,commercial,/product/mramornyj-shheben-10-20/,,pending_wordstat_frequency
мраморный щебень 20-50 мм купить оптом,,core_seed,commercial,/product/mramornyj-shheben-20-50/,,pending_wordstat_frequency
мраморный щебень 50-200 мм купить оптом,,core_seed,commercial,/product/mramornyj-shheben-50-200/,,pending_wordstat_frequency
мраморный щебень для дорог,,core_seed,commercial,/primenenie/dorogi/,,pending_wordstat_frequency
мраморный щебень купить оптом,,core_seed,commercial,/catalog/shcheben/,,pending_wordstat_frequency
мраморный щебень цена за тонну,,core_seed,commercial,/catalog/shcheben/,,pending_wordstat_frequency
1 тонна мраморной крошки,938409982,topvisor_collect,commercial,/catalog/kroshka/,,pending_wordstat_frequency
акрил мраморная крошка для внутренней отделки,1080379461,topvisor_collect,mixed,/catalog/kroshka/,,pending_wordstat_frequency
акриловая краска с микрокальцитом,1080379436,topvisor_collect,mixed,/primenenie/lkm/,,pending_wordstat_frequency
акриловая мраморная крошка для стен,1046618794,topvisor_collect,mixed,/catalog/kroshka/,,pending_wordstat_frequency
акрилово мраморная крошка купить,,gsc,review,,gsc:1,pending_wordstat_frequency
акрилом мраморная крошка,1055544692,topvisor_collect,mixed,/catalog/kroshka/,,pending_wordstat_frequency
белая мраморная крошка в ландшафтном дизайне,,gsc,review,,gsc:20,pending_wordstat_frequency
белая мраморная крошка в мешках,157250257,topvisor_collect,mixed,/catalog/kroshka/,,pending_wordstat_frequency
белая мраморная крошка в мешках цена,143042855,topvisor_collect,commercial,/catalog/kroshka/,,pending_wordstat_frequency
белая мраморная крошка купить,,topvisor_existing,review,,,pending_wordstat_frequency
белая мраморная крошка цена,7520573,topvisor_collect,commercial,/catalog/kroshka/,,pending_wordstat_frequency
белый мраморный щебень,,topvisor_existing,review,,,pending_wordstat_frequency
белый мраморный щебень купить в астраханской области,1080379328,topvisor_collect,commercial,/catalog/shcheben/,,pending_wordstat_frequency
белый мраморный щебень купить в волгограде,1080379294,topvisor_collect,commercial,/catalog/shcheben/,,pending_wordstat_frequency
белый мраморный щебень купить в вышнем волочке,1080379280,topvisor_collect,commercial,/catalog/shcheben/,,pending_wordstat_frequency
белый мраморный щебень купить в вязьмах,1080379363,topvisor_collect,commercial,/catalog/shcheben/,,pending_wordstat_frequency
белый мраморный щебень купить в городе челябинск,1080379347,topvisor_collect,commercial,/catalog/shcheben/,,pending_wordstat_frequency
белый мраморный щебень купить в дзержинске,1080379283,topvisor_collect,commercial,/catalog/shcheben/,,pending_wordstat_frequency
белый мраморный щебень купить в казахстане,1080379307,topvisor_collect,commercial,/catalog/shcheben/,,pending_wordstat_frequency
белый мраморный щебень купить в кировской области,1080379277,topvisor_collect,commercial,/catalog/shcheben/,,pending_wordstat_frequency
белый мраморный щебень купить в костромской области,1080379274,topvisor_collect,commercial,/catalog/shcheben/,,pending_wordstat_frequency
белый мраморный щебень купить в курской области,1080379284,topvisor_collect,commercial,/catalog/shcheben/,,pending_wordstat_frequency
белый мраморный щебень купить в липецкой области,1080379289,topvisor_collect,commercial,/catalog/shcheben/,,pending_wordstat_frequency
белый мраморный щебень купить в московском регионе,1080379317,topvisor_collect,commercial,/catalog/shcheben/,,pending_wordstat_frequency
белый мраморный щебень купить в подольске,1080379308,topvisor_collect,commercial,/catalog/shcheben/,,pending_wordstat_frequency
белый мраморный щебень купить в саранске,1080379302,topvisor_collect,commercial,/catalog/shcheben/,,pending_wordstat_frequency
белый мраморный щебень купить в саратовской области,1080379325,topvisor_collect,commercial,/catalog/shcheben/,,pending_wordstat_frequency
белый мраморный щебень купить в сочи,1080379285,topvisor_collect,commercial,/catalog/shcheben/,,pending_wordstat_frequency
белый мраморный щебень купить в ставропольском крае,1080379288,topvisor_collect,commercial,/catalog/shcheben/,,pending_wordstat_frequency
белый мраморный щебень купить в тульской области,1080379295,topvisor_collect,commercial,/catalog/shcheben/,,pending_wordstat_frequency
белый мраморный щебень купить в тюменской области,1080379321,topvisor_collect,commercial,/catalog/shcheben/,,pending_wordstat_frequency
белый мраморный щебень купить во владивостоке,1080379309,topvisor_collect,commercial,/catalog/shcheben/,,pending_wordstat_frequency
белый мраморный щебень купить во владимирской области,1080379286,topvisor_collect,commercial,/catalog/shcheben/,,pending_wordstat_frequency
белый мраморный щебень цена,1080379279,topvisor_collect,commercial,/catalog/shcheben/,,pending_wordstat_frequency
бетон с мраморной крошкой,18609325,topvisor_collect,mixed,/catalog/kroshka/,,pending_wordstat_frequency
бетонная мраморная крошка,1080379455,topvisor_collect,commercial,/catalog/kroshka/,,pending_wordstat_frequency
бетонный пол с мраморной крошкой,1056813,topvisor_collect,commercial,/catalog/kroshka/,,pending_wordstat_frequency
благоустройство мраморной крошкой,902296557,topvisor_collect,mixed,/primenenie/landshaft/,,pending_wordstat_frequency
брусчатка с мраморной крошкой,69179264,topvisor_collect,mixed,/catalog/kroshka/,,pending_wordstat_frequency
брянск мраморный щебень купить,1080379360,topvisor_collect,commercial,/catalog/shcheben/,,pending_wordstat_frequency
ванная мраморная крошка,174770117,topvisor_collect,mixed,/catalog/kroshka/,,pending_wordstat_frequency
вес мраморного щебня,1015599075,topvisor_collect,mixed,/catalog/shcheben/,,pending_wordstat_frequency
вес мраморной крошки,174922357,topvisor_collect,mixed,/catalog/kroshka/,,pending_wordstat_frequency
видео мраморной крошки,348356361,topvisor_collect,mixed,/catalog/kroshka/,,pending_wordstat_frequency
виды мраморной крошки,122121394,topvisor_collect,informational,/catalog/kroshka/,,pending_wordstat_frequency
вологда купить щебень мраморный,1080379276,topvisor_collect,commercial,/catalog/shcheben/,,pending_wordstat_frequency
все инструменты интернет магазин щебень мраморный,1080379348,topvisor_collect,mixed,/catalog/shcheben/,,pending_wordstat_frequency
галтованная мраморная крошка купить,93690168,topvisor_collect,commercial,/catalog/kroshka/,,pending_wordstat_frequency
галтованный мраморный щебень,,topvisor_existing,review,,,pending_wordstat_frequency
галтованный мраморный щебень купить,513192963,topvisor_collect,commercial,/catalog/shcheben/,,pending_wordstat_frequency
где в твери найти мраморный щебень,1080379329,topvisor_collect,mixed,/catalog/shcheben/,,pending_wordstat_frequency
где используется микрокальцит,1080379393,topvisor_collect,mixed,/product/mikrokaltsit-5-200-mkm/,,pending_wordstat_frequency
где купить мраморную крошку,181916,topvisor_collect,commercial,/catalog/kroshka/,,pending_wordstat_frequency
где купить мраморную крошку белую,1055289525,topvisor_collect,commercial,/catalog/kroshka/,,pending_wordstat_frequency
где купить мраморный щебень,166487276,topvisor_collect,commercial,/catalog/shcheben/,,pending_wordstat_frequency
где купить мраморный щебень в туле,1080379311,topvisor_collect,commercial,/catalog/shcheben/,,pending_wordstat_frequency
где можно купить мраморную крошку,7520570,topvisor_collect,commercial,/catalog/kroshka/,,pending_wordstat_frequency
где продается мраморный щебень,1080379365,topvisor_collect,mixed,/catalog/shcheben/,,pending_wordstat_frequency
геотекстиль под мраморную крошку,27779325,topvisor_collect,mixed,/catalog/kroshka/,,pending_wordstat_frequency
гибкая мраморная крошка,348360626,topvisor_collect,mixed,/catalog/kroshka/,,pending_wordstat_frequency
голубой мраморный щебень,1080379293,topvisor_collect,mixed,/catalog/shcheben/,,pending_wordstat_frequency
грунт мраморная крошка,348354542,topvisor_collect,mixed,/catalog/kroshka/,,pending_wordstat_frequency
грунтовка с мраморной крошкой,212138509,topvisor_collect,mixed,/catalog/kroshka/,,pending_wordstat_frequency
декор мраморной крошкой,520670106,topvisor_collect,mixed,/catalog/kroshka/,,pending_wordstat_frequency
декоративная мраморная крошка,,topvisor_existing,review,,,pending_wordstat_frequency
декоративная с мраморной крошкой штукатурка для ванной,1080379506,topvisor_collect,mixed,/primenenie/shtukaturka/,,pending_wordstat_frequency
декоративная штукатурка мраморная крошка,209105,topvisor_collect,mixed,/primenenie/shtukaturka/,,pending_wordstat_frequency
декоративный камень мраморная крошка,44060708,topvisor_collect,mixed,/catalog/kroshka/,,pending_wordstat_frequency
декоративный мраморный щебень,,topvisor_existing,review,,,pending_wordstat_frequency
для чего используют мраморную крошку,,gsc,review,,gsc:8,pending_wordstat_frequency
доставка мраморной крошки,1317541,topvisor_collect,mixed,/catalog/kroshka/,,pending_wordstat_frequency
жидкая мраморная крошка,348356522,topvisor_collect,mixed,/catalog/kroshka/,,pending_wordstat_frequency
завод мраморной крошки,,gsc,review,,gsc:5,pending_wordstat_frequency
завод мраморной крошки челябинск,,yandex_webmaster,review,,yandex:1,pending_wordstat_frequency
завод по производству мраморной крошки в челябинской области,,yandex_webmaster,review,,yandex:1,pending_wordstat_frequency
заказать мраморную крошку,10660546,topvisor_collect,commercial,/catalog/kroshka/,,pending_wordstat_frequency
заливка мраморной крошкой,312248964,topvisor_collect,mixed,/catalog/kroshka/,,pending_wordstat_frequency
засыпка мраморной крошкой,486629089,topvisor_collect,mixed,/catalog/kroshka/,,pending_wordstat_frequency
изготовление мраморной крошки,30277636,topvisor_collect,mixed,/catalog/kroshka/,,pending_wordstat_frequency
изделия из мраморной крошки,34011094,topvisor_collect,mixed,/catalog/kroshka/,,pending_wordstat_frequency
искусственная мраморная крошка,22325602,topvisor_collect,mixed,/catalog/kroshka/,,pending_wordstat_frequency
как выглядит мраморная крошка,348361930,topvisor_collect,informational,/catalog/kroshka/,,pending_wordstat_frequency
как засыпать мраморной крошкой,1080379473,topvisor_collect,informational,/catalog/kroshka/,,pending_wordstat_frequency
как называется мраморная крошка,348364513,topvisor_collect,informational,/catalog/kroshka/,,pending_wordstat_frequency
как отличить маршалит от микрокальцита,1080379449,topvisor_collect,informational,/product/mikrokaltsit-5-200-mkm/,,pending_wordstat_frequency
как перемешать микрокальцит со смолой большого объема,1080379445,topvisor_collect,informational,/primenenie/lkm/,,pending_wordstat_frequency
как правильно засыпать мраморную крошку,812851390,topvisor_collect,informational,/catalog/kroshka/,,pending_wordstat_frequency
как правильно уложить мраморную крошку,805093795,topvisor_collect,informational,/catalog/kroshka/,,pending_wordstat_frequency
как работает удобрение мраморная мука,,yandex_webmaster,review,,yandex:2,pending_wordstat_frequency
как сделать мраморную крошку,51562941,topvisor_collect,informational,/catalog/kroshka/,,pending_wordstat_frequency
как укладывать мраморную крошку,348363744,topvisor_collect,informational,/catalog/kroshka/,,pending_wordstat_frequency
какая мраморная крошка хорошая,1080379458,topvisor_collect,informational,/catalog/kroshka/,,pending_wordstat_frequency
кальций карбонат,56616885,topvisor_collect,mixed,/product/mikrokaltsit-5-200-mkm/,,pending_wordstat_frequency
каменная мраморная крошка,300576691,topvisor_collect,mixed,/catalog/kroshka/,,pending_wordstat_frequency
карбонат кальция,310495,topvisor_collect,mixed,/product/mikrokaltsit-5-200-mkm/,,pending_wordstat_frequency
карбонат кальция что это,181084213,topvisor_collect,informational,/product/mikrokaltsit-5-200-mkm/,,pending_wordstat_frequency
карьер мраморная крошка,,yandex_webmaster,review,,yandex:1,pending_wordstat_frequency
карьер мраморного белого щебня свердловская область,,yandex_webmaster,review,,yandex:1,pending_wordstat_frequency
карьер мраморного щебня екатеринбург,,yandex_webmaster,review,,yandex:1,pending_wordstat_frequency
карьер мраморной крошки в екатеринбурге,,yandex_webmaster,review,,yandex:1,pending_wordstat_frequency
карьер производства мраморной крошки в челябинске,,yandex_webmaster,review,,yandex:1,pending_wordstat_frequency
карьеры белого мрамора екатеринбург,,yandex_webmaster,review,,yandex:2,pending_wordstat_frequency
кашпо из мраморной крошки,164734740,topvisor_collect,mixed,/catalog/kroshka/,,pending_wordstat_frequency
кварцевая мраморная крошка,935044101,topvisor_collect,mixed,/catalog/kroshka/,,pending_wordstat_frequency
кирпич из мраморной крошки,348357116,topvisor_collect,mixed,/catalog/kroshka/,,pending_wordstat_frequency
клей для мраморной крошки,1559219,topvisor_collect,mixed,/catalog/kroshka/,,pending_wordstat_frequency
клей для мраморной крошки для наружных работ,537953297,topvisor_collect,mixed,/catalog/kroshka/,,pending_wordstat_frequency
клумба с мраморной крошкой,,gsc,review,,gsc:1,pending_wordstat_frequency
ковер из мраморной крошки,990761619,topvisor_collect,mixed,/catalog/kroshka/,,pending_wordstat_frequency
коллоидный микрокальцит,,gsc|topvisor_existing,review,,gsc:1,pending_wordstat_frequency
коллоидный микрокальцит купить,347916677,topvisor_collect,commercial,/product/mikrokaltsit-5-200-mkm/,,pending_wordstat_frequency
краска легко с мраморной крошкой,1080379497,topvisor_collect,mixed,/primenenie/lkm/,,pending_wordstat_frequency
краска микрокальцит,914303710,topvisor_collect,mixed,/primenenie/lkm/,,pending_wordstat_frequency
краска с мраморной крошкой,91631737,topvisor_collect,mixed,/primenenie/lkm/,,pending_wordstat_frequency
краска с мраморной крошкой для стен,28833371,topvisor_collect,mixed,/primenenie/lkm/,,pending_wordstat_frequency
краска структурная с мраморной крошкой,1035347745,topvisor_collect,mixed,/primenenie/lkm/,,pending_wordstat_frequency
краска фактурная с мраморной крошкой,344508287,topvisor_collect,mixed,/primenenie/lkm/,,pending_wordstat_frequency
крошка мраморная 1 мм,93690155,gsc|topvisor_collect,mixed,/catalog/kroshka/,gsc:6,pending_wordstat_frequency
крошка мраморная 10 20мм,1080379488,topvisor_collect,mixed,/catalog/kroshka/,,pending_wordstat_frequency
крошка мраморная белая,355014,topvisor_collect,mixed,/catalog/kroshka/,,pending_wordstat_frequency
крошка мраморная белая 10 20 мм,74912386,topvisor_collect,mixed,/catalog/kroshka/,,pending_wordstat_frequency
крошка мраморная белая 5 10,158540200,topvisor_collect,mixed,/product/mramornaya-kroshka-5-10/,,pending_wordstat_frequency
крошка мраморная белая галтованная,157250259,topvisor_collect,mixed,/catalog/kroshka/,,pending_wordstat_frequency
крошка мраморная белая купить в спб,927273715,topvisor_collect,commercial,/catalog/kroshka/,,pending_wordstat_frequency
крошка мраморная белая оптом,,gsc,review,,gsc:1,pending_wordstat_frequency
крошка мраморная белый 5 10 мм,867631770,topvisor_collect,mixed,/product/mramornaya-kroshka-5-10/,,pending_wordstat_frequency
крошка мраморная кубы,93690167,topvisor_collect,mixed,/catalog/kroshka/,,pending_wordstat_frequency
крошка мраморная паспорт качества,,yandex_webmaster,review,,yandex:3,pending_wordstat_frequency
крошка мраморная ростов,182659764,topvisor_collect,mixed,/catalog/kroshka/,,pending_wordstat_frequency
крошка мраморная фракция 2 5,867631773,gsc|topvisor_collect,informational,/catalog/kroshka/,gsc:2,pending_wordstat_frequency
крошка мраморная фракция 2.5,,gsc,review,,gsc:1,pending_wordstat_frequency
крошка мраморная фракция 20,974992711,topvisor_collect,informational,/catalog/kroshka/,,pending_wordstat_frequency
крошка мраморная фракция 20 40,1015599065,topvisor_collect,informational,/catalog/kroshka/,,pending_wordstat_frequency
купить белую мраморную крошку в мешках,93690194,topvisor_collect,commercial,/catalog/kroshka/,,pending_wordstat_frequency
купить белый мраморный щебень в мешках,959215118,topvisor_collect,commercial,/catalog/shcheben/,,pending_wordstat_frequency
купить белый мраморный щебень краснодарский край,1080379358,topvisor_collect,commercial,/catalog/shcheben/,,pending_wordstat_frequency
купить белый мраморный щебень московская область,1080379292,topvisor_collect,commercial,/catalog/shcheben/,,pending_wordstat_frequency
купить галтованную мраморную крошку,965566412,topvisor_collect,commercial,/catalog/kroshka/,,pending_wordstat_frequency
купить декоративную мраморная крошка,1080379466,topvisor_collect,commercial,/catalog/kroshka/,,pending_wordstat_frequency
купить клей для мраморной крошки,494311773,topvisor_collect,commercial,/catalog/kroshka/,,pending_wordstat_frequency
купить микрокальцит 40 мкм,1080379389,topvisor_collect,commercial,/product/mikrokaltsit-5-200-mkm/,,pending_wordstat_frequency
купить микрокальцит 40 мкм в ставрополе,1080379437,topvisor_collect,commercial,/product/mikrokaltsit-5-200-mkm/,,pending_wordstat_frequency
купить микрокальцит оптом,44436464,topvisor_collect,commercial,/product/mikrokaltsit-5-200-mkm/,,pending_wordstat_frequency
купить мраморную крошку 0.2 фракция,,gsc,review,,gsc:1,pending_wordstat_frequency
купить мраморную крошку 10 20,1080379453,topvisor_collect,commercial,/catalog/kroshka/,,pending_wordstat_frequency
купить мраморную крошку в барнауле,183054455,topvisor_collect,commercial,/catalog/kroshka/,,pending_wordstat_frequency
купить мраморную крошку в белгороде,856796791,topvisor_collect,commercial,/catalog/kroshka/,,pending_wordstat_frequency
купить мраморную крошку в екатеринбурге,61438658,gsc|topvisor_collect,commercial,/catalog/kroshka/,gsc:6,pending_wordstat_frequency
купить мраморную крошку в екатеринбурге в мешках,,gsc,review,,gsc:8,pending_wordstat_frequency
купить мраморную крошку в мешках,47162452,topvisor_collect,commercial,/catalog/kroshka/,,pending_wordstat_frequency
купить мраморную крошку в мешках в екатеринбурге,,gsc,review,,gsc:6,pending_wordstat_frequency
купить мраморную крошку в мешках в москве,150223061,topvisor_collect,commercial,/catalog/kroshka/,,pending_wordstat_frequency
купить мраморную крошку в мешках екатеринбурге,,gsc,review,,gsc:5,pending_wordstat_frequency
купить мраморную крошку в мешках спб,1080379471,topvisor_collect,commercial,/catalog/kroshka/,,pending_wordstat_frequency
купить мраморную крошку в московской области,157250150,topvisor_collect,commercial,/catalog/kroshka/,,pending_wordstat_frequency
купить мраморную крошку в перми,21090053,topvisor_collect,commercial,/catalog/kroshka/,,pending_wordstat_frequency
купить мраморную крошку в саратове,805338213,topvisor_collect,commercial,/catalog/kroshka/,,pending_wordstat_frequency
купить мраморную крошку в уфе,832868300,topvisor_collect,commercial,/catalog/kroshka/,,pending_wordstat_frequency
купить мраморную крошку в челябинске,183054460,topvisor_collect,commercial,/catalog/kroshka/,,pending_wordstat_frequency
купить мраморную крошку в ярославле,760740045,topvisor_collect,commercial,/catalog/kroshka/,,pending_wordstat_frequency
купить мраморную крошку для ландшафтного,966576111,topvisor_collect,commercial,/primenenie/landshaft/,,pending_wordstat_frequency
купить мраморную крошку для ландшафтного дизайна,23056353,gsc|topvisor_collect,commercial,/primenenie/landshaft/,gsc:18,pending_wordstat_frequency
купить мраморную крошку оптом,34666694,gsc|topvisor_collect,commercial,/catalog/kroshka/,gsc:7,pending_wordstat_frequency
купить мраморную крошку оптом от производителя,34666702,gsc|topvisor_collect,commercial,/catalog/kroshka/,gsc:3,pending_wordstat_frequency
купить мраморную крошку ростов,760740046,topvisor_collect,commercial,/catalog/kroshka/,,pending_wordstat_frequency
купить мраморную крошку тонну,1076249568,topvisor_collect,commercial,/catalog/kroshka/,,pending_wordstat_frequency
купить мраморную крошку фракции 0.2,,gsc,review,,gsc:2,pending_wordstat_frequency
купить мраморную муку,828701442,gsc|topvisor_collect,commercial,/product/mramornaya-muka-0-0-2/,gsc:6,pending_wordstat_frequency
купить мраморную муку в туле,1080379249,topvisor_collect,commercial,/product/mramornaya-muka-0-0-2/,,pending_wordstat_frequency
купить мраморную муку домодедово,1080379252,topvisor_collect,commercial,/product/mramornaya-muka-0-0-2/,,pending_wordstat_frequency
купить мраморную муку мк 100,1080379255,topvisor_collect,commercial,/product/mramornaya-muka-0-0-2/,,pending_wordstat_frequency
купить мраморный щебень в красноярске,1080379282,topvisor_collect,commercial,/catalog/shcheben/,,pending_wordstat_frequency
купить мраморный щебень в мешках,133545839,topvisor_collect,commercial,/catalog/shcheben/,,pending_wordstat_frequency
купить мраморный щебень в мешках в спб,785169805,topvisor_collect,commercial,/catalog/shcheben/,,pending_wordstat_frequency
купить мраморный щебень в новосибирске,49721657,topvisor_collect,commercial,/catalog/shcheben/,,pending_wordstat_frequency
купить мраморный щебень в сочи,1080379281,topvisor_collect,commercial,/catalog/shcheben/,,pending_wordstat_frequency
купить мраморный щебень оптом,236280506,topvisor_collect,commercial,/catalog/shcheben/,,pending_wordstat_frequency
купить симферополь щебень мраморный,1080379355,topvisor_collect,commercial,/catalog/shcheben/,,pending_wordstat_frequency
купить фракцию мраморной крошки,1002582104,topvisor_collect,commercial,/catalog/kroshka/,,pending_wordstat_frequency
купить цветную мраморную крошку,68699469,topvisor_collect,commercial,/catalog/kroshka/,,pending_wordstat_frequency
купить штукатурку мраморная крошка,96476698,topvisor_collect,commercial,/primenenie/shtukaturka/,,pending_wordstat_frequency
купить щебень и мраморная крошка в новосибирске,1080379332,topvisor_collect,commercial,/catalog/shcheben/,,pending_wordstat_frequency
купить щебень мраморный 20 40,1080379268,topvisor_collect,commercial,/product/mramornyj-shheben-20-50/,,pending_wordstat_frequency
купить щебень мраморный 20 40 мм,1068297351,topvisor_collect,commercial,/product/mramornyj-shheben-20-50/,,pending_wordstat_frequency
купить щебень мраморный 5 20,1080379275,topvisor_collect,commercial,/product/mramornyj-shheben-10-20/,,pending_wordstat_frequency
купить щебень мраморный березовский,1080379322,topvisor_collect,commercial,/catalog/shcheben/,,pending_wordstat_frequency
купить щебень мраморный нижнекамск,1080379357,topvisor_collect,commercial,/catalog/shcheben/,,pending_wordstat_frequency
куплю мраморную крошку цена,57367032,topvisor_collect,commercial,/catalog/kroshka/,,pending_wordstat_frequency
курск купить щебень мраморный,1080379326,topvisor_collect,commercial,/catalog/shcheben/,,pending_wordstat_frequency
лак с мраморной мукой как краски,1080379259,topvisor_collect,informational,/primenenie/lkm/,,pending_wordstat_frequency
ландшафт с мраморной крошкой,,gsc,review,,gsc:11,pending_wordstat_frequency
ландшафтная мраморная крошка,,gsc,review,,gsc:3,pending_wordstat_frequency
лемана про мраморная крошка,1046618785,topvisor_collect,mixed,/catalog/kroshka/,,pending_wordstat_frequency
магазин мраморная крошка,118497262,topvisor_collect,mixed,/catalog/kroshka/,,pending_wordstat_frequency
мел микрокальцит,738619604,topvisor_collect,mixed,/product/mikrokaltsit-5-200-mkm/,,pending_wordstat_frequency
мелкая мраморная крошка,122121389,topvisor_collect,mixed,/catalog/kroshka/,,pending_wordstat_frequency
микрокальцит,435515,topvisor_collect,mixed,/product/mikrokaltsit-5-200-mkm/,,pending_wordstat_frequency
микрокальцит 1 мкм,1080379438,topvisor_collect,mixed,/product/mikrokaltsit-5-200-mkm/,,pending_wordstat_frequency
микрокальцит 100,139025213,topvisor_collect,mixed,/product/mikrokaltsit-5-200-mkm/,,pending_wordstat_frequency
микрокальцит 2,139025212,topvisor_collect,mixed,/product/mikrokaltsit-5-200-mkm/,,pending_wordstat_frequency
микрокальцит 2 мкм,74372825,topvisor_collect,mixed,/product/mikrokaltsit-5-200-mkm/,,pending_wordstat_frequency
микрокальцит 5,139025210,topvisor_collect,mixed,/product/mikrokaltsit-5-200-mkm/,,pending_wordstat_frequency
микрокальцит 5 мкм,715048967,topvisor_collect,mixed,/product/mikrokaltsit-5-200-mkm/,,pending_wordstat_frequency
микрокальцит в бетоне для чего,1049476570,topvisor_collect,informational,/product/mikrokaltsit-5-200-mkm/,,pending_wordstat_frequency
микрокальцит в маф,1080379435,topvisor_collect,mixed,/product/mikrokaltsit-5-200-mkm/,,pending_wordstat_frequency
микрокальцит владивосток,1080379390,topvisor_collect,mixed,/product/mikrokaltsit-5-200-mkm/,,pending_wordstat_frequency
микрокальцит гидрофобный,1080379394,topvisor_collect,mixed,/product/mikrokaltsit-5-200-mkm/,,pending_wordstat_frequency
микрокальцит гост,111562575,topvisor_collect,mixed,/product/mikrokaltsit-5-200-mkm/,,pending_wordstat_frequency
микрокальцит для бетона как использовать,1080379448,topvisor_collect,informational,/product/mikrokaltsit-5-200-mkm/,,pending_wordstat_frequency
микрокальцит для пескоструя,1080379444,topvisor_collect,mixed,/product/mikrokaltsit-5-200-mkm/,,pending_wordstat_frequency
микрокальцит для чего используют,552179392,topvisor_collect,informational,/product/mikrokaltsit-5-200-mkm/,,pending_wordstat_frequency
микрокальцит екатеринбург,,gsc,review,,gsc:1,pending_wordstat_frequency
микрокальцит и жидкое стекло,1080379431,topvisor_collect,mixed,/product/mikrokaltsit-5-200-mkm/,,pending_wordstat_frequency
микрокальцит и полиэфирная смола заливка в форму,1080379388,topvisor_collect,mixed,/primenenie/lkm/,,pending_wordstat_frequency
микрокальцит кг,1046186157,topvisor_collect,mixed,/product/mikrokaltsit-5-200-mkm/,,pending_wordstat_frequency
микрокальцит км,1046171488,topvisor_collect,mixed,/product/mikrokaltsit-5-200-mkm/,,pending_wordstat_frequency
микрокальцит купить,,topvisor_existing,review,,,pending_wordstat_frequency
микрокальцит купить в екатеринбурге,,gsc,review,,gsc:3,pending_wordstat_frequency
микрокальцит купить в косметику,1080379434,topvisor_collect,commercial,/product/mikrokaltsit-5-200-mkm/,,pending_wordstat_frequency
микрокальцит купить в краснодаре,62399928,topvisor_collect,commercial,/product/mikrokaltsit-5-200-mkm/,,pending_wordstat_frequency
микрокальцит купить в москве,62399926,topvisor_collect,commercial,/product/mikrokaltsit-5-200-mkm/,,pending_wordstat_frequency
микрокальцит купить в нижнем новгороде,139025206,topvisor_collect,commercial,/product/mikrokaltsit-5-200-mkm/,,pending_wordstat_frequency
микрокальцит купить в спб,139025205,topvisor_collect,commercial,/product/mikrokaltsit-5-200-mkm/,,pending_wordstat_frequency
микрокальцит купить в ставрополе,1080379400,topvisor_collect,commercial,/product/mikrokaltsit-5-200-mkm/,,pending_wordstat_frequency
микрокальцит купить во владивостоке и пригороде,1080379450,topvisor_collect,commercial,/product/mikrokaltsit-5-200-mkm/,,pending_wordstat_frequency
микрокальцит купить воронеж,497041765,topvisor_collect,commercial,/product/mikrokaltsit-5-200-mkm/,,pending_wordstat_frequency
микрокальцит купить всеволожск,1080379439,topvisor_collect,commercial,/product/mikrokaltsit-5-200-mkm/,,pending_wordstat_frequency
микрокальцит купить екатеринбург,,gsc,review,,gsc:3,pending_wordstat_frequency
микрокальцит купить оптом в казани,1080379399,topvisor_collect,commercial,/product/mikrokaltsit-5-200-mkm/,,pending_wordstat_frequency
микрокальцит купить оптом от производителя,,topvisor_existing,review,,,pending_wordstat_frequency
микрокальцит купить ставропольский край,1080379442,topvisor_collect,commercial,/product/mikrokaltsit-5-200-mkm/,,pending_wordstat_frequency
микрокальцит магнитогорск,497041768,topvisor_collect,mixed,/product/mikrokaltsit-5-200-mkm/,,pending_wordstat_frequency
микрокальцит мел мрамор дозировка для краски,1080379401,topvisor_collect,mixed,/primenenie/lkm/,,pending_wordstat_frequency
микрокальцит мк,115484492,topvisor_collect,mixed,/product/mikrokaltsit-5-200-mkm/,,pending_wordstat_frequency
микрокальцит мк 100,139025201,topvisor_collect,mixed,/product/mikrokaltsit-5-200-mkm/,,pending_wordstat_frequency
микрокальцит мк 400,1080379402,topvisor_collect,mixed,/product/mikrokaltsit-5-200-mkm/,,pending_wordstat_frequency
микрокальцит москва,62399925,topvisor_collect,geo,/product/mikrokaltsit-5-200-mkm/,,pending_wordstat_frequency
микрокальцит московская область,1076474535,topvisor_collect,geo,/product/mikrokaltsit-5-200-mkm/,,pending_wordstat_frequency
микрокальцит мрамора,347917435,topvisor_collect,mixed,/product/mikrokaltsit-5-200-mkm/,,pending_wordstat_frequency
микрокальцит мраморная,139025197,topvisor_collect,mixed,/product/mikrokaltsit-5-200-mkm/,,pending_wordstat_frequency
микрокальцит мраморная мука,,gsc,review,,gsc:2,pending_wordstat_frequency
микрокальцит мраморный,,gsc,review,,gsc:1,pending_wordstat_frequency
микрокальцит новые панели купить екатеринбург,1080379398,topvisor_collect,commercial,/product/mikrokaltsit-5-200-mkm/,,pending_wordstat_frequency
микрокальцит оптом,,topvisor_existing,review,,,pending_wordstat_frequency
микрокальцит панели,1080379386,topvisor_collect,mixed,/product/mikrokaltsit-5-200-mkm/,,pending_wordstat_frequency
микрокальцит плотность,98639556,topvisor_collect,informational,/product/mikrokaltsit-5-200-mkm/,,pending_wordstat_frequency
микрокальцит порошок,1080379433,topvisor_collect,mixed,/product/mikrokaltsit-5-200-mkm/,,pending_wordstat_frequency
микрокальцит самый крупный производитель в россии,1080379446,topvisor_collect,commercial,/product/mikrokaltsit-5-200-mkm/,,pending_wordstat_frequency
микрокальцит санкт петербурга,1080379392,topvisor_collect,geo,/product/mikrokaltsit-5-200-mkm/,,pending_wordstat_frequency
микрокальцит смолы,347917962,topvisor_collect,mixed,/primenenie/lkm/,,pending_wordstat_frequency
микрокальцит состав,139025193,topvisor_collect,mixed,/product/mikrokaltsit-5-200-mkm/,,pending_wordstat_frequency
микрокальцит спб,437406549,topvisor_collect,geo,/product/mikrokaltsit-5-200-mkm/,,pending_wordstat_frequency
микрокальцит фракции,236280482,topvisor_collect,informational,/product/mikrokaltsit-5-200-mkm/,,pending_wordstat_frequency
микрокальцит цена,7627847,topvisor_collect,commercial,/product/mikrokaltsit-5-200-mkm/,,pending_wordstat_frequency
микрокальцит что это и для чего нужен,1080379440,topvisor_collect,informational,/product/mikrokaltsit-5-200-mkm/,,pending_wordstat_frequency
микрокальцита панели сколько прослужит материал,1080379441,topvisor_collect,informational,/product/mikrokaltsit-5-200-mkm/,,pending_wordstat_frequency
микрокальциты молочной железы,185085592,topvisor_collect,mixed,/product/mikrokaltsit-5-200-mkm/,,pending_wordstat_frequency
мкм микрокальцит,139025184,topvisor_collect,mixed,/product/mikrokaltsit-5-200-mkm/,,pending_wordstat_frequency
можно мраморную крошку в аквариум,348369252,topvisor_collect,mixed,/catalog/kroshka/,,pending_wordstat_frequency
мозаичная мраморная крошка,1080379463,topvisor_collect,mixed,/catalog/kroshka/,,pending_wordstat_frequency
мозаичные полы из мраморной крошки,4245519,topvisor_collect,mixed,/catalog/kroshka/,,pending_wordstat_frequency
мозаичные полы мраморной крошки цены,,gsc,review,,gsc:17,pending_wordstat_frequency
мойка мраморная крошка,498070572,topvisor_collect,mixed,/catalog/kroshka/,,pending_wordstat_frequency
мрамор из мраморной крошки,96476689,topvisor_collect,mixed,/catalog/kroshka/,,pending_wordstat_frequency
мрамор молотый микрокальцит,8968525,topvisor_collect,mixed,/product/mikrokaltsit-5-200-mkm/,,pending_wordstat_frequency
мрамор молотый микрокальцит для огорода,1080379447,topvisor_collect,geo,/product/mikrokaltsit-5-200-mkm/,,pending_wordstat_frequency
мрамор молотый микрокальцит мк 60,1080379396,topvisor_collect,mixed,/product/mikrokaltsit-5-200-mkm/,,pending_wordstat_frequency
мраморная 10х20 щебень,,gsc,review,,gsc:25,pending_wordstat_frequency
мраморная крошка,446623,gsc|topvisor_collect,mixed,/catalog/kroshka/,gsc:1,pending_wordstat_frequency
мраморная крошка 0 0 5,1015599062,topvisor_collect,mixed,/product/mramornaya-kroshka-0-5/,,pending_wordstat_frequency
мраморная крошка 0.2 0.5 купить,,gsc,review,,gsc:10,pending_wordstat_frequency
мраморная крошка 0.5,348355160,topvisor_collect,mixed,/catalog/kroshka/,,pending_wordstat_frequency
мраморная крошка 05-98 - насыпная плотность,,yandex_webmaster,review,,yandex:1,pending_wordstat_frequency
мраморная крошка 1 1 5 мм,1046618682,gsc|topvisor_collect,mixed,/product/mramornaya-kroshka-1-0-1-5/,gsc:2,pending_wordstat_frequency
мраморная крошка 10 20,93690210,topvisor_collect,mixed,/catalog/kroshka/,,pending_wordstat_frequency
мраморная крошка 10 20 белая,93690187,topvisor_collect,mixed,/catalog/kroshka/,,pending_wordstat_frequency
мраморная крошка 10 20 белая купить,112698509,topvisor_collect,commercial,/catalog/kroshka/,,pending_wordstat_frequency
мраморная крошка 10 20 мм,348355725,topvisor_collect,mixed,/catalog/kroshka/,,pending_wordstat_frequency
мраморная крошка 10 20 мм белая купить,1080379465,topvisor_collect,commercial,/catalog/kroshka/,,pending_wordstat_frequency
мраморная крошка 10 кг,122121384,topvisor_collect,mixed,/catalog/kroshka/,,pending_wordstat_frequency
мраморная крошка 10-20,,topvisor_existing,review,,,pending_wordstat_frequency
мраморная крошка 2 3,902296515,topvisor_collect,mixed,/product/mramornaya-kroshka-2-3/,,pending_wordstat_frequency
мраморная крошка 2 3 мм,,gsc,review,,gsc:6,pending_wordstat_frequency
мраморная крошка 2 5,55688991,topvisor_collect,mixed,/catalog/kroshka/,,pending_wordstat_frequency
мраморная крошка 2 5 мм,55688996,gsc|topvisor_collect,mixed,/catalog/kroshka/,gsc:3,pending_wordstat_frequency
мраморная крошка 2 мм,300576687,topvisor_collect,mixed,/catalog/kroshka/,,pending_wordstat_frequency
мраморная крошка 2-3 мм,,gsc,review,,gsc:2,pending_wordstat_frequency
мраморная крошка 20 40,93690190,topvisor_collect,mixed,/catalog/kroshka/,,pending_wordstat_frequency
мраморная крошка 20 40 купить,990961753,topvisor_collect,commercial,/catalog/kroshka/,,pending_wordstat_frequency
мраморная крошка 20 40 мм,157250267,topvisor_collect,mixed,/catalog/kroshka/,,pending_wordstat_frequency
мраморная крошка 20 40 мм белая,185778440,topvisor_collect,mixed,/catalog/kroshka/,,pending_wordstat_frequency
мраморная крошка 20 кг,954404249,topvisor_collect,mixed,/catalog/kroshka/,,pending_wordstat_frequency
мраморная крошка 20 мм,348354395,topvisor_collect,mixed,/catalog/kroshka/,,pending_wordstat_frequency
мраморная крошка 20-50,,topvisor_existing,review,,,pending_wordstat_frequency
мраморная крошка 25,1080379454,topvisor_collect,mixed,/catalog/kroshka/,,pending_wordstat_frequency
мраморная крошка 25 кг,122121378,topvisor_collect,mixed,/catalog/kroshka/,,pending_wordstat_frequency
мраморная крошка 25 кг купить,928436489,topvisor_collect,commercial,/catalog/kroshka/,,pending_wordstat_frequency
мраморная крошка 25кг,300576688,topvisor_collect,mixed,/catalog/kroshka/,,pending_wordstat_frequency
мраморная крошка 3 5,122121392,topvisor_collect,mixed,/catalog/kroshka/,,pending_wordstat_frequency
мраморная крошка 3 5 мм,157250264,gsc|topvisor_collect,mixed,/catalog/kroshka/,gsc:1,pending_wordstat_frequency
мраморная крошка 5 10,55688992,gsc|topvisor_collect,mixed,/product/mramornaya-kroshka-5-10/,gsc:1,pending_wordstat_frequency
мраморная крошка 5 10 купить,122121390,gsc|topvisor_collect,commercial,/product/mramornaya-kroshka-5-10/,gsc:1,pending_wordstat_frequency
мраморная крошка 5 10 мм,122121382,gsc|topvisor_collect,mixed,/product/mramornaya-kroshka-5-10/,gsc:8,pending_wordstat_frequency
мраморная крошка 5 10 мм купить,776990944,topvisor_collect,commercial,/product/mramornaya-kroshka-5-10/,,pending_wordstat_frequency
мраморная крошка 5 20,122121399,topvisor_collect,mixed,/catalog/kroshka/,,pending_wordstat_frequency
мраморная крошка 5 20 купить,1080379489,topvisor_collect,commercial,/catalog/kroshka/,,pending_wordstat_frequency
мраморная крошка 5 кг,1055544688,topvisor_collect,mixed,/catalog/kroshka/,,pending_wordstat_frequency
мраморная крошка 5 мм,344802494,topvisor_collect,mixed,/catalog/kroshka/,,pending_wordstat_frequency
мраморная крошка 5 мм купить,122121398,gsc|topvisor_collect,commercial,/catalog/kroshka/,gsc:1,pending_wordstat_frequency
мраморная крошка 5-10,,topvisor_existing,review,,,pending_wordstat_frequency
мраморная крошка абакан,215052647,topvisor_collect,mixed,/catalog/kroshka/,,pending_wordstat_frequency
мраморная крошка амк,954404403,topvisor_collect,mixed,/catalog/kroshka/,,pending_wordstat_frequency
мраморная крошка байрамикс,62744510,topvisor_collect,mixed,/catalog/kroshka/,,pending_wordstat_frequency
мраморная крошка барнаул,1080379459,topvisor_collect,mixed,/catalog/kroshka/,,pending_wordstat_frequency
мраморная крошка белая 10 кг,954404339,topvisor_collect,mixed,/catalog/kroshka/,,pending_wordstat_frequency
мраморная крошка белая 20 40,867631777,topvisor_collect,mixed,/catalog/kroshka/,,pending_wordstat_frequency
мраморная крошка белая 20 мм,1080379452,topvisor_collect,mixed,/catalog/kroshka/,,pending_wordstat_frequency
мраморная крошка белая 25 кг,982852318,topvisor_collect,mixed,/catalog/kroshka/,,pending_wordstat_frequency
мраморная крошка белая купить в москве,110591722,topvisor_collect,commercial,/catalog/kroshka/,,pending_wordstat_frequency
мраморная крошка белая фракция,1024588850,topvisor_collect,informational,/catalog/kroshka/,,pending_wordstat_frequency
мраморная крошка белая фракция 10 20,348367713,topvisor_collect,informational,/catalog/kroshka/,,pending_wordstat_frequency
мраморная крошка белая фракция 10 20 купить,1080379474,topvisor_collect,commercial,/catalog/kroshka/,,pending_wordstat_frequency
мраморная крошка белая фракция 10 20 мм,1053857644,topvisor_collect,informational,/catalog/kroshka/,,pending_wordstat_frequency
мраморная крошка белая фракция 5 10,,gsc,review,,gsc:6,pending_wordstat_frequency
мраморная крошка белая щебень,1080379271,topvisor_collect,mixed,/catalog/shcheben/,,pending_wordstat_frequency
мраморная крошка белая щебень 10 20мм 25кг,1080379320,topvisor_collect,mixed,/product/mramornyj-shheben-10-20/,,pending_wordstat_frequency
мраморная крошка белгород,185778443,topvisor_collect,geo,/catalog/kroshka/,,pending_wordstat_frequency
мраморная крошка биг бег,1058469565,topvisor_collect,commercial,/catalog/kroshka/,,pending_wordstat_frequency
мраморная крошка биг бэг,332433409,topvisor_collect,commercial,/catalog/kroshka/,,pending_wordstat_frequency
мраморная крошка брянск,348363696,topvisor_collect,mixed,/catalog/kroshka/,,pending_wordstat_frequency
мраморная крошка в в новгороде,215052651,topvisor_collect,geo,/catalog/kroshka/,,pending_wordstat_frequency
мраморная крошка в ведрах,298852394,topvisor_collect,mixed,/catalog/kroshka/,,pending_wordstat_frequency
мраморная крошка в горшках,1080379478,topvisor_collect,mixed,/catalog/kroshka/,,pending_wordstat_frequency
мраморная крошка в дизайне,954404406,topvisor_collect,mixed,/catalog/kroshka/,,pending_wordstat_frequency
мраморная крошка в екатеринбурге купить,,gsc,review,,gsc:4,pending_wordstat_frequency
мраморная крошка в костроме,1080379483,topvisor_collect,mixed,/catalog/kroshka/,,pending_wordstat_frequency
мраморная крошка в ландшафтном дизайне,1846383,gsc|topvisor_collect,mixed,/primenenie/landshaft/,gsc:18,pending_wordstat_frequency
мраморная крошка в ландшафтном дизайне фото,,gsc,review,,gsc:23,pending_wordstat_frequency
мраморная крошка в мешках,,gsc|topvisor_existing,review,,gsc:1,pending_wordstat_frequency
мраморная крошка в мешках 25 кг,1059726386,topvisor_collect,mixed,/catalog/kroshka/,,pending_wordstat_frequency
мраморная крошка в мешках красноярск,498210333,topvisor_collect,mixed,/catalog/kroshka/,,pending_wordstat_frequency
мраморная крошка в мешках купить цена,900358885,topvisor_collect,commercial,/catalog/kroshka/,,pending_wordstat_frequency
мраморная крошка в мешках москва,118497263,topvisor_collect,geo,/catalog/kroshka/,,pending_wordstat_frequency
мраморная крошка в мешках спб,122121369,topvisor_collect,geo,/catalog/kroshka/,,pending_wordstat_frequency
мраморная крошка в омске купить,47162856,topvisor_collect,commercial,/catalog/kroshka/,,pending_wordstat_frequency
мраморная крошка в туле,96010593,topvisor_collect,mixed,/catalog/kroshka/,,pending_wordstat_frequency
мраморная крошка в уфе,47162857,topvisor_collect,mixed,/catalog/kroshka/,,pending_wordstat_frequency
мраморная крошка владивосток,185778467,topvisor_collect,mixed,/catalog/kroshka/,,pending_wordstat_frequency
мраморная крошка владикавказ,185778468,topvisor_collect,mixed,/catalog/kroshka/,,pending_wordstat_frequency
мраморная крошка внутренняя отделка,935072317,topvisor_collect,mixed,/catalog/kroshka/,,pending_wordstat_frequency
мраморная крошка во владимире,1080379484,topvisor_collect,mixed,/catalog/kroshka/,,pending_wordstat_frequency
мраморная крошка во дворе,389096576,topvisor_collect,mixed,/catalog/kroshka/,,pending_wordstat_frequency
мраморная крошка вокруг дерева,,gsc,review,,gsc:7,pending_wordstat_frequency
мраморная крошка волгоград,40645537,topvisor_collect,mixed,/catalog/kroshka/,,pending_wordstat_frequency
мраморная крошка вологда,215052657,topvisor_collect,mixed,/catalog/kroshka/,,pending_wordstat_frequency
мраморная крошка воронеж,185778470,topvisor_collect,mixed,/catalog/kroshka/,,pending_wordstat_frequency
мраморная крошка галтованная,47162858,topvisor_collect,mixed,/catalog/kroshka/,,pending_wordstat_frequency
мраморная крошка голубая,95385097,topvisor_collect,mixed,/catalog/kroshka/,,pending_wordstat_frequency
мраморная крошка готовая,1080379468,topvisor_collect,mixed,/catalog/kroshka/,,pending_wordstat_frequency
мраморная крошка дешево,55688999,topvisor_collect,mixed,/catalog/kroshka/,,pending_wordstat_frequency
мраморная крошка для аквариума,46504254,topvisor_collect,mixed,/catalog/kroshka/,,pending_wordstat_frequency
мраморная крошка для бетона,,topvisor_existing,review,,,pending_wordstat_frequency
мраморная крошка для ванны,1080379467,topvisor_collect,mixed,/catalog/kroshka/,,pending_wordstat_frequency
мраморная крошка для внутренних работ,352841520,topvisor_collect,mixed,/catalog/kroshka/,,pending_wordstat_frequency
мраморная крошка для дачи,1080379480,topvisor_collect,mixed,/catalog/kroshka/,,pending_wordstat_frequency
мраморная крошка для дорожек,93690207,topvisor_collect,mixed,/catalog/kroshka/,,pending_wordstat_frequency
мраморная крошка для дорожек купить,345487626,topvisor_collect,commercial,/catalog/kroshka/,,pending_wordstat_frequency
мраморная крошка для дорожек купить цена,1058129034,topvisor_collect,commercial,/catalog/kroshka/,,pending_wordstat_frequency
мраморная крошка для дорожек на даче,773012739,topvisor_collect,mixed,/catalog/kroshka/,,pending_wordstat_frequency
мраморная крошка для дорожек цена,93690160,topvisor_collect,commercial,/catalog/kroshka/,,pending_wordstat_frequency
мраморная крошка для крыльца,1080379487,topvisor_collect,mixed,/catalog/kroshka/,,pending_wordstat_frequency
мраморная крошка для кухни,330682256,topvisor_collect,mixed,/catalog/kroshka/,,pending_wordstat_frequency
мраморная крошка для ландшафта,93690211,gsc|topvisor_collect,mixed,/primenenie/landshaft/,gsc:2,pending_wordstat_frequency
мраморная крошка для ландшафтного дизайна купить,,gsc,review,,gsc:1,pending_wordstat_frequency
мраморная крошка для наружных работ,954404411,topvisor_collect,mixed,/catalog/kroshka/,,pending_wordstat_frequency
мраморная крошка для отделки фасада,,topvisor_existing,review,,,pending_wordstat_frequency
мраморная крошка для пола декоративная штукатурка,1080379510,topvisor_collect,mixed,/primenenie/shtukaturka/,,pending_wordstat_frequency
мраморная крошка для сада,389096980,topvisor_collect,mixed,/primenenie/landshaft/,,pending_wordstat_frequency
мраморная крошка для сада купить,93690205,topvisor_collect,commercial,/primenenie/landshaft/,,pending_wordstat_frequency
мраморная крошка для стен,10660545,topvisor_collect,mixed,/catalog/kroshka/,,pending_wordstat_frequency
мраморная крошка для стен штукатурка,761547357,topvisor_collect,mixed,/primenenie/shtukaturka/,,pending_wordstat_frequency
мраморная крошка для ступеней,738933855,topvisor_collect,mixed,/catalog/kroshka/,,pending_wordstat_frequency
мраморная крошка для улицы,1080379476,topvisor_collect,mixed,/catalog/kroshka/,,pending_wordstat_frequency
мраморная крошка для фасада,10660539,topvisor_collect,mixed,/primenenie/shtukaturka/,,pending_wordstat_frequency
мраморная крошка для фасада купить,157250277,topvisor_collect,commercial,/primenenie/shtukaturka/,,pending_wordstat_frequency
мраморная крошка для цветов,93690153,topvisor_collect,mixed,/catalog/kroshka/,,pending_wordstat_frequency
мраморная крошка для цоколя,30277640,topvisor_collect,mixed,/primenenie/shtukaturka/,,pending_wordstat_frequency
мраморная крошка для штукатурки,1080379503,topvisor_collect,mixed,/primenenie/shtukaturka/,,pending_wordstat_frequency
мраморная крошка для штукатурки купить,1080379504,topvisor_collect,commercial,/primenenie/shtukaturka/,,pending_wordstat_frequency
мраморная крошка дом,426727711,topvisor_collect,mixed,/catalog/kroshka/,,pending_wordstat_frequency
мраморная крошка дорога,348354773,topvisor_collect,mixed,/primenenie/dorogi/,,pending_wordstat_frequency
мраморная крошка екатеринбург,446627,gsc|topvisor_collect,geo,/catalog/kroshka/,gsc:8,pending_wordstat_frequency
мраморная крошка и смола,348355004,topvisor_collect,mixed,/primenenie/lkm/,,pending_wordstat_frequency
мраморная крошка и щебень купить в екатеринбурге,,yandex_webmaster,review,,yandex:2,pending_wordstat_frequency
мраморная крошка иваново,185778476,topvisor_collect,mixed,/catalog/kroshka/,,pending_wordstat_frequency
мраморная крошка ижевск,185778477,topvisor_collect,mixed,/catalog/kroshka/,,pending_wordstat_frequency
мраморная крошка иркутск,47162859,topvisor_collect,mixed,/catalog/kroshka/,,pending_wordstat_frequency
мраморная крошка казань,22325369,topvisor_collect,mixed,/catalog/kroshka/,,pending_wordstat_frequency
мраморная крошка как использовать,348362036,topvisor_collect,informational,/catalog/kroshka/,,pending_wordstat_frequency
мраморная крошка калининград,437503772,topvisor_collect,mixed,/catalog/kroshka/,,pending_wordstat_frequency
мраморная крошка калуга,185778480,topvisor_collect,mixed,/catalog/kroshka/,,pending_wordstat_frequency
мраморная крошка каталог,982852343,topvisor_collect,mixed,/catalog/kroshka/,,pending_wordstat_frequency
мраморная крошка кемерово,952318338,topvisor_collect,mixed,/catalog/kroshka/,,pending_wordstat_frequency
мраморная крошка килограмм,1080379464,topvisor_collect,mixed,/catalog/kroshka/,,pending_wordstat_frequency
мраморная крошка киров,185778481,topvisor_collect,mixed,/catalog/kroshka/,,pending_wordstat_frequency
мраморная крошка красивая,348361551,topvisor_collect,mixed,/catalog/kroshka/,,pending_wordstat_frequency
мраморная крошка красная,1846386,topvisor_collect,mixed,/catalog/kroshka/,,pending_wordstat_frequency
мраморная крошка краснодаре,1080379460,topvisor_collect,geo,/catalog/kroshka/,,pending_wordstat_frequency
мраморная крошка краснодарский край,348368205,topvisor_collect,geo,/catalog/kroshka/,,pending_wordstat_frequency
мраморная крошка красноярск,185778483,topvisor_collect,mixed,/catalog/kroshka/,,pending_wordstat_frequency
мраморная крошка красноярск цена,554574767,topvisor_collect,commercial,/catalog/kroshka/,,pending_wordstat_frequency
мраморная крошка крупная,122121388,topvisor_collect,mixed,/catalog/kroshka/,,pending_wordstat_frequency
мраморная крошка крупная фракция,,gsc,review,,gsc:8,pending_wordstat_frequency
мраморная крошка куб,952403680,topvisor_collect,mixed,/catalog/kroshka/,,pending_wordstat_frequency
мраморная крошка купить,,topvisor_existing,review,,,pending_wordstat_frequency
мраморная крошка купить 10 кг,1080379486,topvisor_collect,commercial,/catalog/kroshka/,,pending_wordstat_frequency
мраморная крошка купить в барнауле в мешках,966576175,topvisor_collect,commercial,/catalog/kroshka/,,pending_wordstat_frequency
мраморная крошка купить в в новгороде,185778486,topvisor_collect,commercial,/catalog/kroshka/,,pending_wordstat_frequency
мраморная крошка купить в волгограде,40645538,topvisor_collect,commercial,/catalog/kroshka/,,pending_wordstat_frequency
мраморная крошка купить в воронеже,185778487,topvisor_collect,commercial,/catalog/kroshka/,,pending_wordstat_frequency
мраморная крошка купить в екатеринбурге в мешках,161739301,topvisor_collect,commercial,/catalog/kroshka/,,pending_wordstat_frequency
мраморная крошка купить в иркутске,345487719,topvisor_collect,commercial,/catalog/kroshka/,,pending_wordstat_frequency
мраморная крошка купить в казани,22325410,topvisor_collect,commercial,/catalog/kroshka/,,pending_wordstat_frequency
мраморная крошка купить в костроме,185778491,topvisor_collect,commercial,/catalog/kroshka/,,pending_wordstat_frequency
мраморная крошка купить в краснодаре,30277641,topvisor_collect,commercial,/catalog/kroshka/,,pending_wordstat_frequency
мраморная крошка купить в красноярске,26221403,topvisor_collect,commercial,/catalog/kroshka/,,pending_wordstat_frequency
мраморная крошка купить в красноярске в мешках,954404417,topvisor_collect,commercial,/catalog/kroshka/,,pending_wordstat_frequency
мраморная крошка купить в курске,185778492,topvisor_collect,commercial,/catalog/kroshka/,,pending_wordstat_frequency
мраморная крошка купить в липецке,185778494,topvisor_collect,commercial,/catalog/kroshka/,,pending_wordstat_frequency
мраморная крошка купить в мешках 25,1080379499,topvisor_collect,commercial,/catalog/kroshka/,,pending_wordstat_frequency
мраморная крошка купить в мешках 25 кг,966576128,topvisor_collect,commercial,/catalog/kroshka/,,pending_wordstat_frequency
мраморная крошка купить в москве,8789738,topvisor_collect,commercial,/catalog/kroshka/,,pending_wordstat_frequency
мраморная крошка купить в нижнем,215052667,topvisor_collect,commercial,/catalog/kroshka/,,pending_wordstat_frequency
мраморная крошка купить в нижнем новгороде,54807589,topvisor_collect,commercial,/catalog/kroshka/,,pending_wordstat_frequency
мраморная крошка купить в новосибирске,47162861,topvisor_collect,commercial,/catalog/kroshka/,,pending_wordstat_frequency
мраморная крошка купить в новосибирске в мешках,928903715,topvisor_collect,commercial,/catalog/kroshka/,,pending_wordstat_frequency
мраморная крошка купить в оренбурге,61348670,topvisor_collect,commercial,/catalog/kroshka/,,pending_wordstat_frequency
мраморная крошка купить в пензе,954404418,topvisor_collect,commercial,/catalog/kroshka/,,pending_wordstat_frequency
мраморная крошка купить в пятигорске,923431888,topvisor_collect,commercial,/catalog/kroshka/,,pending_wordstat_frequency
мраморная крошка купить в ростове на дону,185778498,topvisor_collect,commercial,/catalog/kroshka/,,pending_wordstat_frequency
мраморная крошка купить в самаре,185778499,topvisor_collect,commercial,/catalog/kroshka/,,pending_wordstat_frequency
мраморная крошка купить в смоленске,185778502,topvisor_collect,commercial,/primenenie/lkm/,,pending_wordstat_frequency
мраморная крошка купить в спб,14628907,topvisor_collect,commercial,/catalog/kroshka/,,pending_wordstat_frequency
мраморная крошка купить в ставрополе,185778504,topvisor_collect,commercial,/catalog/kroshka/,,pending_wordstat_frequency
мраморная крошка купить в тамбове,185778505,topvisor_collect,commercial,/catalog/kroshka/,,pending_wordstat_frequency
мраморная крошка купить в туле,96010594,topvisor_collect,commercial,/catalog/kroshka/,,pending_wordstat_frequency
мраморная крошка купить в тюмени,185778508,topvisor_collect,commercial,/catalog/kroshka/,,pending_wordstat_frequency
мраморная крошка купить в хабаровске,1080379498,topvisor_collect,commercial,/catalog/kroshka/,,pending_wordstat_frequency
мраморная крошка купить в челябинске,,gsc,review,,gsc:1,pending_wordstat_frequency
мраморная крошка купить во владимире,923431886,topvisor_collect,commercial,/catalog/kroshka/,,pending_wordstat_frequency
мраморная крошка купить екатеринбург,,gsc,review,,gsc:3,pending_wordstat_frequency
мраморная крошка купить мраморный дом,1046618769,topvisor_collect,commercial,/catalog/kroshka/,,pending_wordstat_frequency
мраморная крошка купить на озон,902296467,topvisor_collect,commercial,/catalog/kroshka/,,pending_wordstat_frequency
мраморная крошка купить недорого,156172172,topvisor_collect,commercial,/primenenie/dorogi/,,pending_wordstat_frequency
мраморная крошка купить оптом от производителя,,gsc,review,,gsc:33,pending_wordstat_frequency
мраморная крошка купить фракцией 5 10 мм,,gsc,review,,gsc:4,pending_wordstat_frequency
мраморная крошка курган,1080379496,topvisor_collect,mixed,/catalog/kroshka/,,pending_wordstat_frequency
мраморная крошка курск,31549880,topvisor_collect,mixed,/catalog/kroshka/,,pending_wordstat_frequency
мраморная крошка ландшафт,122121397,topvisor_collect,mixed,/primenenie/landshaft/,,pending_wordstat_frequency
мраморная крошка ландшафтный,1075929114,topvisor_collect,mixed,/primenenie/landshaft/,,pending_wordstat_frequency
мраморная крошка лемана,1046618750,topvisor_collect,mixed,/catalog/kroshka/,,pending_wordstat_frequency
мраморная крошка липецк,185778513,topvisor_collect,mixed,/catalog/kroshka/,,pending_wordstat_frequency
мраморная крошка м3,300576686,topvisor_collect,mixed,/catalog/kroshka/,,pending_wordstat_frequency
мраморная крошка магнитогорск,215052670,topvisor_collect,mixed,/catalog/kroshka/,,pending_wordstat_frequency
мраморная крошка махачкала,990761637,topvisor_collect,mixed,/catalog/kroshka/,,pending_wordstat_frequency
мраморная крошка мелкая купить,157250149,topvisor_collect,commercial,/catalog/kroshka/,,pending_wordstat_frequency
мраморная крошка мелкая фракция,112698529,topvisor_collect,informational,/catalog/kroshka/,,pending_wordstat_frequency
мраморная крошка мелкая фракция купить,234547709,topvisor_collect,commercial,/catalog/kroshka/,,pending_wordstat_frequency
мраморная крошка мелкой фракции,,gsc,review,,gsc:15,pending_wordstat_frequency
мраморная крошка минусы,974994675,topvisor_collect,mixed,/catalog/kroshka/,,pending_wordstat_frequency
мраморная крошка монтаж,1046618694,topvisor_collect,mixed,/catalog/kroshka/,,pending_wordstat_frequency
мраморная крошка москва,55060722,topvisor_collect,geo,/catalog/kroshka/,,pending_wordstat_frequency
мраморная крошка на клумбе,185778515,topvisor_collect,mixed,/primenenie/landshaft/,,pending_wordstat_frequency
мраморная крошка на участке,348358171,topvisor_collect,mixed,/catalog/kroshka/,,pending_wordstat_frequency
мраморная крошка на фасад дома,389096760,topvisor_collect,mixed,/primenenie/shtukaturka/,,pending_wordstat_frequency
мраморная крошка недорого,776990943,topvisor_collect,mixed,/primenenie/dorogi/,,pending_wordstat_frequency
мраморная крошка нижний новгород,4585463,topvisor_collect,geo,/catalog/kroshka/,,pending_wordstat_frequency
мраморная крошка новокузнецк,215052673,topvisor_collect,mixed,/catalog/kroshka/,,pending_wordstat_frequency
мраморная крошка новосибирск,38325208,topvisor_collect,geo,/catalog/kroshka/,,pending_wordstat_frequency
мраморная крошка объем,348364547,topvisor_collect,mixed,/catalog/kroshka/,,pending_wordstat_frequency
мраморная крошка омск,47162864,topvisor_collect,mixed,/catalog/kroshka/,,pending_wordstat_frequency
мраморная крошка оптом,,gsc|topvisor_existing,review,,gsc:66,pending_wordstat_frequency
мраморная крошка оптом от производителя,34666709,gsc|topvisor_collect,commercial,/catalog/kroshka/,gsc:10,pending_wordstat_frequency
мраморная крошка орел,877168148,topvisor_collect,mixed,/catalog/kroshka/,,pending_wordstat_frequency
мраморная крошка оренбург,61348667,topvisor_collect,mixed,/catalog/kroshka/,,pending_wordstat_frequency
мраморная крошка от производителя купить,151109985,topvisor_collect,commercial,/catalog/kroshka/,,pending_wordstat_frequency
мраморная крошка отзывы,30277642,topvisor_collect,mixed,/catalog/kroshka/,,pending_wordstat_frequency
мраморная крошка очистить,348367577,topvisor_collect,mixed,/catalog/kroshka/,,pending_wordstat_frequency
мраморная крошка пенза,75640860,topvisor_collect,mixed,/catalog/kroshka/,,pending_wordstat_frequency
мраморная крошка пермь,21090052,topvisor_collect,geo,/catalog/kroshka/,,pending_wordstat_frequency
мраморная крошка под кирпич,348356271,topvisor_collect,mixed,/catalog/kroshka/,,pending_wordstat_frequency
мраморная крошка пропорции,348359111,topvisor_collect,mixed,/catalog/kroshka/,,pending_wordstat_frequency
мраморная крошка противогололедная,344799443,topvisor_collect,mixed,/catalog/kroshka/,,pending_wordstat_frequency
мраморная крошка пятигорск,215052677,topvisor_collect,mixed,/catalog/kroshka/,,pending_wordstat_frequency
мраморная крошка работа,406933979,topvisor_collect,mixed,/catalog/kroshka/,,pending_wordstat_frequency
мраморная крошка расход,315740637,topvisor_collect,informational,/catalog/kroshka/,,pending_wordstat_frequency
мраморная крошка ростов на дону,650121832,topvisor_collect,mixed,/catalog/kroshka/,,pending_wordstat_frequency
мраморная крошка рязань,348364031,topvisor_collect,mixed,/catalog/kroshka/,,pending_wordstat_frequency
мраморная крошка самара,631763129,topvisor_collect,mixed,/catalog/kroshka/,,pending_wordstat_frequency
мраморная крошка саранск,150689600,topvisor_collect,mixed,/catalog/kroshka/,,pending_wordstat_frequency
мраморная крошка саратов,47162867,topvisor_collect,mixed,/catalog/kroshka/,,pending_wordstat_frequency
мраморная крошка своими руками,136542155,topvisor_collect,mixed,/catalog/kroshka/,,pending_wordstat_frequency
мраморная крошка серо белая,1080379495,topvisor_collect,mixed,/catalog/kroshka/,,pending_wordstat_frequency
мраморная крошка серо голубая,84122411,topvisor_collect,mixed,/catalog/kroshka/,,pending_wordstat_frequency
мраморная крошка симферополе,406936037,topvisor_collect,mixed,/catalog/kroshka/,,pending_wordstat_frequency
мраморная крошка сколько,991965716,topvisor_collect,informational,/catalog/kroshka/,,pending_wordstat_frequency
мраморная крошка смесь,954404355,topvisor_collect,mixed,/catalog/kroshka/,,pending_wordstat_frequency
мраморная крошка смоленск,215052678,topvisor_collect,mixed,/primenenie/lkm/,,pending_wordstat_frequency
мраморная крошка состав,215052679,topvisor_collect,mixed,/catalog/kroshka/,,pending_wordstat_frequency
мраморная крошка спб,14628906,topvisor_collect,geo,/catalog/kroshka/,,pending_wordstat_frequency
мраморная крошка ставрополь,37148983,topvisor_collect,mixed,/catalog/kroshka/,,pending_wordstat_frequency
мраморная крошка старый оскол,1080379500,topvisor_collect,mixed,/catalog/kroshka/,,pending_wordstat_frequency
мраморная крошка тамбов,215052683,topvisor_collect,mixed,/catalog/kroshka/,,pending_wordstat_frequency
мраморная крошка тверь,215052684,topvisor_collect,mixed,/catalog/kroshka/,,pending_wordstat_frequency
мраморная крошка томск,185778530,topvisor_collect,mixed,/catalog/kroshka/,,pending_wordstat_frequency
мраморная крошка тонна,157250278,topvisor_collect,commercial,/catalog/kroshka/,,pending_wordstat_frequency
мраморная крошка тюмень,23558905,topvisor_collect|yandex_webmaster,geo,/catalog/kroshka/,yandex:1,pending_wordstat_frequency
мраморная крошка ульяновск,631763130,topvisor_collect,mixed,/catalog/kroshka/,,pending_wordstat_frequency
мраморная крошка уссурийск,1080379492,topvisor_collect,mixed,/catalog/kroshka/,,pending_wordstat_frequency
мраморная крошка утеплитель,1080379477,topvisor_collect,mixed,/catalog/kroshka/,,pending_wordstat_frequency
мраморная крошка формула,,gsc,review,,gsc:29,pending_wordstat_frequency
мраморная крошка фото,49287202,topvisor_collect,mixed,/catalog/kroshka/,,pending_wordstat_frequency
мраморная крошка фото цена,55688990,topvisor_collect,commercial,/catalog/kroshka/,,pending_wordstat_frequency
мраморная крошка фракцией 10 20 мм,1055544682,topvisor_collect,informational,/catalog/kroshka/,,pending_wordstat_frequency
мраморная крошка фракцией 2 5 мм,1046618684,topvisor_collect,informational,/catalog/kroshka/,,pending_wordstat_frequency
мраморная крошка фракцией 5 10 мм,1058129173,gsc|topvisor_collect,informational,/product/mramornaya-kroshka-5-10/,gsc:4,pending_wordstat_frequency
мраморная крошка фракции 5 10,,gsc,review,,gsc:4,pending_wordstat_frequency
мраморная крошка фракция,,gsc,review,,gsc:2,pending_wordstat_frequency
мраморная крошка фракция 10 20,93690189,topvisor_collect,informational,/catalog/kroshka/,,pending_wordstat_frequency
мраморная крошка фракция 2 5 мм,,gsc,review,,gsc:2,pending_wordstat_frequency
мраморная крошка фракция 5 10,112698527,gsc|topvisor_collect,informational,/product/mramornaya-kroshka-5-10/,gsc:1,pending_wordstat_frequency
мраморная крошка хабаровск,185778532,topvisor_collect,mixed,/catalog/kroshka/,,pending_wordstat_frequency
мраморная крошка цвет белый,234547736,topvisor_collect,mixed,/catalog/kroshka/,,pending_wordstat_frequency
мраморная крошка цвета,68699471,topvisor_collect,mixed,/catalog/kroshka/,,pending_wordstat_frequency
мраморная крошка цена,,topvisor_existing,review,,,pending_wordstat_frequency
мраморная крошка челны,1080379494,topvisor_collect,mixed,/catalog/kroshka/,,pending_wordstat_frequency
мраморная крошка челябинск,147516413,topvisor_collect,geo,/catalog/kroshka/,,pending_wordstat_frequency
мраморная крошка шлифовка,348358393,topvisor_collect,mixed,/catalog/kroshka/,,pending_wordstat_frequency
мраморная крошка это что мрамор или щебень,1080379338,topvisor_collect,informational,/catalog/shcheben/,,pending_wordstat_frequency
мраморная крошка ярославль,185778535,topvisor_collect,mixed,/catalog/kroshka/,,pending_wordstat_frequency
мраморная мука,29773417,gsc|yandex_webmaster|topvisor_collect,mixed,/product/mramornaya-muka-0-0-2/,gsc:70|yandex:1,pending_wordstat_frequency
мраморная мука для чего используется,865144115,topvisor_collect|yandex_webmaster,informational,/product/mramornaya-muka-0-0-2/,yandex:1,pending_wordstat_frequency
мраморная мука из камня,1080379248,topvisor_collect,mixed,/product/mramornaya-muka-0-0-2/,,pending_wordstat_frequency
мраморная мука купить,,gsc|topvisor_existing,review,,gsc:16,pending_wordstat_frequency
мраморная мука купить в москве,,gsc,review,,gsc:1,pending_wordstat_frequency
мраморная мука микрокальцит,,gsc|topvisor_existing,review,,gsc:4,pending_wordstat_frequency
мраморная мука микрокальцит купить,645885459,gsc|topvisor_collect,commercial,/product/mikrokaltsit-5-200-mkm/,gsc:4,pending_wordstat_frequency
мраморная мука мк 100 в краснодаре,1080379250,topvisor_collect,geo,/product/mramornaya-muka-0-0-2/,,pending_wordstat_frequency
мраморная мука насыпная плотность,1080379245,topvisor_collect,informational,/product/mramornaya-muka-0-0-2/,,pending_wordstat_frequency
мраморная мука применение,,gsc,review,,gsc:60,pending_wordstat_frequency
мраморная мука применение в лкм,1080379261,topvisor_collect,informational,/primenenie/lkm/,,pending_wordstat_frequency
мраморная мука это,,gsc,review,,gsc:11,pending_wordstat_frequency
мраморная штукатурка крошка для улицы,1080379508,topvisor_collect,mixed,/primenenie/shtukaturka/,,pending_wordstat_frequency
мраморная щебень красноярск,1080379272,topvisor_collect,mixed,/catalog/shcheben/,,pending_wordstat_frequency
мраморные полы какой щебень или крошка используют,1080379375,topvisor_collect,informational,/catalog/shcheben/,,pending_wordstat_frequency
мраморный песок крошка,928436468,topvisor_collect,mixed,/catalog/kroshka/,,pending_wordstat_frequency
мраморный щебень,446734,gsc|topvisor_collect,mixed,/catalog/shcheben/,gsc:6,pending_wordstat_frequency
мраморный щебень 1 тонна,1056274547,topvisor_collect,commercial,/catalog/shcheben/,,pending_wordstat_frequency
мраморный щебень 10 20,112548339,gsc|topvisor_collect,mixed,/product/mramornyj-shheben-10-20/,gsc:4,pending_wordstat_frequency
мраморный щебень 10 20 купить,,gsc,review,,gsc:2,pending_wordstat_frequency
мраморный щебень 10 20 мм,208227756,topvisor_collect,mixed,/product/mramornyj-shheben-10-20/,,pending_wordstat_frequency
мраморный щебень 10 20 мм белый купить,158157454,gsc|topvisor_collect,commercial,/product/mramornyj-shheben-10-20/,gsc:2,pending_wordstat_frequency
мраморный щебень 10 20мм купить,1080379304,topvisor_collect,commercial,/product/mramornyj-shheben-10-20/,,pending_wordstat_frequency
мраморный щебень 10-20,,topvisor_existing,review,,,pending_wordstat_frequency
мраморный щебень 20 40,55689006,topvisor_collect,mixed,/product/mramornyj-shheben-20-50/,,pending_wordstat_frequency
мраморный щебень 20 40 мм,966577864,topvisor_collect,mixed,/product/mramornyj-shheben-20-50/,,pending_wordstat_frequency
мраморный щебень 20-40,,topvisor_existing,review,,,pending_wordstat_frequency
мраморный щебень 40 70,149002468,topvisor_collect,mixed,/catalog/shcheben/,,pending_wordstat_frequency
мраморный щебень 5 20,112547481,topvisor_collect,mixed,/product/mramornyj-shheben-10-20/,,pending_wordstat_frequency
мраморный щебень белый для цветников,1080379323,topvisor_collect,mixed,/primenenie/landshaft/,,pending_wordstat_frequency
мраморный щебень белый купить в республике башкортостан,1080379290,topvisor_collect,commercial,/catalog/shcheben/,,pending_wordstat_frequency
мраморный щебень белый купить в республике татарстан,1080379291,topvisor_collect,commercial,/catalog/shcheben/,,pending_wordstat_frequency
мраморный щебень березовский,1080379270,topvisor_collect,mixed,/catalog/shcheben/,,pending_wordstat_frequency
мраморный щебень в амурской области,1080379373,topvisor_collect,geo,/catalog/shcheben/,,pending_wordstat_frequency
мраморный щебень в биг бэгах,1080379349,topvisor_collect,commercial,/catalog/shcheben/,,pending_wordstat_frequency
мраморный щебень в воронеже купить,1080379362,topvisor_collect,commercial,/catalog/shcheben/,,pending_wordstat_frequency
мраморный щебень в мешках,,topvisor_existing,review,,,pending_wordstat_frequency
мраморный щебень вектор,1080379350,topvisor_collect,mixed,/catalog/shcheben/,,pending_wordstat_frequency
мраморный щебень декоративный купить в видном,1080379381,topvisor_collect,commercial,/catalog/shcheben/,,pending_wordstat_frequency
мраморный щебень для бетона,,topvisor_existing,review,,,pending_wordstat_frequency
мраморный щебень для дорожек,936587155,topvisor_collect,mixed,/catalog/shcheben/,,pending_wordstat_frequency
мраморный щебень для дорожек пласт,1080379372,topvisor_collect,mixed,/catalog/shcheben/,,pending_wordstat_frequency
мраморный щебень екатеринбург,,gsc,review,,gsc:3,pending_wordstat_frequency
мраморный щебень екатеринбург заявки на расчет юридическим лицам,,yandex_webmaster,review,,yandex:1,pending_wordstat_frequency
мраморный щебень изумрудный,1080379374,topvisor_collect,mixed,/catalog/shcheben/,,pending_wordstat_frequency
мраморный щебень иркутск,234862764,topvisor_collect,mixed,/catalog/shcheben/,,pending_wordstat_frequency
мраморный щебень использование,1080379333,topvisor_collect,mixed,/catalog/shcheben/,,pending_wordstat_frequency
мраморный щебень карьер,498210915,topvisor_collect,mixed,/catalog/shcheben/,,pending_wordstat_frequency
мраморный щебень карьеры,836430450,topvisor_collect,mixed,/catalog/shcheben/,,pending_wordstat_frequency
мраморный щебень коелга,728780352,topvisor_collect,mixed,/catalog/shcheben/,,pending_wordstat_frequency
мраморный щебень контакты заявки на расчет,,yandex_webmaster,review,,yandex:1,pending_wordstat_frequency
мраморный щебень красный,1080379316,topvisor_collect,mixed,/catalog/shcheben/,,pending_wordstat_frequency
мраморный щебень красный для бетона,1080379339,topvisor_collect,mixed,/catalog/shcheben/,,pending_wordstat_frequency
мраморный щебень крым,738934015,topvisor_collect,mixed,/catalog/shcheben/,,pending_wordstat_frequency
мраморный щебень купить,,topvisor_existing,review,,,pending_wordstat_frequency
мраморный щебень купить балабаново,1080379370,topvisor_collect,commercial,/catalog/shcheben/,,pending_wordstat_frequency
мраморный щебень купить в барнауле,1080379340,topvisor_collect,commercial,/catalog/shcheben/,,pending_wordstat_frequency
мраморный щебень купить в екатеринбурге,7484714,topvisor_collect|yandex_webmaster,commercial,/catalog/shcheben/,yandex:2,pending_wordstat_frequency
мраморный щебень купить в москве,35306726,topvisor_collect,commercial,/catalog/shcheben/,,pending_wordstat_frequency
мраморный щебень купить в нижнем новгороде,1080379296,topvisor_collect,commercial,/catalog/shcheben/,,pending_wordstat_frequency
мраморный щебень купить в новой усмани,1080379346,topvisor_collect,commercial,/catalog/shcheben/,,pending_wordstat_frequency
мраморный щебень купить в подольске,1080379310,topvisor_collect,commercial,/catalog/shcheben/,,pending_wordstat_frequency
мраморный щебень купить в самаре,722996994,topvisor_collect,commercial,/catalog/shcheben/,,pending_wordstat_frequency
мраморный щебень купить в спб,185779906,topvisor_collect,commercial,/catalog/shcheben/,,pending_wordstat_frequency
мраморный щебень купить в тамбове,1080379356,topvisor_collect,commercial,/catalog/shcheben/,,pending_wordstat_frequency
мраморный щебень купить в туле,796011863,topvisor_collect,commercial,/catalog/shcheben/,,pending_wordstat_frequency
мраморный щебень купить иваново,1080379336,topvisor_collect,commercial,/catalog/shcheben/,,pending_wordstat_frequency
мраморный щебень купить иваново в наличии,1080379376,topvisor_collect,commercial,/catalog/shcheben/,,pending_wordstat_frequency
мраморный щебень купить ярославль,1080379314,topvisor_collect,commercial,/catalog/shcheben/,,pending_wordstat_frequency
мраморный щебень на проспекте текстильщиков иваново,1080379377,topvisor_collect,mixed,/catalog/shcheben/,,pending_wordstat_frequency
мраморный щебень новосибирск,215052915,topvisor_collect,geo,/catalog/shcheben/,,pending_wordstat_frequency
мраморный щебень ногинский район,1080379378,topvisor_collect,mixed,/catalog/shcheben/,,pending_wordstat_frequency
мраморный щебень оптом,,gsc|topvisor_existing,review,,gsc:4,pending_wordstat_frequency
мраморный щебень полевской,161739316,topvisor_collect,mixed,/catalog/shcheben/,,pending_wordstat_frequency
мраморный щебень полевской купить,1080379299,topvisor_collect,commercial,/catalog/shcheben/,,pending_wordstat_frequency
мраморный щебень серо голубой,966577478,topvisor_collect,mixed,/catalog/shcheben/,,pending_wordstat_frequency
мраморный щебень фото,10108011,topvisor_collect,mixed,/catalog/shcheben/,,pending_wordstat_frequency
мраморный щебень фракции 5 10,,gsc,review,,gsc:3,pending_wordstat_frequency
мраморный щебень фучика 8,1080379367,topvisor_collect,mixed,/catalog/shcheben/,,pending_wordstat_frequency
мраморный щебень цветной купить,1080379298,topvisor_collect,commercial,/catalog/shcheben/,,pending_wordstat_frequency
мраморный щебень цена,,topvisor_existing,review,,,pending_wordstat_frequency
мраморный щебень цена за куб,234547766,topvisor_collect,commercial,/catalog/shcheben/,,pending_wordstat_frequency
мраморный щебень челябинск,10107557,topvisor_collect,geo,/catalog/shcheben/,,pending_wordstat_frequency
мраморный щебень шуя,1080379379,topvisor_collect,mixed,/catalog/shcheben/,,pending_wordstat_frequency
мука мраморная,,gsc,review,,gsc:7,pending_wordstat_frequency
мука мраморная хранение,1080379257,topvisor_collect,mixed,/product/mramornaya-muka-0-0-2/,,pending_wordstat_frequency
наливной пол с мраморной крошкой,1871296,topvisor_collect,mixed,/catalog/kroshka/,,pending_wordstat_frequency
нанесение мраморной крошки,8789751,topvisor_collect,mixed,/catalog/kroshka/,,pending_wordstat_frequency
нанести мраморную крошку,1080379456,topvisor_collect,mixed,/catalog/kroshka/,,pending_wordstat_frequency
наружная отделка мраморной крошкой,348356961,topvisor_collect,mixed,/catalog/kroshka/,,pending_wordstat_frequency
натуральная мраморная крошка,55688995,topvisor_collect,geo,/catalog/kroshka/,,pending_wordstat_frequency
нахабино московская область адрес мраморный щебень,1080379359,topvisor_collect,geo,/catalog/shcheben/,,pending_wordstat_frequency
нижний новгород щебень мраморный,1080379297,topvisor_collect,geo,/catalog/shcheben/,,pending_wordstat_frequency
облицовка мраморной крошкой,18650319,topvisor_collect,mixed,/catalog/kroshka/,,pending_wordstat_frequency
озон мраморная крошка,952403651,topvisor_collect,mixed,/catalog/kroshka/,,pending_wordstat_frequency
ооо микрокальцит,139025179,topvisor_collect,mixed,/product/mikrokaltsit-5-200-mkm/,,pending_wordstat_frequency
ооо микрокальцит магнитогорск официальный сайт,1080379443,topvisor_collect,mixed,/product/mikrokaltsit-5-200-mkm/,,pending_wordstat_frequency
основе мраморной крошки,313316766,topvisor_collect,mixed,/catalog/kroshka/,,pending_wordstat_frequency
отделка дома мраморной крошкой,9994299,topvisor_collect,mixed,/catalog/kroshka/,,pending_wordstat_frequency
отделка мраморной крошкой,36985692,topvisor_collect,mixed,/catalog/kroshka/,,pending_wordstat_frequency
отделка фасада мраморной крошкой,4511820,topvisor_collect,mixed,/primenenie/shtukaturka/,,pending_wordstat_frequency
отделка цоколя мраморной крошкой,69305522,topvisor_collect,mixed,/primenenie/shtukaturka/,,pending_wordstat_frequency
отличие мраморная мука от мраморной крошки,1080379256,topvisor_collect,informational,/product/mramornaya-muka-0-0-2/,,pending_wordstat_frequency
отсыпка мраморная крошка,1080379469,topvisor_collect,mixed,/primenenie/dorogi/,,pending_wordstat_frequency
отсыпка мраморной крошкой,,gsc,review,,gsc:1,pending_wordstat_frequency
оформление мраморной крошкой,313828028,topvisor_collect,mixed,/catalog/kroshka/,,pending_wordstat_frequency
панели из мраморной крошки,147517828,topvisor_collect,mixed,/catalog/kroshka/,,pending_wordstat_frequency
пермь производство дробления мраморного щебня,1080379330,topvisor_collect,geo,/catalog/shcheben/,,pending_wordstat_frequency
пленка мраморная крошка,95904658,topvisor_collect,mixed,/catalog/kroshka/,,pending_wordstat_frequency
плиты из мраморной крошки,2078601,topvisor_collect,mixed,/catalog/kroshka/,,pending_wordstat_frequency
плотность мраморного щебня,1080379319,topvisor_collect,informational,/catalog/shcheben/,,pending_wordstat_frequency
плотность мраморной крошки,29831207,gsc|topvisor_collect,informational,/catalog/kroshka/,gsc:3,pending_wordstat_frequency
под мраморную крошку,102699917,topvisor_collect,mixed,/catalog/kroshka/,,pending_wordstat_frequency
покрытие из мраморной крошки,348354092,topvisor_collect,mixed,/catalog/kroshka/,,pending_wordstat_frequency
пол из мраморной крошки,2108571,topvisor_collect,mixed,/catalog/kroshka/,,pending_wordstat_frequency
польза мраморной муки для земли,,yandex_webmaster,review,,yandex:2,pending_wordstat_frequency
поставщик мраморной крошки,,topvisor_existing,review,,,pending_wordstat_frequency
применение микрокальцитов,1080379397,topvisor_collect,informational,/product/mikrokaltsit-5-200-mkm/,,pending_wordstat_frequency
применение мраморной муки в сельском хозяйстве,,yandex_webmaster,review,,yandex:2,pending_wordstat_frequency
применение мраморной муки для почвы.,,yandex_webmaster,review,,yandex:1,pending_wordstat_frequency
применений мраморной крошки,1080379479,topvisor_collect,informational,/catalog/kroshka/,,pending_wordstat_frequency
про мраморная крошка,1080379462,topvisor_collect,mixed,/catalog/kroshka/,,pending_wordstat_frequency
продажа мраморной крошки,570403,topvisor_collect,mixed,/catalog/kroshka/,,pending_wordstat_frequency
продам мраморную крошку,55060746,topvisor_collect,commercial,/catalog/kroshka/,,pending_wordstat_frequency
производители микрокальцита,30271450,topvisor_collect,commercial,/product/mikrokaltsit-5-200-mkm/,,pending_wordstat_frequency
производители мраморной крошки,30271454,topvisor_collect,commercial,/catalog/kroshka/,,pending_wordstat_frequency
производители мраморной крошки в рф,,yandex_webmaster,review,,yandex:1,pending_wordstat_frequency
производитель мраморного щебня,,topvisor_existing,review,,,pending_wordstat_frequency
производитель мраморной крошки челябинск,,yandex_webmaster,review,,yandex:1,pending_wordstat_frequency
производство микрокальцитов,115906149,topvisor_collect,mixed,/product/mikrokaltsit-5-200-mkm/,,pending_wordstat_frequency
производство мраморного песка челябинск,,yandex_webmaster,review,,yandex:2,pending_wordstat_frequency
производство мраморной крошки,8789749,gsc|topvisor_collect,mixed,/catalog/kroshka/,gsc:1,pending_wordstat_frequency
производство мраморный песок в челябинске,,yandex_webmaster,review,,yandex:1,pending_wordstat_frequency
пропорции мраморной муки в соотношении к шпатлевки,1080379263,topvisor_collect,mixed,/product/mramornaya-muka-0-0-2/,,pending_wordstat_frequency
проспект текстильщиков 125 мраморный щебень,1080379380,topvisor_collect,mixed,/catalog/shcheben/,,pending_wordstat_frequency
работа штукатурка мраморная крошка,33032296,topvisor_collect,mixed,/primenenie/shtukaturka/,,pending_wordstat_frequency
размер мраморной крошки,1080379457,topvisor_collect,mixed,/catalog/kroshka/,,pending_wordstat_frequency
рассчитать мраморную крошку,1046618780,topvisor_collect,mixed,/catalog/kroshka/,,pending_wordstat_frequency
расход мраморной крошки на 1м2,192604368,topvisor_collect,informational,/catalog/kroshka/,,pending_wordstat_frequency
расценка мраморная крошка,954404363,topvisor_collect,mixed,/catalog/kroshka/,,pending_wordstat_frequency
реагенты крошка мраморная,277594233,topvisor_collect,mixed,/catalog/kroshka/,,pending_wordstat_frequency
ремонт мраморной крошки,348357834,topvisor_collect,mixed,/catalog/kroshka/,,pending_wordstat_frequency
садовая мраморная крошка,406934875,topvisor_collect,mixed,/primenenie/landshaft/,,pending_wordstat_frequency
сетка мраморная крошка,774715413,topvisor_collect,mixed,/catalog/kroshka/,,pending_wordstat_frequency
сколько весит мраморная крошка,348360741,topvisor_collect,informational,/catalog/kroshka/,,pending_wordstat_frequency
сколько мраморной крошки в ведре,1080379490,topvisor_collect,informational,/catalog/kroshka/,,pending_wordstat_frequency
сколько мраморной крошки нужно на 1,1080379491,topvisor_collect,informational,/catalog/kroshka/,,pending_wordstat_frequency
сколько надо мраморной крошки на цветник,938409759,topvisor_collect,informational,/primenenie/landshaft/,,pending_wordstat_frequency
сколько нужно мраморной крошки,954404246,topvisor_collect,informational,/catalog/kroshka/,,pending_wordstat_frequency
сколько стоит мраморная крошка,7520567,topvisor_collect,informational,/catalog/kroshka/,,pending_wordstat_frequency
сколько стоит мраморная крошка цена,348343845,topvisor_collect,commercial,/catalog/kroshka/,,pending_wordstat_frequency
сколько стоит мраморный щебень,234547767,topvisor_collect,informational,/catalog/shcheben/,,pending_wordstat_frequency
стоимость мраморной крошки,7520566,topvisor_collect,commercial,/catalog/kroshka/,,pending_wordstat_frequency
сухая штукатурка с крошкой мраморной для цоколя,1080379505,topvisor_collect,mixed,/primenenie/shtukaturka/,,pending_wordstat_frequency
термопанели мраморная крошка купить,151041611,topvisor_collect,commercial,/catalog/kroshka/,,pending_wordstat_frequency
термопанели с мраморной крошкой,66333078,topvisor_collect,mixed,/catalog/kroshka/,,pending_wordstat_frequency
термопанели с мраморной крошкой для наружной,1080379470,topvisor_collect,mixed,/catalog/kroshka/,,pending_wordstat_frequency
термопанели с мраморной крошкой для наружной отделки,955292982,topvisor_collect,mixed,/catalog/kroshka/,,pending_wordstat_frequency
технология мраморной крошки,314490273,topvisor_collect,mixed,/catalog/kroshka/,,pending_wordstat_frequency
укладка мраморной крошки,8789745,topvisor_collect,mixed,/catalog/kroshka/,,pending_wordstat_frequency
фактурная с мраморной крошкой,1055544675,topvisor_collect,mixed,/catalog/kroshka/,,pending_wordstat_frequency
фасадная краска с мраморной крошкой,29305580,topvisor_collect,mixed,/primenenie/lkm/,,pending_wordstat_frequency
фасадная мраморная крошка,30277643,topvisor_collect,mixed,/primenenie/shtukaturka/,,pending_wordstat_frequency
фасадные термопанели с мраморной крошкой,73616233,topvisor_collect,mixed,/primenenie/shtukaturka/,,pending_wordstat_frequency
фигурки из мраморной крошки,90282291,topvisor_collect,mixed,/catalog/kroshka/,,pending_wordstat_frequency
фракции мраморного щебня,1036153811,topvisor_collect,informational,/catalog/shcheben/,,pending_wordstat_frequency
фракции мраморной крошки,112698526,topvisor_collect,informational,/catalog/kroshka/,,pending_wordstat_frequency
фракция мраморной крошки,,gsc,review,,gsc:1,pending_wordstat_frequency
цветная мраморная крошка,2693147,topvisor_collect,mixed,/catalog/kroshka/,,pending_wordstat_frequency
цветная мраморная крошка для ландшафтного дизайна,,gsc,review,,gsc:3,pending_wordstat_frequency
цветник из мраморной крошки,77458896,topvisor_collect,mixed,/primenenie/landshaft/,,pending_wordstat_frequency
цветной мраморный щебень,10107827,topvisor_collect,mixed,/catalog/shcheben/,,pending_wordstat_frequency
цемент с мраморной крошкой,406934161,topvisor_collect,mixed,/catalog/kroshka/,,pending_wordstat_frequency
цементная смесь с мраморной крошкой,1080379475,topvisor_collect,mixed,/catalog/kroshka/,,pending_wordstat_frequency
цена мраморной крошки в мешках,131949079,topvisor_collect,commercial,/catalog/kroshka/,,pending_wordstat_frequency
цена мраморной крошки кг,1046618767,topvisor_collect,commercial,/catalog/kroshka/,,pending_wordstat_frequency
чем отличается щебень от мраморной крошки,1080379318,topvisor_collect,informational,/catalog/shcheben/,,pending_wordstat_frequency
чем отмыть мраморную крошку,348365889,topvisor_collect,mixed,/catalog/kroshka/,,pending_wordstat_frequency
шлифованная мраморная крошка,93690203,topvisor_collect,mixed,/catalog/kroshka/,,pending_wordstat_frequency
штукатурка акриловая мраморная крошка,65080911,topvisor_collect,mixed,/primenenie/shtukaturka/,,pending_wordstat_frequency
штукатурка для стен дома из мраморной крошки,1080379509,topvisor_collect,mixed,/primenenie/shtukaturka/,,pending_wordstat_frequency
штукатурка из мраморной крошки для наружных работ,164168647,topvisor_collect,mixed,/primenenie/shtukaturka/,,pending_wordstat_frequency
штукатурка мраморная крошка,2756904,topvisor_collect,mixed,/primenenie/shtukaturka/,,pending_wordstat_frequency
штукатурка мраморная крошка для внутренней отделки,348348361,topvisor_collect,mixed,/primenenie/shtukaturka/,,pending_wordstat_frequency
штукатурка мраморная крошка для внутренней отделки купить,1080379507,topvisor_collect,commercial,/primenenie/shtukaturka/,,pending_wordstat_frequency
штукатурка мраморная крошка для ступеней крыльца,1080379511,topvisor_collect,mixed,/primenenie/shtukaturka/,,pending_wordstat_frequency
штукатурка мраморная крошка для фасада купить,383534154,topvisor_collect,commercial,/primenenie/shtukaturka/,,pending_wordstat_frequency
штукатурка на основе мраморной крошки,7113588,topvisor_collect,mixed,/primenenie/shtukaturka/,,pending_wordstat_frequency
штукатурка с мраморной крошкой для внутренних работ,434106930,topvisor_collect,mixed,/primenenie/shtukaturka/,,pending_wordstat_frequency
штукатурка с мраморной крошкой для фасада,726123626,topvisor_collect,mixed,/primenenie/shtukaturka/,,pending_wordstat_frequency
штукатурка с мраморной крошкой для цоколя,164171207,topvisor_collect,mixed,/primenenie/shtukaturka/,,pending_wordstat_frequency
щебень белый мраморный декоративный,1080379327,topvisor_collect,mixed,/catalog/shcheben/,,pending_wordstat_frequency
щебень декоративный мраморный купить,952607291,topvisor_collect,commercial,/catalog/shcheben/,,pending_wordstat_frequency
щебень декоративный мраморный хабаровск,1080379368,topvisor_collect,mixed,/catalog/shcheben/,,pending_wordstat_frequency
щебень мраморная крошка курск,1080379335,topvisor_collect,mixed,/catalog/shcheben/,,pending_wordstat_frequency
щебень мраморная крошка курск стройгигант,1080379371,topvisor_collect,mixed,/catalog/shcheben/,,pending_wordstat_frequency
щебень мраморно белый 10 20 мм,1080379266,topvisor_collect,mixed,/product/mramornyj-shheben-10-20/,,pending_wordstat_frequency
щебень мраморный 5 10,828701559,topvisor_collect,mixed,/catalog/shcheben/,,pending_wordstat_frequency
щебень мраморный 5 10 мм,1068297352,topvisor_collect,mixed,/catalog/shcheben/,,pending_wordstat_frequency
щебень мраморный 5 20 фото,1080379353,topvisor_collect,mixed,/product/mramornyj-shheben-10-20/,,pending_wordstat_frequency
щебень мраморный 5х10,1080379366,topvisor_collect,mixed,/catalog/shcheben/,,pending_wordstat_frequency
щебень мраморный белгород купить,1080379312,topvisor_collect,commercial,/catalog/shcheben/,,pending_wordstat_frequency
щебень мраморный белый 20 40,918382187,topvisor_collect,mixed,/product/mramornyj-shheben-20-50/,,pending_wordstat_frequency
щебень мраморный белый 5 10,1080379364,topvisor_collect,mixed,/catalog/shcheben/,,pending_wordstat_frequency
щебень мраморный белый в мешках,34275842,topvisor_collect,mixed,/catalog/shcheben/,,pending_wordstat_frequency
щебень мраморный белый купить,23271683,topvisor_collect,commercial,/catalog/shcheben/,,pending_wordstat_frequency
щебень мраморный белый купить в красноярске,1080379324,topvisor_collect,commercial,/catalog/shcheben/,,pending_wordstat_frequency
щебень мраморный белый купить в липецке,741862414,topvisor_collect,commercial,/catalog/shcheben/,,pending_wordstat_frequency
щебень мраморный белый купить в москве,34275906,topvisor_collect,commercial,/catalog/shcheben/,,pending_wordstat_frequency
щебень мраморный белый купить в нижнем новгороде,34275975,topvisor_collect,commercial,/catalog/shcheben/,,pending_wordstat_frequency
щебень мраморный белый купить в туле,1080379303,topvisor_collect,commercial,/catalog/shcheben/,,pending_wordstat_frequency
щебень мраморный белый купить в туле скуратово,1080379331,topvisor_collect,commercial,/catalog/shcheben/,,pending_wordstat_frequency
щебень мраморный белый купить екатеринбург,34274714,topvisor_collect,commercial,/catalog/shcheben/,,pending_wordstat_frequency
щебень мраморный белый фото,1080379342,topvisor_collect,mixed,/catalog/shcheben/,,pending_wordstat_frequency
щебень мраморный белый фракция,1080379265,topvisor_collect,informational,/catalog/shcheben/,,pending_wordstat_frequency
щебень мраморный белый фракция 05 1мм,1080379354,topvisor_collect,informational,/catalog/shcheben/,,pending_wordstat_frequency
щебень мраморный белый фракция 10 20мм,955858549,topvisor_collect,informational,/product/mramornyj-shheben-10-20/,,pending_wordstat_frequency
щебень мраморный белый фракция купить,1036153812,topvisor_collect,commercial,/catalog/shcheben/,,pending_wordstat_frequency
щебень мраморный галтованный,955858550,topvisor_collect,mixed,/catalog/shcheben/,,pending_wordstat_frequency
щебень мраморный галтованный белый,608823505,topvisor_collect,mixed,/catalog/shcheben/,,pending_wordstat_frequency
щебень мраморный галтованный белый купить,1016807191,topvisor_collect,commercial,/catalog/shcheben/,,pending_wordstat_frequency
щебень мраморный екатеринбург,10107627,topvisor_collect,geo,/catalog/shcheben/,,pending_wordstat_frequency
щебень мраморный карьер в екатеринбурге,,yandex_webmaster,review,,yandex:1,pending_wordstat_frequency
щебень мраморный купить в йошкар оле,1080379351,topvisor_collect,commercial,/catalog/shcheben/,,pending_wordstat_frequency
щебень мраморный купить купить в одинцово,1080379341,topvisor_collect,commercial,/catalog/shcheben/,,pending_wordstat_frequency
щебень мраморный купить новокузнецк,1080379337,topvisor_collect,commercial,/catalog/shcheben/,,pending_wordstat_frequency
щебень мраморный купить цена,1070393466,topvisor_collect,commercial,/catalog/shcheben/,,pending_wordstat_frequency
щебень мраморный пенза,1080379306,topvisor_collect,mixed,/catalog/shcheben/,,pending_wordstat_frequency
щебень мраморный симферополь,521047722,topvisor_collect,mixed,/catalog/shcheben/,,pending_wordstat_frequency
щебень мраморный фракция 5 20,1080379300,topvisor_collect,informational,/product/mramornyj-shheben-10-20/,,pending_wordstat_frequency
щебень мраморный ярославль,1080379301,topvisor_collect,mixed,/catalog/shcheben/,,pending_wordstat_frequency
щебень с мраморной крошкой,1080379313,topvisor_collect,mixed,/catalog/shcheben/,,pending_wordstat_frequency
эверест микрокальцит,1080379395,topvisor_collect,mixed,/product/mikrokaltsit-5-200-mkm/,,pending_wordstat_frequency
эпоксидная мраморная крошка,1046618680,topvisor_collect,mixed,/catalog/kroshka/,,pending_wordstat_frequency
эпоксидная смола с мраморной крошкой,521234190,topvisor_collect,mixed,/primenenie/lkm/,,pending_wordstat_frequency
эпоксидная смола с мраморной мукой,1080379246,topvisor_collect,mixed,/primenenie/lkm/,,pending_wordstat_frequency
эпоксидный пол с мраморной крошкой,984860692,topvisor_collect,mixed,/catalog/kroshka/,,pending_wordstat_frequency
