query,volume_broad,volume_exact
микрокальцит 5-200 мкм купить оптом,0,0
микрокальцит для лкм и пластиков,0,0
микрокальцит купить оптом,46,19
мраморная крошка 0-1 мм купить оптом,0,0
мраморная крошка 0-5 мм купить оптом,0,0
"мраморная крошка 0,2-0,5 мм купить оптом",0,0
мраморная крошка 0.5-1.0 мм купить оптом,0,0
мраморная крошка 1.0-1.5 мм купить оптом,0,0
мраморная крошка 1.5-2.0 мм купить оптом,0,0
мраморная крошка 2-3 мм купить оптом,0,0
мраморная крошка 5-10 мм купить оптом,0,0
мраморная крошка для декоративной штукатурки,123,1
мраморная крошка для ландшафтного дизайна,230,30
мраморная крошка купить оптом,229,13
мраморная крошка цена за тонну,40,10
мраморная мука 0-0.2 мм купить оптом,0,0
мраморная мука для сельского хозяйства,0,0
мраморная мука купить оптом,0,0
мраморный щебень 10-20 мм купить оптом,0,0
мраморный щебень 20-50 мм купить оптом,0,0
мраморный щебень 50-200 мм купить оптом,0,0
мраморный щебень для дорог,0,0
мраморный щебень купить оптом,10,0
мраморный щебень цена за тонну,13,0
1 тонна мраморной крошки,101,0
акрил мраморная крошка для внутренней отделки,263,1
акриловая краска с микрокальцитом,7,5
акриловая мраморная крошка для стен,153,37
акрилово мраморная крошка купить,93,19
акрилом мраморная крошка,293,38
белая мраморная крошка в ландшафтном дизайне,29,8
белая мраморная крошка в мешках,414,8
белая мраморная крошка в мешках цена,128,8
белая мраморная крошка купить,2143,25
белая мраморная крошка цена,267,2
белый мраморный щебень,1654,19
белый мраморный щебень купить в астраханской области,14,14
белый мраморный щебень купить в волгограде,23,23
белый мраморный щебень купить в вышнем волочке,30,30
белый мраморный щебень купить в вязьмах,5,5
белый мраморный щебень купить в городе челябинск,9,9
белый мраморный щебень купить в дзержинске,29,29
белый мраморный щебень купить в казахстане,20,20
белый мраморный щебень купить в кировской области,32,32
белый мраморный щебень купить в костромской области,53,53
белый мраморный щебень купить в курской области,29,29
белый мраморный щебень купить в липецкой области,25,25
белый мраморный щебень купить в московском регионе,17,17
белый мраморный щебень купить в подольске,20,20
белый мраморный щебень купить в саранске,22,22
белый мраморный щебень купить в саратовской области,15,15
белый мраморный щебень купить в сочи,29,29
белый мраморный щебень купить в ставропольском крае,27,27
белый мраморный щебень купить в тульской области,23,23
белый мраморный щебень купить в тюменской области,16,16
белый мраморный щебень купить во владивостоке,20,20
белый мраморный щебень купить во владимирской области,29,29
белый мраморный щебень цена,31,0
бетон с мраморной крошкой,425,42
бетонная мраморная крошка,417,0
бетонный пол с мраморной крошкой,84,5
благоустройство мраморной крошкой,75,1
брусчатка с мраморной крошкой,90,13
брянск мраморный щебень купить,3,0
ванная мраморная крошка,182,1
вес мраморного щебня,28,3
вес мраморной крошки,297,3
видео мраморной крошки,337,0
виды мраморной крошки,115,16
вологда купить щебень мраморный,37,27
все инструменты интернет магазин щебень мраморный,8,5
галтованная мраморная крошка купить,110,1
галтованный мраморный щебень,144,5
галтованный мраморный щебень купить,28,6
где в твери найти мраморный щебень,13,13
где используется микрокальцит,14,7
где купить мраморную крошку,1545,90
где купить мраморную крошку белую,143,0
где купить мраморный щебень,70,3
где купить мраморный щебень в туле,19,13
где можно купить мраморную крошку,431,9
где продается мраморный щебень,5,5
геотекстиль под мраморную крошку,73,11
гибкая мраморная крошка,164,0
голубой мраморный щебень,15,0
грунт мраморная крошка,190,3
грунтовка с мраморной крошкой,73,20
декор мраморной крошкой,143,2
декоративная мраморная крошка,1352,21
декоративная с мраморной крошкой штукатурка для ванной,11,6
декоративная штукатурка мраморная крошка,527,41
декоративный камень мраморная крошка,107,7
декоративный мраморный щебень,107,2
для чего используют мраморную крошку,10,1
доставка мраморной крошки,116,4
жидкая мраморная крошка,151,9
завод мраморной крошки,26,1
завод мраморной крошки челябинск,0,0
завод по производству мраморной крошки в челябинской области,0,0
заказать мраморную крошку,140,8
заливка мраморной крошкой,247,0
засыпка мраморной крошкой,85,8
изготовление мраморной крошки,169,0
изделия из мраморной крошки,91,14
искусственная мраморная крошка,105,5
как выглядит мраморная крошка,150,9
как засыпать мраморной крошкой,121,0
как называется мраморная крошка,92,1
как отличить маршалит от микрокальцита,5,5
как перемешать микрокальцит со смолой большого объема,6,6
как правильно засыпать мраморную крошку,70,3
как правильно уложить мраморную крошку,75,6
как работает удобрение мраморная мука,1,1
как сделать мраморную крошку,458,2
как укладывать мраморную крошку,281,14
какая мраморная крошка хорошая,290,0
кальций карбонат,67170,680
каменная мраморная крошка,195,2
карбонат кальция,67170,6597
карбонат кальция что это,1842,341
карьер мраморная крошка,60,0
карьер мраморного белого щебня свердловская область,3,3
карьер мраморного щебня екатеринбург,0,0
карьер мраморной крошки в екатеринбурге,0,0
карьер производства мраморной крошки в челябинске,0,0
карьеры белого мрамора екатеринбург,1,0
кашпо из мраморной крошки,134,25
кварцевая мраморная крошка,162,1
кирпич из мраморной крошки,137,8
клей для мраморной крошки,349,40
клей для мраморной крошки для наружных работ,64,9
клумба с мраморной крошкой,174,11
ковер из мраморной крошки,59,2
коллоидный микрокальцит,245,79
коллоидный микрокальцит купить,49,31
краска легко с мраморной крошкой,74,6
краска микрокальцит,62,0
краска с мраморной крошкой,867,42
краска с мраморной крошкой для стен,84,34
краска структурная с мраморной крошкой,78,5
краска фактурная с мраморной крошкой,237,7
крошка мраморная 1 мм,276,0
крошка мраморная 10 20мм,88,5
крошка мраморная белая,4849,44
крошка мраморная белая 10 20 мм,375,30
крошка мраморная белая 5 10,159,0
крошка мраморная белая галтованная,150,0
крошка мраморная белая купить в спб,71,16
крошка мраморная белая оптом,34,0
крошка мраморная белый 5 10 мм,104,0
крошка мраморная кубы,225,0
крошка мраморная паспорт качества,4,2
крошка мраморная ростов,325,0
крошка мраморная фракция 2 5,152,0
крошка мраморная фракция 2.5,13,0
крошка мраморная фракция 20,601,0
крошка мраморная фракция 20 40,98,0
купить белую мраморную крошку в мешках,278,25
купить белый мраморный щебень в мешках,31,5
купить белый мраморный щебень краснодарский край,6,6
купить белый мраморный щебень московская область,22,19
купить галтованную мраморную крошку,110,2
купить декоративную мраморная крошка,177,5
купить клей для мраморной крошки,60,6
купить микрокальцит 40 мкм,18,10
купить микрокальцит 40 мкм в ставрополе,7,7
купить микрокальцит оптом,46,1
купить мраморную крошку 0.2 фракция,2,0
купить мраморную крошку 10 20,503,0
купить мраморную крошку в барнауле,188,43
купить мраморную крошку в белгороде,136,28
купить мраморную крошку в екатеринбурге,182,9
купить мраморную крошку в екатеринбурге в мешках,87,4
купить мраморную крошку в мешках,2156,87
купить мраморную крошку в мешках в екатеринбурге,87,0
купить мраморную крошку в мешках в москве,210,47
купить мраморную крошку в мешках екатеринбурге,87,0
купить мраморную крошку в мешках спб,129,1
купить мраморную крошку в московской области,73,0
купить мраморную крошку в перми,84,17
купить мраморную крошку в саратове,137,44
купить мраморную крошку в уфе,160,37
купить мраморную крошку в челябинске,173,19
купить мраморную крошку в ярославле,192,46
купить мраморную крошку для ландшафтного,163,0
купить мраморную крошку для ландшафтного дизайна,163,52
купить мраморную крошку оптом,229,11
купить мраморную крошку оптом от производителя,103,23
купить мраморную крошку ростов,210,0
купить мраморную крошку тонну,119,0
купить мраморную крошку фракции 0.2,2,0
купить мраморную муку,134,23
купить мраморную муку в туле,10,10
купить мраморную муку домодедово,0,0
купить мраморную муку мк 100,7,7
купить мраморный щебень в красноярске,29,0
купить мраморный щебень в мешках,98,20
купить мраморный щебень в мешках в спб,5,5
купить мраморный щебень в новосибирске,21,0
купить мраморный щебень в сочи,32,3
купить мраморный щебень оптом,10,3
купить симферополь щебень мраморный,7,0
купить фракцию мраморной крошки,474,0
купить цветную мраморную крошку,127,12
купить штукатурку мраморная крошка,145,1
купить щебень и мраморная крошка в новосибирске,11,5
купить щебень мраморный 20 40,60,1
купить щебень мраморный 20 40 мм,26,2
купить щебень мраморный 5 20,42,0
купить щебень мраморный березовский,7,0
купить щебень мраморный нижнекамск,6,6
куплю мраморную крошку цена,859,0
курск купить щебень мраморный,8,0
лак с мраморной мукой как краски,5,5
ландшафт с мраморной крошкой,13,3
ландшафтная мраморная крошка,406,0
лемана про мраморная крошка,184,27
магазин мраморная крошка,441,0
мел микрокальцит,39,0
мелкая мраморная крошка,302,12
микрокальцит,2681,252
микрокальцит 1 мкм,7,1
микрокальцит 100,23,0
микрокальцит 2,68,0
микрокальцит 2 мкм,39,20
микрокальцит 5,66,3
микрокальцит 5 мкм,26,5
микрокальцит в бетоне для чего,8,8
микрокальцит в маф,7,0
микрокальцит владивосток,11,4
микрокальцит гидрофобный,17,0
микрокальцит гост,18,2
микрокальцит для бетона как использовать,5,5
микрокальцит для пескоструя,6,5
микрокальцит для чего используют,20,17
микрокальцит екатеринбург,14,0
микрокальцит и жидкое стекло,9,5
микрокальцит и полиэфирная смола заливка в форму,22,22
микрокальцит кг,26,0
микрокальцит км,25,0
микрокальцит купить,583,136
микрокальцит купить в екатеринбурге,4,0
микрокальцит купить в косметику,7,7
микрокальцит купить в краснодаре,10,6
микрокальцит купить в москве,18,2
микрокальцит купить в нижнем новгороде,7,3
микрокальцит купить в спб,21,13
микрокальцит купить в ставрополе,10,0
микрокальцит купить во владивостоке и пригороде,5,5
микрокальцит купить воронеж,8,8
микрокальцит купить всеволожск,7,7
микрокальцит купить екатеринбург,13,1
микрокальцит купить оптом в казани,9,9
микрокальцит купить оптом от производителя,1,0
микрокальцит купить ставропольский край,7,7
микрокальцит магнитогорск,21,10
микрокальцит мел мрамор дозировка для краски,10,10
микрокальцит мк,69,0
микрокальцит мк 100,10,2
микрокальцит мк 400,6,2
микрокальцит москва,18,0
микрокальцит московская область,7,7
микрокальцит мрамора,105,0
микрокальцит мраморная,103,0
микрокальцит мраморная мука,62,1
микрокальцит мраморный,103,0
микрокальцит новые панели купить екатеринбург,10,7
микрокальцит оптом,46,0
микрокальцит панели,166,14
микрокальцит плотность,20,2
микрокальцит порошок,9,0
микрокальцит самый крупный производитель в россии,5,5
микрокальцит санкт петербурга,5,0
микрокальцит смолы,54,0
микрокальцит состав,24,4
микрокальцит спб,38,6
микрокальцит фракции,25,1
микрокальцит цена,22,1
микрокальцит что это и для чего нужен,7,7
микрокальцита панели сколько прослужит материал,7,7
микрокальциты молочной железы,17,7
мкм микрокальцит,103,0
можно мраморную крошку в аквариум,68,1
мозаичная мраморная крошка,220,3
мозаичные полы из мраморной крошки,154,41
мозаичные полы мраморной крошки цены,11,0
мойка мраморная крошка,119,2
мрамор из мраморной крошки,69,0
мрамор молотый микрокальцит,49,6
мрамор молотый микрокальцит для огорода,5,5
мрамор молотый микрокальцит мк 60,11,6
мраморная 10х20 щебень,0,0
мраморная крошка,64625,2803
мраморная крошка 0 0 5,148,0
мраморная крошка 0.2 0.5 купить,10,3
мраморная крошка 0.5,61,0
мраморная крошка 05-98 - насыпная плотность,0,0
мраморная крошка 1 1 5 мм,200,0
мраморная крошка 10 20,1182,25
мраморная крошка 10 20 белая,664,4
мраморная крошка 10 20 белая купить,359,44
мраморная крошка 10 20 мм,585,1
мраморная крошка 10 20 мм белая купить,209,9
мраморная крошка 10 кг,342,3
мраморная крошка 10-20,1182,25
мраморная крошка 2 3,78,0
мраморная крошка 2 3 мм,48,10
мраморная крошка 2 5,306,1
мраморная крошка 2 5 мм,218,3
мраморная крошка 2 мм,300,0
мраморная крошка 2-3 мм,48,10
мраморная крошка 20 40,359,8
мраморная крошка 20 40 купить,155,0
мраморная крошка 20 40 мм,144,5
мраморная крошка 20 40 мм белая,110,18
мраморная крошка 20 кг,393,9
мраморная крошка 20 мм,772,0
мраморная крошка 20-50,7,0
мраморная крошка 25,459,0
мраморная крошка 25 кг,389,19
мраморная крошка 25 кг купить,114,1
мраморная крошка 25кг,124,3
мраморная крошка 3 5,170,0
мраморная крошка 3 5 мм,115,16
мраморная крошка 5 10,532,26
мраморная крошка 5 10 купить,152,2
мраморная крошка 5 10 мм,286,2
мраморная крошка 5 10 мм купить,64,0
мраморная крошка 5 20,187,11
мраморная крошка 5 20 купить,84,2
мраморная крошка 5 кг,188,3
мраморная крошка 5 мм,763,0
мраморная крошка 5 мм купить,185,0
мраморная крошка 5-10,532,26
мраморная крошка абакан,136,25
мраморная крошка амк,182,10
мраморная крошка байрамикс,121,14
мраморная крошка барнаул,295,14
мраморная крошка белая 10 кг,144,0
мраморная крошка белая 20 40,146,0
мраморная крошка белая 20 мм,502,7
мраморная крошка белая 25 кг,89,5
мраморная крошка белая купить в москве,110,25
мраморная крошка белая фракция,372,0
мраморная крошка белая фракция 10 20,249,33
мраморная крошка белая фракция 10 20 купить,101,9
мраморная крошка белая фракция 10 20 мм,116,19
мраморная крошка белая фракция 5 10,34,0
мраморная крошка белая щебень,56,0
мраморная крошка белая щебень 10 20мм 25кг,17,16
мраморная крошка белгород,234,18
мраморная крошка биг бег,115,0
мраморная крошка биг бэг,91,0
мраморная крошка брянск,87,1
мраморная крошка в в новгороде,171,0
мраморная крошка в ведрах,125,3
мраморная крошка в горшках,93,7
мраморная крошка в дизайне,222,5
мраморная крошка в екатеринбурге купить,182,2
мраморная крошка в костроме,83,6
мраморная крошка в ландшафтном дизайне,201,57
мраморная крошка в ландшафтном дизайне фото,17,8
мраморная крошка в мешках,2795,103
мраморная крошка в мешках 25 кг,95,11
мраморная крошка в мешках красноярск,82,0
мраморная крошка в мешках купить цена,271,0
мраморная крошка в мешках москва,210,0
мраморная крошка в мешках спб,129,0
мраморная крошка в омске купить,112,38
мраморная крошка в туле,208,18
мраморная крошка в уфе,201,10
мраморная крошка владивосток,79,20
мраморная крошка владикавказ,73,22
мраморная крошка внутренняя отделка,384,0
мраморная крошка во владимире,90,6
мраморная крошка во дворе,79,23
мраморная крошка вокруг дерева,6,0
мраморная крошка волгоград,142,1
мраморная крошка вологда,77,25
мраморная крошка воронеж,402,2
мраморная крошка галтованная,424,31
мраморная крошка голубая,168,3
мраморная крошка готовая,164,5
мраморная крошка дешево,135,0
мраморная крошка для аквариума,156,29
мраморная крошка для бетона,139,20
мраморная крошка для ванны,162,13
мраморная крошка для внутренних работ,118,1
мраморная крошка для дачи,90,3
мраморная крошка для дорожек,943,347
мраморная крошка для дорожек купить,273,75
мраморная крошка для дорожек купить цена,79,30
мраморная крошка для дорожек на даче,69,28
мраморная крошка для дорожек цена,84,2
мраморная крошка для крыльца,78,6
мраморная крошка для кухни,101,3
мраморная крошка для ландшафта,31,3
мраморная крошка для ландшафтного дизайна купить,163,7
мраморная крошка для наружных работ,153,10
мраморная крошка для отделки фасада,17,2
мраморная крошка для пола декоративная штукатурка,5,5
мраморная крошка для сада,178,14
мраморная крошка для сада купить,63,2
мраморная крошка для стен,695,58
мраморная крошка для стен штукатурка,70,19
мраморная крошка для ступеней,104,12
мраморная крошка для улицы,116,6
мраморная крошка для фасада,904,123
мраморная крошка для фасада купить,149,25
мраморная крошка для цветов,230,26
мраморная крошка для цоколя,370,86
мраморная крошка для штукатурки,709,12
мраморная крошка для штукатурки купить,62,0
мраморная крошка дом,701,4
мраморная крошка дорога,79,0
мраморная крошка екатеринбург,277,13
мраморная крошка и смола,121,0
мраморная крошка и щебень купить в екатеринбурге,0,0
мраморная крошка иваново,78,6
мраморная крошка ижевск,124,7
мраморная крошка иркутск,290,22
мраморная крошка казань,217,13
мраморная крошка как использовать,88,5
мраморная крошка калининград,72,5
мраморная крошка калуга,134,0
мраморная крошка каталог,91,0
мраморная крошка кемерово,78,6
мраморная крошка килограмм,229,0
мраморная крошка киров,84,14
мраморная крошка красивая,120,0
мраморная крошка красная,157,19
мраморная крошка краснодаре,277,0
мраморная крошка краснодарский край,74,16
мраморная крошка красноярск,457,25
мраморная крошка красноярск цена,77,5
мраморная крошка крупная,93,7
мраморная крошка крупная фракция,24,4
мраморная крошка куб,225,0
мраморная крошка купить,17562,595
мраморная крошка купить 10 кг,90,0
мраморная крошка купить в барнауле в мешках,65,49
мраморная крошка купить в в новгороде,161,0
мраморная крошка купить в волгограде,115,27
мраморная крошка купить в воронеже,250,120
мраморная крошка купить в екатеринбурге в мешках,87,64
мраморная крошка купить в иркутске,122,27
мраморная крошка купить в казани,119,17
мраморная крошка купить в костроме,68,37
мраморная крошка купить в краснодаре,160,50
мраморная крошка купить в красноярске,256,56
мраморная крошка купить в красноярске в мешках,78,30
мраморная крошка купить в курске,86,48
мраморная крошка купить в липецке,157,30
мраморная крошка купить в мешках 25,73,0
мраморная крошка купить в мешках 25 кг,71,21
мраморная крошка купить в москве,372,37
мраморная крошка купить в нижнем,174,2
мраморная крошка купить в нижнем новгороде,154,56
мраморная крошка купить в новосибирске,238,58
мраморная крошка купить в новосибирске в мешках,90,39
мраморная крошка купить в оренбурге,153,61
мраморная крошка купить в пензе,120,30
мраморная крошка купить в пятигорске,71,25
мраморная крошка купить в ростове на дону,156,65
мраморная крошка купить в самаре,148,37
мраморная крошка купить в смоленске,75,22
мраморная крошка купить в спб,614,167
мраморная крошка купить в ставрополе,70,29
мраморная крошка купить в тамбове,121,33
мраморная крошка купить в туле,174,46
мраморная крошка купить в тюмени,135,59
мраморная крошка купить в хабаровске,78,31
мраморная крошка купить в челябинске,173,89
мраморная крошка купить во владимире,77,20
мраморная крошка купить екатеринбург,215,8
мраморная крошка купить мраморный дом,69,0
мраморная крошка купить на озон,301,87
мраморная крошка купить недорого,196,2
мраморная крошка купить оптом от производителя,103,32
мраморная крошка купить фракцией 5 10 мм,37,2
мраморная крошка курган,79,17
мраморная крошка курск,217,25
мраморная крошка ландшафт,123,5
мраморная крошка ландшафтный,406,0
мраморная крошка лемана,193,0
мраморная крошка липецк,235,5
мраморная крошка м3,130,0
мраморная крошка магнитогорск,78,3
мраморная крошка махачкала,96,29
мраморная крошка мелкая купить,112,0
мраморная крошка мелкая фракция,156,24
мраморная крошка мелкая фракция купить,75,23
мраморная крошка мелкой фракции,156,6
мраморная крошка минусы,75,0
мраморная крошка монтаж,89,0
мраморная крошка москва,445,3
мраморная крошка на клумбе,124,21
мраморная крошка на участке,71,3
мраморная крошка на фасад дома,80,24
мраморная крошка недорого,218,2
мраморная крошка нижний новгород,218,9
мраморная крошка новокузнецк,86,7
мраморная крошка новосибирск,394,28
мраморная крошка объем,159,0
мраморная крошка омск,174,4
мраморная крошка оптом,393,39
мраморная крошка оптом от производителя,117,9
мраморная крошка орел,118,0
мраморная крошка оренбург,358,37
мраморная крошка от производителя купить,108,0
мраморная крошка отзывы,416,5
мраморная крошка очистить,109,0
мраморная крошка пенза,177,6
мраморная крошка пермь,185,3
мраморная крошка под кирпич,159,4
мраморная крошка пропорции,68,0
мраморная крошка противогололедная,85,4
мраморная крошка пятигорск,83,2
мраморная крошка работа,401,0
мраморная крошка расход,237,1
мраморная крошка ростов на дону,219,13
мраморная крошка рязань,74,2
мраморная крошка самара,220,3
мраморная крошка саранск,76,13
мраморная крошка саратов,206,6
мраморная крошка своими руками,448,6
мраморная крошка серо белая,85,4
мраморная крошка серо голубая,131,18
мраморная крошка симферополе,122,0
мраморная крошка сколько,2244,0
мраморная крошка смесь,299,5
мраморная крошка смоленск,89,0
мраморная крошка состав,136,7
мраморная крошка спб,798,13
мраморная крошка ставрополь,132,10
мраморная крошка старый оскол,80,2
мраморная крошка тамбов,144,1
мраморная крошка тверь,140,15
мраморная крошка томск,162,16
мраморная крошка тонна,293,5
мраморная крошка тюмень,249,13
мраморная крошка ульяновск,153,7
мраморная крошка уссурийск,77,4
мраморная крошка утеплитель,100,0
мраморная крошка формула,5,2
мраморная крошка фото,1455,73
мраморная крошка фото цена,257,0
мраморная крошка фракцией 10 20 мм,214,12
мраморная крошка фракцией 2 5 мм,129,17
мраморная крошка фракцией 5 10 мм,102,11
мраморная крошка фракции 5 10,189,1
мраморная крошка фракция,1589,3
мраморная крошка фракция 10 20,449,17
мраморная крошка фракция 2 5 мм,129,0
мраморная крошка фракция 5 10,189,20
мраморная крошка хабаровск,109,1
мраморная крошка цвет белый,111,0
мраморная крошка цвета,775,7
мраморная крошка цена,2994,96
мраморная крошка челны,74,3
мраморная крошка челябинск,308,27
мраморная крошка шлифовка,81,0
мраморная крошка это что мрамор или щебень,9,9
мраморная крошка ярославль,277,26
мраморная мука,898,76
мраморная мука для чего используется,39,34
мраморная мука из камня,11,6
мраморная мука купить,134,20
мраморная мука купить в москве,0,0
мраморная мука микрокальцит,62,1
мраморная мука микрокальцит купить,23,16
мраморная мука мк 100 в краснодаре,10,10
мраморная мука насыпная плотность,40,38
мраморная мука применение,17,2
мраморная мука применение в лкм,5,5
мраморная мука это,18,5
мраморная штукатурка крошка для улицы,10,0
мраморная щебень красноярск,57,5
мраморные полы какой щебень или крошка используют,5,5
мраморный песок крошка,245,0
мраморный щебень,4877,252
мраморный щебень 1 тонна,13,0
мраморный щебень 10 20,242,5
мраморный щебень 10 20 купить,123,0
мраморный щебень 10 20 мм,157,9
мраморный щебень 10 20 мм белый купить,94,72
мраморный щебень 10 20мм купить,24,0
мраморный щебень 10-20,242,5
мраморный щебень 20 40,162,13
мраморный щебень 20 40 мм,65,12
мраморный щебень 20-40,162,13
мраморный щебень 40 70,30,5
мраморный щебень 5 20,103,9
мраморный щебень белый для цветников,15,0
мраморный щебень белый купить в республике башкортостан,25,25
мраморный щебень белый купить в республике татарстан,25,25
мраморный щебень березовский,59,19
мраморный щебень в амурской области,5,5
мраморный щебень в биг бэгах,9,4
мраморный щебень в воронеже купить,5,2
мраморный щебень в мешках,177,10
мраморный щебень вектор,7,7
мраморный щебень декоративный купить в видном,2,2
мраморный щебень для бетона,27,2
мраморный щебень для дорожек,27,11
мраморный щебень для дорожек пласт,5,5
мраморный щебень екатеринбург,82,1
мраморный щебень екатеринбург заявки на расчет юридическим лицам,0,0
мраморный щебень изумрудный,0,0
мраморный щебень иркутск,20,0
мраморный щебень использование,11,0
мраморный щебень карьер,32,5
мраморный щебень карьеры,32,0
мраморный щебень коелга,19,8
мраморный щебень контакты заявки на расчет,0,0
мраморный щебень красный,15,0
мраморный щебень красный для бетона,9,0
мраморный щебень крым,7,2
мраморный щебень купить,2077,48
мраморный щебень купить балабаново,5,5
мраморный щебень купить в барнауле,6,0
мраморный щебень купить в екатеринбурге,30,21
мраморный щебень купить в москве,58,8
мраморный щебень купить в нижнем новгороде,22,7
мраморный щебень купить в новой усмани,9,9
мраморный щебень купить в подольске,20,0
мраморный щебень купить в самаре,16,0
мраморный щебень купить в спб,23,9
мраморный щебень купить в тамбове,8,5
мраморный щебень купить в туле,47,0
мраморный щебень купить иваново,10,5
мраморный щебень купить иваново в наличии,5,5
мраморный щебень купить ярославль,18,0
мраморный щебень на проспекте текстильщиков иваново,5,5
мраморный щебень новосибирск,24,1
мраморный щебень ногинский район,5,5
мраморный щебень оптом,22,3
мраморный щебень полевской,45,19
мраморный щебень полевской купить,17,5
мраморный щебень серо голубой,4,0
мраморный щебень фото,69,15
мраморный щебень фракции 5 10,33,0
мраморный щебень фучика 8,0,0
мраморный щебень цветной купить,19,0
мраморный щебень цена,125,7
мраморный щебень цена за куб,12,2
мраморный щебень челябинск,25,4
мраморный щебень шуя,0,0
мука мраморная,898,11
мука мраморная хранение,5,5
наливной пол с мраморной крошкой,180,51
нанесение мраморной крошки,278,7
нанести мраморную крошку,376,0
наружная отделка мраморной крошкой,140,0
натуральная мраморная крошка,94,2
нахабино московская область адрес мраморный щебень,6,6
нижний новгород щебень мраморный,22,0
облицовка мраморной крошкой,96,5
озон мраморная крошка,544,29
ооо микрокальцит,15,1
ооо микрокальцит магнитогорск официальный сайт,7,7
основе мраморной крошки,359,0
отделка дома мраморной крошкой,118,3
отделка мраморной крошкой,1018,7
отделка фасада мраморной крошкой,88,29
отделка цоколя мраморной крошкой,156,46
отличие мраморная мука от мраморной крошки,7,7
отсыпка мраморная крошка,152,9
отсыпка мраморной крошкой,152,5
оформление мраморной крошкой,175,1
панели из мраморной крошки,302,39
пермь производство дробления мраморного щебня,13,13
пленка мраморная крошка,83,0
плиты из мраморной крошки,176,9
плотность мраморного щебня,19,3
плотность мраморной крошки,154,20
под мраморную крошку,1072,0
покрытие из мраморной крошки,228,13
пол из мраморной крошки,644,75
польза мраморной муки для земли,2,2
поставщик мраморной крошки,7,0
применение микрокальцитов,10,0
применение мраморной муки в сельском хозяйстве,0,0
применение мраморной муки для почвы.,1,1
применений мраморной крошки,88,0
про мраморная крошка,259,0
продажа мраморной крошки,226,10
продам мраморную крошку,72,1
производители микрокальцита,38,3
производители мраморной крошки,227,2
производители мраморной крошки в рф,0,0
производитель мраморного щебня,14,0
производитель мраморной крошки челябинск,0,0
производство микрокальцитов,38,0
производство мраморного песка челябинск,0,0
производство мраморной крошки,127,7
производство мраморный песок в челябинске,0,0
пропорции мраморной муки в соотношении к шпатлевки,5,5
проспект текстильщиков 125 мраморный щебень,5,5
работа штукатурка мраморная крошка,108,0
размер мраморной крошки,331,7
рассчитать мраморную крошку,105,1
расход мраморной крошки на 1м2,70,19
расценка мраморная крошка,81,0
реагенты крошка мраморная,86,0
ремонт мраморной крошки,98,3
садовая мраморная крошка,124,1
сетка мраморная крошка,151,0
сколько весит мраморная крошка,103,3
сколько мраморной крошки в ведре,85,1
сколько мраморной крошки нужно на 1,86,0
сколько надо мраморной крошки на цветник,86,0
сколько нужно мраморной крошки,569,4
сколько стоит мраморная крошка,708,57
сколько стоит мраморная крошка цена,97,0
сколько стоит мраморный щебень,33,2
стоимость мраморной крошки,239,25
сухая штукатурка с крошкой мраморной для цоколя,17,10
термопанели мраморная крошка купить,100,0
термопанели с мраморной крошкой,657,69
термопанели с мраморной крошкой для наружной,123,12
термопанели с мраморной крошкой для наружной отделки,111,37
технология мраморной крошки,163,0
укладка мраморной крошки,171,7
фактурная с мраморной крошкой,264,6
фасадная краска с мраморной крошкой,109,7
фасадная мраморная крошка,762,9
фасадные термопанели с мраморной крошкой,154,17
фигурки из мраморной крошки,208,40
фракции мраморного щебня,339,0
фракции мраморной крошки,1589,7
фракция мраморной крошки,1589,3
цветная мраморная крошка,343,9
цветная мраморная крошка для ландшафтного дизайна,12,5
цветник из мраморной крошки,112,7
цветной мраморный щебень,53,0
цемент с мраморной крошкой,94,8
цементная смесь с мраморной крошкой,114,0
цена мраморной крошки в мешках,549,12
цена мраморной крошки кг,69,0
чем отличается щебень от мраморной крошки,16,2
чем отмыть мраморную крошку,74,14
шлифованная мраморная крошка,127,2
штукатурка акриловая мраморная крошка,96,16
штукатурка для стен дома из мраморной крошки,6,6
штукатурка из мраморной крошки для наружных работ,6,6
штукатурка мраморная крошка,2128,74
штукатурка мраморная крошка для внутренней отделки,40,9
штукатурка мраморная крошка для внутренней отделки купить,10,6
штукатурка мраморная крошка для ступеней крыльца,5,5
штукатурка мраморная крошка для фасада купить,31,18
штукатурка на основе мраморной крошки,87,3
штукатурка с мраморной крошкой для внутренних работ,43,25
штукатурка с мраморной крошкой для фасада,102,72
штукатурка с мраморной крошкой для цоколя,117,55
щебень белый мраморный декоративный,14,0
щебень декоративный мраморный купить,31,0
щебень декоративный мраморный хабаровск,0,0
щебень мраморная крошка курск,10,5
щебень мраморная крошка курск стройгигант,5,5
щебень мраморно белый 10 20 мм,117,0
щебень мраморный 5 10,47,0
щебень мраморный 5 10 мм,27,0
щебень мраморный 5 20 фото,7,5
щебень мраморный 5х10,5,5
щебень мраморный белгород купить,18,6
щебень мраморный белый 20 40,55,0
щебень мраморный белый 5 10,2,0
щебень мраморный белый в мешках,41,1
щебень мраморный белый купить,1138,35
щебень мраморный белый купить в красноярске,15,2
щебень мраморный белый купить в липецке,11,9
щебень мраморный белый купить в москве,35,22
щебень мраморный белый купить в нижнем новгороде,10,6
щебень мраморный белый купить в туле,22,5
щебень мраморный белый купить в туле скуратово,13,10
щебень мраморный белый купить екатеринбург,37,37
щебень мраморный белый фото,12,0
щебень мраморный белый фракция,168,0
щебень мраморный белый фракция 05 1мм,0,0
щебень мраморный белый фракция 10 20мм,127,65
щебень мраморный белый фракция купить,28,0
щебень мраморный галтованный,144,13
щебень мраморный галтованный белый,46,6
щебень мраморный галтованный белый купить,13,6
щебень мраморный екатеринбург,82,3
щебень мраморный карьер в екатеринбурге,0,0
щебень мраморный купить в йошкар оле,7,5
щебень мраморный купить купить в одинцово,9,6
щебень мраморный купить новокузнецк,9,5
щебень мраморный купить цена,58,0
щебень мраморный пенза,20,0
щебень мраморный симферополь,18,0
щебень мраморный фракция 5 20,22,0
щебень мраморный ярославль,22,2
щебень с мраморной крошкой,19,5
эверест микрокальцит,9,6
эпоксидная мраморная крошка,510,2
эпоксидная смола с мраморной крошкой,140,18
эпоксидная смола с мраморной мукой,17,0
эпоксидный пол с мраморной крошкой,120,12
виды декоративного щебня,9,0
виды камня для ландшафтного дизайна,13,2
где купить декоративный щебень,52,2
где купить камни для ландшафтного дизайна,153,34
где купить ландшафтные камни,166,0
декоративные камни для ландшафтного,950,14
декоративные камни для ландшафтного дизайна купить,379,56
декоративные камни для ландшафтного дизайна купить бу,5,5
декоративный камень щебень,118,0
декоративный щебень,5162,303
декоративный щебень 5 10мм,1,0
декоративный щебень биг бэг цена,27,27
декоративный щебень в екатеринбурге,57,0
декоративный щебень в мешках,224,21
декоративный щебень для костровой зоны,12,8
декоративный щебень для ландшафтного,790,19
декоративный щебень для ландшафтного дизайна,748,118
декоративный щебень для ландшафтного дизайна купить,361,52
декоративный щебень для ландшафтного купить,373,0
декоративный щебень для отмостки дома,9,5
декоративный щебень красный,17,4
декоративный щебень купить,1732,14
декоративный щебень купить оптом,21,0
декоративный щебень на участке,29,0
декоративный щебень оптом,26,1
декоративный щебень оптом купить,21,0
декоративный щебень оптом купить оптом,21,0
декоративный щебень оптом цена,0,0
декоративный щебень цена,185,1
дизайн декоративным щебнем,757,0
дорожки из камня в ландшафтном дизайне,17,9
зеленые камни ландшафтные,20,0
использование камней в ландшафтном дизайне,23,5
как называется камень для ландшафтного,110,0
как называется камень для ландшафтного дизайна,105,0
как сделать декоративный щебень,38,1
как сделать дорожку из декоративной щебня,8,0
как сделать ландшафтный камень,49,0
как уложить декоративный щебень,18,0
какие камни подходят для ландшафтного дизайна,6,5
какой декоративный щебень бывает,16,11
какой камень используют для ландшафтного дизайна,11,0
каменная крошка декоративная,232,12
каменная крошка декоративная для стен,16,2
каменная крошка декоративная купить,43,0
камень для ландшафтного дизайна тула,8,0
камень ландшафтный горный щит,5,5
камень ландшафтный производство,4,0
камень ландшафтный цена,74,1
камень натуральный ландшафтный купить,18,0
камень пластушка в ландшафтном дизайне,12,8
камни булыжники для ландшафтного дизайна,18,11
камни в ландшафтном дизайне дачного участка,12,6
камни декоративные цветные щебень,25,2
камни для ландшафтного дизайна как выбрать,5,5
камни для ландшафтного дизайна купить тула,8,0
камни для ландшафтного дизайна цена,53,0
камни из стекла для ландшафтного дизайна,22,19
камни ландшафтные купить екатеринбург,17,0
камни на участке ландшафтный,63,1
камни на участке ландшафтный дизайн,43,24
камни плоские для ландшафтного,164,0
камни природный ландшафтный,230,0
карельские камни в ландшафтном дизайне,10,9
квадратные камни для ландшафтного дизайна,5,5
композиции из камней в ландшафтном дизайне,17,15
красивые камни для ландшафтного дизайна,19,5
круглые камни для ландшафтного дизайна,73,19
крупные камни для ландшафтного дизайна,150,21
купить 1 тонну декоративного щебня в екатеринбурге,19,19
купить декоративный ландшафтный камень,394,0
купить декоративный щебень в екатеринбурге,49,5
купить декоративный щебень для сада,13,5
купить декоративный щебень с обработанным цветным стеклом,5,5
купить декоративный щебень фракции 20 40,7,0
купить камень для ландшафтных работ,8,7
купить камни для ландшафтного дизайна,2526,264
купить камни для ландшафтного дизайна в лисках,5,5
купить камни для ландшафтного дизайна луга,11,11
купить коричневый декоративный щебень для ландшафтного,5,5
купить круглые камни для ландшафтного дизайна,32,20
купить крупный камень для ландшафтного дизайна,69,4
купить натуральный камень для ландшафтного дизайна,17,9
купить плоские камни для ландшафтного дизайна,53,15
купить природный камень для ландшафтного дизайна,99,16
купить речной камень для ландшафтного,14,0
купить речной камень для ландшафтного дизайна,14,11
ландшафтная композиция из камней,33,7
ландшафтные камни купить,2889,7
ландшафтный дизайн камни и хвойные,23,10
ландшафтный дизайн кора и камни,12,0
ландшафтный дизайн под камни,32,0
ландшафтный дизайн с камнями и хвойниками,23,15
ландшафтный дизайн участка бордюрная лента и камни,7,7
ландшафтный дизайнер камнями,24,0
ландшафтный камень,7926,46
ландшафтный камень виды,30,5
ландшафтный камень для сада,83,11
ландшафтный камень для сада купить,42,15
ландшафтный камень купить,2889,5
ландшафтный камень купить в туле,5,0
ландшафтный камень купить оптом,0,0
ландшафтный камень оптом,11,0
ландшафтный камень оптом купить,0,0
ландшафтный камень оптом купить оптом,0,0
ландшафтный камень оптом цена,0,0
ландшафтный камень цена,74,2
ландшафтный натуральный камень,62,0
мелкие камни для ландшафтного дизайна,18,1
натуральный камень для ландшафтного дизайна,39,5
отмостка из декоративного щебня,18,5
отсыпка декоративным щебнем,63,0
отсыпка камнем в ландшафтном дизайне,25,16
плоский камень для ландшафтного дизайна,162,19
подпорные стенки в ландшафтном дизайне из камня,12,6
природные ландшафтные камни купить,111,0
природный камень для ландшафтного дизайна,164,26
продажа камней для ландшафтного дизайна,55,14
раствор декоративный с каменной крошкой,34,13
расход декоративного щебня,21,4
речной камень в ландшафтном дизайне,13,9
ручей из камней в ландшафтном дизайне,22,20
сад с камнями в ландшафтном дизайне,39,31
садовые ландшафтные камни,35,8
сколько стоит декоративный щебень,35,8
сколько стоит камень для ландшафтного дизайна,19,7
спрос на крупные камни для ландшафтного дизайна,5,5
стоимость декоративного щебня,19,0
укладка декоративного щебня,16,3
уфа декоративный щебень,13,0
фельзит щебень,1,0
фельзит щебень купить,1,0
фельзит щебень купить оптом,0,0
фельзит щебень цена,0,0
фонтан в ландшафтном дизайне дикий камень,6,6
фракции декоративного щебня,112,0
цветной декоративный щебень купить,135,0
цветной камень для ландшафтного дизайна купить,35,21
цветные камни для ландшафтного дизайна,109,46
цветные ландшафтные камни,119,0
цена декоративного щебня,185,5
черный камень для ландшафтного дизайна,7,0
вес доломитового щебня,45,2
доломитка купить,386,86
доломитовый карьер щебень 10 20,14,10
доломитовый щебень,3438,457
доломитовый щебень 10 20,28,8
доломитовый щебень в ландшафте,5,5
доломитовый щебень в мешках,13,0
доломитовый щебень в фундаменте,10,7
доломитовый щебень для бетона,28,6
доломитовый щебень для дренажа,46,21
доломитовый щебень для септика,64,16
доломитовый щебень для септика купить,24,14
доломитовый щебень или гравийный,26,0
доломитовый щебень купить,333,29
доломитовый щебень купить 5 20,13,0
доломитовый щебень купить оптом,0,0
доломитовый щебень на дорожках,27,7
доломитовый щебень под асфальт,11,5
доломитовый щебень подойдет для дренажа,12,8
доломитовый щебень применение,50,24
доломитовый щебень прочность,14,0
доломитовый щебень цена,161,19
доломитовый щебень цена за тонну,43,1
доломитовый щебень цена ступино,5,5
доставка доломитового щебня наро фоминск,10,7
известняковый доломитовый щебень,200,7
известняковый доломитовый щебень 5 10,5,5
как выглядит доломитовый щебень,16,3
какой доломитовый щебень подходит для септика,9,9
купить доломитовый щебень сатка 20 40,5,5
марка доломитового щебня,20,1
нижегородский доломитовый щебень,5,0
плотность доломитового щебня,28,7
проверка доломитового щебня кислотой,7,7
сколько весит куб доломитового щебня,2,0
сколько стоит доломитовая щебень,19,0
фракции доломитового щебня,87,1
цена доломитового щебня,161,0
щебень доломитовый 20 40,176,16
щебень доломитовый 20 40 купить,32,0
щебень доломитовый 20 40 цена,27,10
щебень доломитовый 40 70,68,3
щебень доломитовый 40 70 паспорт,4,0
щебень доломитовый 5 20,99,20
щебень доломитовый в чехове,5,5
щебень доломитовый вес куба фракция 20 40,7,7
щебень доломитовый гост,12,1
щебень доломитовый гравиделамитовый,5,5
щебень доломитовый для чего используется,31,31
щебень доломитовый фракция 5 20,19,0
щебень известково доломитовый,135,0
фельзит розовый,8,4
фельзит розовый купить,1,0
фельзит розовый купить оптом,0,0
фельзит розовый цена,0,0
щебень фельзит розовый,0,0
щебень фельзит розовый купить,0,0
щебень фельзит розовый купить оптом,0,0
щебень фельзит розовый цена,0,0
фельзит желтый,8,4
фельзит желтый купить,0,0
фельзит желтый купить оптом,0,0
фельзит желтый цена,0,0
щебень фельзит желтый,0,0
щебень фельзит желтый купить,0,0
щебень фельзит желтый купить оптом,0,0
щебень фельзит желтый цена,0,0
байрамгулово купить галька речная,7,7
вес гальки речной 1 м3,29,9
вес речной гальки,64,2
виды речной гальки,20,0
галька галтованная речная,19,0
галька декоративная для сада и ландшафта купить,155,124
галька для пруда 2см3см речная,7,7
галька речная 10 20,33,0
галька речная 120 200мм купить,12,12
галька речная 20 40,112,15
галька речная 20 40 купить,34,1
галька речная 20 40 мм,31,1
галька речная 40 70,23,6
галька речная 5 10,33,3
галька речная 5 20,96,16
галька речная 5 20 купить,11,2
галька речная 5 30,12,5
галька речная 500 мм,5,5
галька речная азов,9,6
галька речная большая,9,1
галька речная в мешках,208,8
галька речная в мешках купить,181,14
галька речная вес 1,33,0
галька речная где белово,5,5
галька речная декоративная,31,2
галька речная для дорожек купить,67,2
галька речная для дорожек плюсы и минусы,5,5
галька речная екатеринбург,108,0
галька речная кавказская,9,9
галька речная как выглядит,7,0
галька речная коричневая,24,2
галька речная круглая,31,8
галька речная крупная,126,8
галька речная крупная купить,57,11
галька речная куб,234,0
галька речная купить в екатеринбурге,87,37
галька речная купить в муроме,6,6
галька речная купить в реже,10,10
галька речная купить в уфе,16,14
галька речная купить для скважины в альметьевске,6,6
галька речная м3,57,0
галька речная машина,11,1
галька речная микс разноцветная фракция 20 40мм,10,7
галька речная морская,99,0
галька речная мытая,49,4
галька речная окат,23,7
галька речная окатанная,84,3
галька речная окатанная фракция 120 200 мм,25,14
галька речная оптом,35,2
галька речная пестрая,31,8
галька речная плоская,36,0
галька речная разноцветная,19,1
галька речная с доставкой домодедово,12,12
галька речная светлая пестрая,7,7
галька речная село томаровка,5,5
галька речная серпухов,10,0
галька речная фракция 20 40,21,1
галька речная фракция 4 8 мм купить,5,5
галька речная фракция 5 20,15,0
галька речная цветная,38,4
галька речная цена за куб,120,7
галька речная черная,17,0
галька речная яндекс маркет 2 5 мм,5,5
где добывают гальку речную цветную в россии,5,5
где купить речную гальку,52,0
где набрать речную гальку,50,1
грунт речная галька,40,0
декоративный камень речная галька,8,5
добыча речной гальки,6,1
донный фильтр из осинового и речной гальки,20,18
доставка речной гальки,93,0
заливные полы из речной гальки,6,5
затирка влагостойкая для речной гальки,6,6
как рассчитать тоннаж гальки речной,7,7
камни галька для ландшафтного дизайна,30,2
кольцо речная галька от кристины пастори,5,5
купить гальку речную 5 10мм в мешках,26,26
купить гальку речную для колодца,18,9
купить гальку речную коричневую оптом,6,6
купить куб речной гальки в домодедовском районе,7,7
купить мелкую речную гальку,31,0
купить мытую речную гальку,16,5
купить речную гальку 3 4 мм,7,7
купить речную гальку в кудымкаре,5,5
купить речную гальку в псебае,7,5
купить речную гальку в серове,9,9
купить речную гальку верхняя салда,7,7
купить речную гальку череповец,5,2
ландшафтный камень галька,49,1
маленькая речная галька купить,5,5
мелкая речная галька,125,4
насыпная плотность речной гальки,5,3
новая рига склад галька речная,6,6
она держится приклеил речную гальку на скиммер,5,5
плитка речная галька купить,12,5
плотность речной гальки,28,5
поиск украшений на металлоискателей речных гальках,8,8
полированная речная галька черная купить цена,8,8
полупрозрачный желтый камень в речной гальке,5,5
речная галька,6631,232
речная галька 10мм,51,5
речная галька в баню печь,7,0
речная галька в биг бэгах,24,7
речная галька в бигах,29,0
речная галька в ландшафтном дизайне,48,33
речная галька в парную,5,0
речная галька в петровиче,12,5
речная галька в среднеуральске доставка,5,3
речная галька для аквариума,45,16
речная галька для бани,104,28
речная галька для бани где купить,7,7
речная галька для бани отзывы,18,16
речная галька для бетона,21,2
речная галька для дорожек,308,53
речная галька для дорожек купить в балашихе,5,5
речная галька для дорожек цена,77,0
речная галька для дорожек цена за куб,77,48
речная галька для каменки,33,9
речная галька для колодца,41,14
речная галька для отсыпки,32,2
речная галька для электрокаминов фракция 10мм,14,5
речная галька желтая,48,0
речная галька заказать,15,8
речная галька закреплением золота,11,11
речная галька купить,2345,83
речная галька купить 1 тонна,10,7
речная галька купить машину,10,5
речная галька купить оптом,24,0
речная галька купить с доставкой,34,0
речная галька на 50 литров купить,5,5
речная галька на вагоноремонтной улице,6,6
речная галька состав,21,2
речная галька татарстан,5,0
речная галька тропинка,20,7
речная галька уфа,45,3
речная галька цвет,33,1
речная галька цена,240,10
речная галька цена за тонну,15,4
речной камень галька,138,0
серая речная галька,70,2
сколько весит куб гальки речной,30,10
сколько стоит речная галька,41,5
стоимость речной гальки,10,0
торгажак речная галька,18,18
удельный вес речной гальки,8,1
укладка речной гальки,7,0
форма речной гальки,10,5
фракции гальки речной,234,2
щебень галька декоративная,27,0
щебень речная галька,61,0
купить песок и щебень в сланцах,5,5
поедимка сланцы,182,87
сланцевый камень,471,69
сланцевый щебень,253,53
сланцевый щебень купить,17,0
сланцевый щебень купить оптом,0,0
сланцевый щебень цена,10,0
щебень из глинистого сланца,7,5
щебень сланец,364,21
щебень сланец 20 40,30,17
щебень сланец 5 20,77,11
щебень сланец 5 20 применение,5,5
щебень сланец купить,41,0
щебень сланец купить оптом,0,0
щебень сланец применение,10,5
щебень сланец цена,19,0
щебень сланцы купить,41,0
щебень яшма,121,15
щебень яшма 20 40,7,3
щебень яшма купить,29,2
щебень яшма купить оптом,0,0
щебень яшма цена,1,0
галтованный камень златолит 4 см толщиной,5,5
галька златолит,12,0
где добывают златолит,15,2
зеленый златолит,66,2
златолит,3499,381
златолит 20 40,15,0
златолит башкирия,12,5
златолит в аквариуме,15,6
златолит в ландшафтном дизайне,18,2
златолит галтованный,143,14
златолит галтованный купить,46,9
златолит графит для цоколя,5,5
златолит для бани,27,3
златолит для дорожек,61,12
златолит для дорожек галтованный,10,10
златолит для дорожек купить,24,14
златолит для кострища использовать можно,5,5
златолит для растений,18,5
златолит желто зеленый,7,5
златолит желтый,149,4
златолит желтый купить,46,6
златолит камень,1092,179
златолит камень крошка фракция 10 20 мм,6,6
златолит камень купить,226,50
златолит камень серо зеленый,10,0
златолит карьер,33,2
златолит карьеры,33,0
златолит кора дерева,41,10
златолит коричневый кора дерева,8,5
златолит красный цена за метр квадратный,5,5
златолит крошка,208,11
златолит крошка купить,76,31
златолит крошка купить дмитровский район,5,5
златолит крошка купить лобня,5,5
златолит купить,697,35
златолит купить в екатеринбурге,19,15
златолит купить оптом,7,0
златолит лапша,6,5
златолит мультиколор,5,0
златолит на балкон,5,5
златолит рваный,24,0
златолит ру,5,5
златолит с фаской,9,7
златолит серебристый фр 100 300 мм,14,11
златолит серебро,14,8
златолит серо зеленый,16,1
златолит серый,80,2
златолит серый галтованный,23,0
златолит урал,76,40
златолит урал отзывы,11,7
златолит уральский,81,1
златолит уральский купить,23,13
златолит цена,53,2
какого цвета златолит,12,5
каменная крошка златолит,14,0
каменный ковер златолит,7,0
камень златолит в аквариуме,6,6
камень златолит галтованный купить,11,5
камень златолит галька цена,7,7
камень златолит для бани,14,14
камень златолит крошка купить,5,5
камень златолит цена,14,0
камень натуральный златолит кора дерева купить,5,5
камень уральский златолит,17,5
карабаш златолит,8,3
кресло для улицы из камня златолит,5,5
кувандык златолит,10,5
купить златолит,697,7
купить златолит бирск,5,5
купить златолит в уфе,10,7
натуральный камень златолит,31,2
облицовка стенки в парилке златолитом зеленым,5,5
ооо златолит,9,4
плитка златолит,45,7
природный камень златолит,40,7
сланец златолит,35,3
станок для шлифовки и полировки златолита,7,5
укладка златолита,37,1
укладка камня златолит вокруг печи в бане,5,5
уральский природный камень златолит,5,5
черный златолит,43,7
черный златолит крошка,7,5
щебень златолит,45,2
щебень златолит купить,14,0
щебень златолит купить оптом,0,0
щебень златолит цена,0,0
змеевик камень в ландшафтном,9,0
змеевик камень для ландшафтного дизайна,13,5
змеевик камень щебень,8,0
змеевик щебень,105,10
змеевик щебень купить,24,0
змеевик щебень купить оптом,0,0
змеевик щебень цена,0,0
серпентин камень,364,124
щебень змеевик зеленый,7,2
щебень змеевик купить,24,2
