query,sources,intent,target,status
виды декоративного щебня,topvisor_collect,review,/catalog/landshaftnyj-kamen/,pending_wordstat_frequency
виды камня для ландшафтного дизайна,topvisor_collect,review,/catalog/landshaftnyj-kamen/,pending_wordstat_frequency
где купить декоративный щебень,topvisor_collect,commercial,/catalog/landshaftnyj-kamen/,pending_wordstat_frequency
где купить камни для ландшафтного дизайна,topvisor_collect,commercial,/catalog/landshaftnyj-kamen/,pending_wordstat_frequency
где купить ландшафтные камни,topvisor_collect,commercial,/catalog/landshaftnyj-kamen/,pending_wordstat_frequency
декоративные камни для ландшафтного,topvisor_collect,review,/catalog/landshaftnyj-kamen/,pending_wordstat_frequency
декоративные камни для ландшафтного дизайна купить,topvisor_collect,commercial,/catalog/landshaftnyj-kamen/,pending_wordstat_frequency
декоративные камни для ландшафтного дизайна купить бу,topvisor_collect,commercial,/catalog/landshaftnyj-kamen/,pending_wordstat_frequency
декоративный камень щебень,topvisor_collect,review,/catalog/landshaftnyj-kamen/,pending_wordstat_frequency
декоративный щебень,topvisor_collect|core_seed,review,/catalog/landshaftnyj-kamen/,pending_wordstat_frequency
декоративный щебень 5 10мм,topvisor_collect,review,/catalog/landshaftnyj-kamen/,pending_wordstat_frequency
декоративный щебень биг бэг цена,topvisor_collect,commercial,/catalog/landshaftnyj-kamen/,pending_wordstat_frequency
декоративный щебень в екатеринбурге,topvisor_collect,review,/catalog/landshaftnyj-kamen/,pending_wordstat_frequency
декоративный щебень в мешках,topvisor_collect,review,/catalog/landshaftnyj-kamen/,pending_wordstat_frequency
декоративный щебень для костровой зоны,topvisor_collect,review,/catalog/landshaftnyj-kamen/,pending_wordstat_frequency
декоративный щебень для ландшафтного,topvisor_collect,review,/catalog/landshaftnyj-kamen/,pending_wordstat_frequency
декоративный щебень для ландшафтного дизайна,topvisor_collect,review,/catalog/landshaftnyj-kamen/,pending_wordstat_frequency
декоративный щебень для ландшафтного дизайна купить,topvisor_collect,commercial,/catalog/landshaftnyj-kamen/,pending_wordstat_frequency
декоративный щебень для ландшафтного купить,topvisor_collect,commercial,/catalog/landshaftnyj-kamen/,pending_wordstat_frequency
декоративный щебень для отмостки дома,topvisor_collect,review,/catalog/landshaftnyj-kamen/,pending_wordstat_frequency
декоративный щебень красный,topvisor_collect,review,/catalog/landshaftnyj-kamen/,pending_wordstat_frequency
декоративный щебень купить,topvisor_collect|core_seed,commercial,/catalog/landshaftnyj-kamen/,pending_wordstat_frequency
декоративный щебень купить оптом,core_seed,commercial,/catalog/landshaftnyj-kamen/,pending_wordstat_frequency
декоративный щебень на участке,topvisor_collect,review,/catalog/landshaftnyj-kamen/,pending_wordstat_frequency
декоративный щебень оптом,topvisor_collect|core_seed,commercial,/catalog/landshaftnyj-kamen/,pending_wordstat_frequency
декоративный щебень оптом купить,core_seed,commercial,/catalog/landshaftnyj-kamen/,pending_wordstat_frequency
декоративный щебень оптом купить оптом,core_seed,commercial,/catalog/landshaftnyj-kamen/,pending_wordstat_frequency
декоративный щебень оптом цена,core_seed,commercial,/catalog/landshaftnyj-kamen/,pending_wordstat_frequency
декоративный щебень цена,core_seed,commercial,/catalog/landshaftnyj-kamen/,pending_wordstat_frequency
дизайн декоративным щебнем,topvisor_collect,review,/catalog/landshaftnyj-kamen/,pending_wordstat_frequency
дорожки из камня в ландшафтном дизайне,topvisor_collect,review,/catalog/landshaftnyj-kamen/,pending_wordstat_frequency
зеленые камни ландшафтные,topvisor_collect,review,/catalog/landshaftnyj-kamen/,pending_wordstat_frequency
использование камней в ландшафтном дизайне,topvisor_collect,review,/catalog/landshaftnyj-kamen/,pending_wordstat_frequency
как называется камень для ландшафтного,topvisor_collect,review,/catalog/landshaftnyj-kamen/,pending_wordstat_frequency
как называется камень для ландшафтного дизайна,topvisor_collect,review,/catalog/landshaftnyj-kamen/,pending_wordstat_frequency
как сделать декоративный щебень,topvisor_collect,review,/catalog/landshaftnyj-kamen/,pending_wordstat_frequency
как сделать дорожку из декоративной щебня,topvisor_collect,review,/catalog/landshaftnyj-kamen/,pending_wordstat_frequency
как сделать ландшафтный камень,topvisor_collect,review,/catalog/landshaftnyj-kamen/,pending_wordstat_frequency
как уложить декоративный щебень,topvisor_collect,review,/catalog/landshaftnyj-kamen/,pending_wordstat_frequency
какие камни подходят для ландшафтного дизайна,topvisor_collect,review,/catalog/landshaftnyj-kamen/,pending_wordstat_frequency
какой декоративный щебень бывает,topvisor_collect,review,/catalog/landshaftnyj-kamen/,pending_wordstat_frequency
какой камень используют для ландшафтного дизайна,topvisor_collect,review,/catalog/landshaftnyj-kamen/,pending_wordstat_frequency
каменная крошка декоративная,topvisor_collect,review,/catalog/landshaftnyj-kamen/,pending_wordstat_frequency
каменная крошка декоративная для стен,topvisor_collect,review,/catalog/landshaftnyj-kamen/,pending_wordstat_frequency
каменная крошка декоративная купить,topvisor_collect,commercial,/catalog/landshaftnyj-kamen/,pending_wordstat_frequency
камень для ландшафтного дизайна тула,topvisor_collect,review,/catalog/landshaftnyj-kamen/,pending_wordstat_frequency
камень ландшафтный горный щит,topvisor_collect,review,/catalog/landshaftnyj-kamen/,pending_wordstat_frequency
камень ландшафтный производство,topvisor_collect,review,/catalog/landshaftnyj-kamen/,pending_wordstat_frequency
камень ландшафтный цена,topvisor_collect,commercial,/catalog/landshaftnyj-kamen/,pending_wordstat_frequency
камень натуральный ландшафтный купить,topvisor_collect,commercial,/catalog/landshaftnyj-kamen/,pending_wordstat_frequency
камень пластушка в ландшафтном дизайне,topvisor_collect,review,/catalog/landshaftnyj-kamen/,pending_wordstat_frequency
камни булыжники для ландшафтного дизайна,topvisor_collect,review,/catalog/landshaftnyj-kamen/,pending_wordstat_frequency
камни в ландшафтном дизайне дачного участка,topvisor_collect,review,/catalog/landshaftnyj-kamen/,pending_wordstat_frequency
камни декоративные цветные щебень,topvisor_collect,review,/catalog/landshaftnyj-kamen/,pending_wordstat_frequency
камни для ландшафтного дизайна как выбрать,topvisor_collect,review,/catalog/landshaftnyj-kamen/,pending_wordstat_frequency
камни для ландшафтного дизайна купить тула,topvisor_collect,commercial,/catalog/landshaftnyj-kamen/,pending_wordstat_frequency
камни для ландшафтного дизайна цена,topvisor_collect,commercial,/catalog/landshaftnyj-kamen/,pending_wordstat_frequency
камни из стекла для ландшафтного дизайна,topvisor_collect,review,/catalog/landshaftnyj-kamen/,pending_wordstat_frequency
камни ландшафтные купить екатеринбург,topvisor_collect,commercial,/catalog/landshaftnyj-kamen/,pending_wordstat_frequency
камни на участке ландшафтный,topvisor_collect,review,/catalog/landshaftnyj-kamen/,pending_wordstat_frequency
камни на участке ландшафтный дизайн,topvisor_collect,review,/catalog/landshaftnyj-kamen/,pending_wordstat_frequency
камни плоские для ландшафтного,topvisor_collect,review,/catalog/landshaftnyj-kamen/,pending_wordstat_frequency
камни природный ландшафтный,topvisor_collect,review,/catalog/landshaftnyj-kamen/,pending_wordstat_frequency
карельские камни в ландшафтном дизайне,topvisor_collect,review,/catalog/landshaftnyj-kamen/,pending_wordstat_frequency
квадратные камни для ландшафтного дизайна,topvisor_collect,review,/catalog/landshaftnyj-kamen/,pending_wordstat_frequency
композиции из камней в ландшафтном дизайне,topvisor_collect,review,/catalog/landshaftnyj-kamen/,pending_wordstat_frequency
красивые камни для ландшафтного дизайна,topvisor_collect,review,/catalog/landshaftnyj-kamen/,pending_wordstat_frequency
круглые камни для ландшафтного дизайна,topvisor_collect,review,/catalog/landshaftnyj-kamen/,pending_wordstat_frequency
крупные камни для ландшафтного дизайна,topvisor_collect,review,/catalog/landshaftnyj-kamen/,pending_wordstat_frequency
купить 1 тонну декоративного щебня в екатеринбурге,topvisor_collect,commercial,/catalog/landshaftnyj-kamen/,pending_wordstat_frequency
купить декоративный ландшафтный камень,topvisor_collect,commercial,/catalog/landshaftnyj-kamen/,pending_wordstat_frequency
купить декоративный щебень в екатеринбурге,topvisor_collect,commercial,/catalog/landshaftnyj-kamen/,pending_wordstat_frequency
купить декоративный щебень для сада,topvisor_collect,commercial,/catalog/landshaftnyj-kamen/,pending_wordstat_frequency
купить декоративный щебень с обработанным цветным стеклом,topvisor_collect,commercial,/catalog/landshaftnyj-kamen/,pending_wordstat_frequency
купить декоративный щебень фракции 20 40,topvisor_collect,commercial,/catalog/landshaftnyj-kamen/,pending_wordstat_frequency
купить камень для ландшафтных работ,topvisor_collect,commercial,/catalog/landshaftnyj-kamen/,pending_wordstat_frequency
купить камни для ландшафтного дизайна,topvisor_collect,commercial,/catalog/landshaftnyj-kamen/,pending_wordstat_frequency
купить камни для ландшафтного дизайна в лисках,topvisor_collect,commercial,/catalog/landshaftnyj-kamen/,pending_wordstat_frequency
купить камни для ландшафтного дизайна луга,topvisor_collect,commercial,/catalog/landshaftnyj-kamen/,pending_wordstat_frequency
купить коричневый декоративный щебень для ландшафтного,topvisor_collect,commercial,/catalog/landshaftnyj-kamen/,pending_wordstat_frequency
купить круглые камни для ландшафтного дизайна,topvisor_collect,commercial,/catalog/landshaftnyj-kamen/,pending_wordstat_frequency
купить крупный камень для ландшафтного дизайна,topvisor_collect,commercial,/catalog/landshaftnyj-kamen/,pending_wordstat_frequency
купить натуральный камень для ландшафтного дизайна,topvisor_collect,commercial,/catalog/landshaftnyj-kamen/,pending_wordstat_frequency
купить плоские камни для ландшафтного дизайна,topvisor_collect,commercial,/catalog/landshaftnyj-kamen/,pending_wordstat_frequency
купить природный камень для ландшафтного дизайна,topvisor_collect,commercial,/catalog/landshaftnyj-kamen/,pending_wordstat_frequency
купить речной камень для ландшафтного,topvisor_collect,commercial,/catalog/landshaftnyj-kamen/,pending_wordstat_frequency
купить речной камень для ландшафтного дизайна,topvisor_collect,commercial,/catalog/landshaftnyj-kamen/,pending_wordstat_frequency
ландшафтная композиция из камней,topvisor_collect,review,/catalog/landshaftnyj-kamen/,pending_wordstat_frequency
ландшафтные камни купить,topvisor_collect,commercial,/catalog/landshaftnyj-kamen/,pending_wordstat_frequency
ландшафтный дизайн камни и хвойные,topvisor_collect,review,/catalog/landshaftnyj-kamen/,pending_wordstat_frequency
ландшафтный дизайн кора и камни,topvisor_collect,review,/catalog/landshaftnyj-kamen/,pending_wordstat_frequency
ландшафтный дизайн под камни,topvisor_collect,review,/catalog/landshaftnyj-kamen/,pending_wordstat_frequency
ландшафтный дизайн с камнями и хвойниками,topvisor_collect,review,/catalog/landshaftnyj-kamen/,pending_wordstat_frequency
ландшафтный дизайн участка бордюрная лента и камни,topvisor_collect,review,/catalog/landshaftnyj-kamen/,pending_wordstat_frequency
ландшафтный дизайнер камнями,topvisor_collect,review,/catalog/landshaftnyj-kamen/,pending_wordstat_frequency
ландшафтный камень,topvisor_collect|core_seed,review,/catalog/landshaftnyj-kamen/,pending_wordstat_frequency
ландшафтный камень виды,topvisor_collect,review,/catalog/landshaftnyj-kamen/,pending_wordstat_frequency
ландшафтный камень для сада,topvisor_collect,review,/catalog/landshaftnyj-kamen/,pending_wordstat_frequency
ландшафтный камень для сада купить,topvisor_collect,commercial,/catalog/landshaftnyj-kamen/,pending_wordstat_frequency
ландшафтный камень купить,core_seed,commercial,/catalog/landshaftnyj-kamen/,pending_wordstat_frequency
ландшафтный камень купить в туле,topvisor_collect,commercial,/catalog/landshaftnyj-kamen/,pending_wordstat_frequency
ландшафтный камень купить оптом,core_seed,commercial,/catalog/landshaftnyj-kamen/,pending_wordstat_frequency
ландшафтный камень оптом,core_seed,commercial,/catalog/landshaftnyj-kamen/,pending_wordstat_frequency
ландшафтный камень оптом купить,core_seed,commercial,/catalog/landshaftnyj-kamen/,pending_wordstat_frequency
ландшафтный камень оптом купить оптом,core_seed,commercial,/catalog/landshaftnyj-kamen/,pending_wordstat_frequency
ландшафтный камень оптом цена,core_seed,commercial,/catalog/landshaftnyj-kamen/,pending_wordstat_frequency
ландшафтный камень цена,core_seed,commercial,/catalog/landshaftnyj-kamen/,pending_wordstat_frequency
ландшафтный натуральный камень,topvisor_collect,review,/catalog/landshaftnyj-kamen/,pending_wordstat_frequency
мелкие камни для ландшафтного дизайна,topvisor_collect,review,/catalog/landshaftnyj-kamen/,pending_wordstat_frequency
натуральный камень для ландшафтного дизайна,topvisor_collect,review,/catalog/landshaftnyj-kamen/,pending_wordstat_frequency
отмостка из декоративного щебня,topvisor_collect,review,/catalog/landshaftnyj-kamen/,pending_wordstat_frequency
отсыпка декоративным щебнем,topvisor_collect,review,/catalog/landshaftnyj-kamen/,pending_wordstat_frequency
отсыпка камнем в ландшафтном дизайне,topvisor_collect,review,/catalog/landshaftnyj-kamen/,pending_wordstat_frequency
плоский камень для ландшафтного дизайна,topvisor_collect,review,/catalog/landshaftnyj-kamen/,pending_wordstat_frequency
подпорные стенки в ландшафтном дизайне из камня,topvisor_collect,review,/catalog/landshaftnyj-kamen/,pending_wordstat_frequency
природные ландшафтные камни купить,topvisor_collect,commercial,/catalog/landshaftnyj-kamen/,pending_wordstat_frequency
природный камень для ландшафтного дизайна,topvisor_collect,review,/catalog/landshaftnyj-kamen/,pending_wordstat_frequency
продажа камней для ландшафтного дизайна,topvisor_collect,commercial,/catalog/landshaftnyj-kamen/,pending_wordstat_frequency
раствор декоративный с каменной крошкой,topvisor_collect,review,/catalog/landshaftnyj-kamen/,pending_wordstat_frequency
расход декоративного щебня,topvisor_collect,review,/catalog/landshaftnyj-kamen/,pending_wordstat_frequency
речной камень в ландшафтном дизайне,topvisor_collect,review,/catalog/landshaftnyj-kamen/,pending_wordstat_frequency
ручей из камней в ландшафтном дизайне,topvisor_collect,review,/catalog/landshaftnyj-kamen/,pending_wordstat_frequency
сад с камнями в ландшафтном дизайне,topvisor_collect,review,/catalog/landshaftnyj-kamen/,pending_wordstat_frequency
садовые ландшафтные камни,topvisor_collect,review,/catalog/landshaftnyj-kamen/,pending_wordstat_frequency
сколько стоит декоративный щебень,topvisor_collect,review,/catalog/landshaftnyj-kamen/,pending_wordstat_frequency
сколько стоит камень для ландшафтного дизайна,topvisor_collect,review,/catalog/landshaftnyj-kamen/,pending_wordstat_frequency
спрос на крупные камни для ландшафтного дизайна,topvisor_collect,review,/catalog/landshaftnyj-kamen/,pending_wordstat_frequency
стоимость декоративного щебня,topvisor_collect,commercial,/catalog/landshaftnyj-kamen/,pending_wordstat_frequency
укладка декоративного щебня,topvisor_collect,review,/catalog/landshaftnyj-kamen/,pending_wordstat_frequency
уфа декоративный щебень,topvisor_collect,review,/catalog/landshaftnyj-kamen/,pending_wordstat_frequency
фельзит щебень,core_seed,review,/catalog/landshaftnyj-kamen/,pending_wordstat_frequency
фельзит щебень купить,core_seed,commercial,/catalog/landshaftnyj-kamen/,pending_wordstat_frequency
фельзит щебень купить оптом,core_seed,commercial,/catalog/landshaftnyj-kamen/,pending_wordstat_frequency
фельзит щебень цена,core_seed,commercial,/catalog/landshaftnyj-kamen/,pending_wordstat_frequency
фонтан в ландшафтном дизайне дикий камень,topvisor_collect,review,/catalog/landshaftnyj-kamen/,pending_wordstat_frequency
фракции декоративного щебня,topvisor_collect,review,/catalog/landshaftnyj-kamen/,pending_wordstat_frequency
цветной декоративный щебень купить,topvisor_collect,commercial,/catalog/landshaftnyj-kamen/,pending_wordstat_frequency
цветной камень для ландшафтного дизайна купить,topvisor_collect,commercial,/catalog/landshaftnyj-kamen/,pending_wordstat_frequency
цветные камни для ландшафтного дизайна,topvisor_collect,review,/catalog/landshaftnyj-kamen/,pending_wordstat_frequency
цветные ландшафтные камни,topvisor_collect,review,/catalog/landshaftnyj-kamen/,pending_wordstat_frequency
цена декоративного щебня,topvisor_collect,commercial,/catalog/landshaftnyj-kamen/,pending_wordstat_frequency
черный камень для ландшафтного дизайна,topvisor_collect,review,/catalog/landshaftnyj-kamen/,pending_wordstat_frequency
вес доломитового щебня,topvisor_collect,review,/product/dolomitovyj-shheben/,pending_wordstat_frequency
доломитка купить,topvisor_collect,commercial,/product/dolomitovyj-shheben/,pending_wordstat_frequency
доломитовый карьер щебень 10 20,topvisor_collect,review,/product/dolomitovyj-shheben/,pending_wordstat_frequency
доломитовый щебень,topvisor_collect|core_seed,review,/product/dolomitovyj-shheben/,pending_wordstat_frequency
доломитовый щебень 10 20,topvisor_collect,review,/product/dolomitovyj-shheben/,pending_wordstat_frequency
доломитовый щебень в ландшафте,topvisor_collect,review,/product/dolomitovyj-shheben/,pending_wordstat_frequency
доломитовый щебень в мешках,topvisor_collect,review,/product/dolomitovyj-shheben/,pending_wordstat_frequency
доломитовый щебень в фундаменте,topvisor_collect,review,/product/dolomitovyj-shheben/,pending_wordstat_frequency
доломитовый щебень для бетона,topvisor_collect,review,/product/dolomitovyj-shheben/,pending_wordstat_frequency
доломитовый щебень для дренажа,topvisor_collect,review,/product/dolomitovyj-shheben/,pending_wordstat_frequency
доломитовый щебень для септика,topvisor_collect,review,/product/dolomitovyj-shheben/,pending_wordstat_frequency
доломитовый щебень для септика купить,topvisor_collect,commercial,/product/dolomitovyj-shheben/,pending_wordstat_frequency
доломитовый щебень или гравийный,topvisor_collect,review,/product/dolomitovyj-shheben/,pending_wordstat_frequency
доломитовый щебень купить,topvisor_collect|core_seed,commercial,/product/dolomitovyj-shheben/,pending_wordstat_frequency
доломитовый щебень купить 5 20,topvisor_collect,commercial,/product/dolomitovyj-shheben/,pending_wordstat_frequency
доломитовый щебень купить оптом,core_seed,commercial,/product/dolomitovyj-shheben/,pending_wordstat_frequency
доломитовый щебень на дорожках,topvisor_collect,review,/product/dolomitovyj-shheben/,pending_wordstat_frequency
доломитовый щебень под асфальт,topvisor_collect,review,/product/dolomitovyj-shheben/,pending_wordstat_frequency
доломитовый щебень подойдет для дренажа,topvisor_collect,review,/product/dolomitovyj-shheben/,pending_wordstat_frequency
доломитовый щебень применение,topvisor_collect,review,/product/dolomitovyj-shheben/,pending_wordstat_frequency
доломитовый щебень прочность,topvisor_collect,review,/product/dolomitovyj-shheben/,pending_wordstat_frequency
доломитовый щебень цена,core_seed,commercial,/product/dolomitovyj-shheben/,pending_wordstat_frequency
доломитовый щебень цена за тонну,topvisor_collect,commercial,/product/dolomitovyj-shheben/,pending_wordstat_frequency
доломитовый щебень цена ступино,topvisor_collect,commercial,/product/dolomitovyj-shheben/,pending_wordstat_frequency
доставка доломитового щебня наро фоминск,topvisor_collect,commercial,/product/dolomitovyj-shheben/,pending_wordstat_frequency
известняковый доломитовый щебень,topvisor_collect,review,/product/dolomitovyj-shheben/,pending_wordstat_frequency
известняковый доломитовый щебень 5 10,topvisor_collect,review,/product/dolomitovyj-shheben/,pending_wordstat_frequency
как выглядит доломитовый щебень,topvisor_collect,review,/product/dolomitovyj-shheben/,pending_wordstat_frequency
какой доломитовый щебень подходит для септика,topvisor_collect,review,/product/dolomitovyj-shheben/,pending_wordstat_frequency
купить доломитовый щебень сатка 20 40,topvisor_collect,commercial,/product/dolomitovyj-shheben/,pending_wordstat_frequency
марка доломитового щебня,topvisor_collect,review,/product/dolomitovyj-shheben/,pending_wordstat_frequency
нижегородский доломитовый щебень,topvisor_collect,review,/product/dolomitovyj-shheben/,pending_wordstat_frequency
плотность доломитового щебня,topvisor_collect,review,/product/dolomitovyj-shheben/,pending_wordstat_frequency
проверка доломитового щебня кислотой,topvisor_collect,review,/product/dolomitovyj-shheben/,pending_wordstat_frequency
сколько весит куб доломитового щебня,topvisor_collect,review,/product/dolomitovyj-shheben/,pending_wordstat_frequency
сколько стоит доломитовая щебень,topvisor_collect,review,/product/dolomitovyj-shheben/,pending_wordstat_frequency
фракции доломитового щебня,topvisor_collect,review,/product/dolomitovyj-shheben/,pending_wordstat_frequency
цена доломитового щебня,topvisor_collect,commercial,/product/dolomitovyj-shheben/,pending_wordstat_frequency
щебень доломитовый 20 40,topvisor_collect,review,/product/dolomitovyj-shheben/,pending_wordstat_frequency
щебень доломитовый 20 40 купить,topvisor_collect,commercial,/product/dolomitovyj-shheben/,pending_wordstat_frequency
щебень доломитовый 20 40 цена,topvisor_collect,commercial,/product/dolomitovyj-shheben/,pending_wordstat_frequency
щебень доломитовый 40 70,topvisor_collect,review,/product/dolomitovyj-shheben/,pending_wordstat_frequency
щебень доломитовый 40 70 паспорт,topvisor_collect,review,/product/dolomitovyj-shheben/,pending_wordstat_frequency
щебень доломитовый 5 20,topvisor_collect,review,/product/dolomitovyj-shheben/,pending_wordstat_frequency
щебень доломитовый в чехове,topvisor_collect,review,/product/dolomitovyj-shheben/,pending_wordstat_frequency
щебень доломитовый вес куба фракция 20 40,topvisor_collect,review,/product/dolomitovyj-shheben/,pending_wordstat_frequency
щебень доломитовый гост,topvisor_collect,review,/product/dolomitovyj-shheben/,pending_wordstat_frequency
щебень доломитовый гравиделамитовый,topvisor_collect,review,/product/dolomitovyj-shheben/,pending_wordstat_frequency
щебень доломитовый для чего используется,topvisor_collect,review,/product/dolomitovyj-shheben/,pending_wordstat_frequency
щебень доломитовый фракция 5 20,topvisor_collect,review,/product/dolomitovyj-shheben/,pending_wordstat_frequency
щебень известково доломитовый,topvisor_collect,review,/product/dolomitovyj-shheben/,pending_wordstat_frequency
фельзит розовый,core_seed,review,/product/felzit-rozovyj/,pending_wordstat_frequency
фельзит розовый купить,core_seed,commercial,/product/felzit-rozovyj/,pending_wordstat_frequency
фельзит розовый купить оптом,core_seed,commercial,/product/felzit-rozovyj/,pending_wordstat_frequency
фельзит розовый цена,core_seed,commercial,/product/felzit-rozovyj/,pending_wordstat_frequency
щебень фельзит розовый,core_seed,review,/product/felzit-rozovyj/,pending_wordstat_frequency
щебень фельзит розовый купить,core_seed,commercial,/product/felzit-rozovyj/,pending_wordstat_frequency
щебень фельзит розовый купить оптом,core_seed,commercial,/product/felzit-rozovyj/,pending_wordstat_frequency
щебень фельзит розовый цена,core_seed,commercial,/product/felzit-rozovyj/,pending_wordstat_frequency
фельзит желтый,core_seed,review,/product/felzit-zheltyj/,pending_wordstat_frequency
фельзит желтый купить,core_seed,commercial,/product/felzit-zheltyj/,pending_wordstat_frequency
фельзит желтый купить оптом,core_seed,commercial,/product/felzit-zheltyj/,pending_wordstat_frequency
фельзит желтый цена,core_seed,commercial,/product/felzit-zheltyj/,pending_wordstat_frequency
щебень фельзит желтый,core_seed,review,/product/felzit-zheltyj/,pending_wordstat_frequency
щебень фельзит желтый купить,core_seed,commercial,/product/felzit-zheltyj/,pending_wordstat_frequency
щебень фельзит желтый купить оптом,core_seed,commercial,/product/felzit-zheltyj/,pending_wordstat_frequency
щебень фельзит желтый цена,core_seed,commercial,/product/felzit-zheltyj/,pending_wordstat_frequency
байрамгулово купить галька речная,topvisor_collect,commercial,/product/rechnaya-galka/,pending_wordstat_frequency
вес гальки речной 1 м3,topvisor_collect,review,/product/rechnaya-galka/,pending_wordstat_frequency
вес речной гальки,topvisor_collect,review,/product/rechnaya-galka/,pending_wordstat_frequency
виды речной гальки,topvisor_collect,review,/product/rechnaya-galka/,pending_wordstat_frequency
галька галтованная речная,topvisor_collect,review,/product/rechnaya-galka/,pending_wordstat_frequency
галька декоративная для сада и ландшафта купить,topvisor_collect,commercial,/product/rechnaya-galka/,pending_wordstat_frequency
галька для пруда 2см3см речная,topvisor_collect,review,/product/rechnaya-galka/,pending_wordstat_frequency
галька речная 10 20,topvisor_collect,review,/product/rechnaya-galka/,pending_wordstat_frequency
галька речная 120 200мм купить,topvisor_collect,commercial,/product/rechnaya-galka/,pending_wordstat_frequency
галька речная 20 40,topvisor_collect,review,/product/rechnaya-galka/,pending_wordstat_frequency
галька речная 20 40 купить,topvisor_collect,commercial,/product/rechnaya-galka/,pending_wordstat_frequency
галька речная 20 40 мм,topvisor_collect,review,/product/rechnaya-galka/,pending_wordstat_frequency
галька речная 40 70,topvisor_collect,review,/product/rechnaya-galka/,pending_wordstat_frequency
галька речная 5 10,topvisor_collect,review,/product/rechnaya-galka/,pending_wordstat_frequency
галька речная 5 20,topvisor_collect,review,/product/rechnaya-galka/,pending_wordstat_frequency
галька речная 5 20 купить,topvisor_collect,commercial,/product/rechnaya-galka/,pending_wordstat_frequency
галька речная 5 30,topvisor_collect,review,/product/rechnaya-galka/,pending_wordstat_frequency
галька речная 500 мм,topvisor_collect,review,/product/rechnaya-galka/,pending_wordstat_frequency
галька речная азов,topvisor_collect,review,/product/rechnaya-galka/,pending_wordstat_frequency
галька речная большая,topvisor_collect,review,/product/rechnaya-galka/,pending_wordstat_frequency
галька речная в мешках,topvisor_collect,review,/product/rechnaya-galka/,pending_wordstat_frequency
галька речная в мешках купить,topvisor_collect,commercial,/product/rechnaya-galka/,pending_wordstat_frequency
галька речная вес 1,topvisor_collect,review,/product/rechnaya-galka/,pending_wordstat_frequency
галька речная где белово,topvisor_collect,review,/product/rechnaya-galka/,pending_wordstat_frequency
галька речная декоративная,topvisor_collect,review,/product/rechnaya-galka/,pending_wordstat_frequency
галька речная для дорожек купить,topvisor_collect,commercial,/product/rechnaya-galka/,pending_wordstat_frequency
галька речная для дорожек плюсы и минусы,topvisor_collect,review,/product/rechnaya-galka/,pending_wordstat_frequency
галька речная екатеринбург,topvisor_collect,review,/product/rechnaya-galka/,pending_wordstat_frequency
галька речная кавказская,topvisor_collect,review,/product/rechnaya-galka/,pending_wordstat_frequency
галька речная как выглядит,topvisor_collect,review,/product/rechnaya-galka/,pending_wordstat_frequency
галька речная коричневая,topvisor_collect,review,/product/rechnaya-galka/,pending_wordstat_frequency
галька речная круглая,topvisor_collect,review,/product/rechnaya-galka/,pending_wordstat_frequency
галька речная крупная,topvisor_collect,review,/product/rechnaya-galka/,pending_wordstat_frequency
галька речная крупная купить,topvisor_collect,commercial,/product/rechnaya-galka/,pending_wordstat_frequency
галька речная куб,topvisor_collect,review,/product/rechnaya-galka/,pending_wordstat_frequency
галька речная купить в екатеринбурге,topvisor_collect,commercial,/product/rechnaya-galka/,pending_wordstat_frequency
галька речная купить в муроме,topvisor_collect,commercial,/product/rechnaya-galka/,pending_wordstat_frequency
галька речная купить в реже,topvisor_collect,commercial,/product/rechnaya-galka/,pending_wordstat_frequency
галька речная купить в уфе,topvisor_collect,commercial,/product/rechnaya-galka/,pending_wordstat_frequency
галька речная купить для скважины в альметьевске,topvisor_collect,commercial,/product/rechnaya-galka/,pending_wordstat_frequency
галька речная м3,topvisor_collect,review,/product/rechnaya-galka/,pending_wordstat_frequency
галька речная машина,topvisor_collect,review,/product/rechnaya-galka/,pending_wordstat_frequency
галька речная микс разноцветная фракция 20 40мм,topvisor_collect,review,/product/rechnaya-galka/,pending_wordstat_frequency
галька речная морская,topvisor_collect,review,/product/rechnaya-galka/,pending_wordstat_frequency
галька речная мытая,topvisor_collect,review,/product/rechnaya-galka/,pending_wordstat_frequency
галька речная окат,topvisor_collect,review,/product/rechnaya-galka/,pending_wordstat_frequency
галька речная окатанная,topvisor_collect,review,/product/rechnaya-galka/,pending_wordstat_frequency
галька речная окатанная фракция 120 200 мм,topvisor_collect,review,/product/rechnaya-galka/,pending_wordstat_frequency
галька речная оптом,topvisor_collect,commercial,/product/rechnaya-galka/,pending_wordstat_frequency
галька речная пестрая,topvisor_collect,review,/product/rechnaya-galka/,pending_wordstat_frequency
галька речная плоская,topvisor_collect,review,/product/rechnaya-galka/,pending_wordstat_frequency
галька речная разноцветная,topvisor_collect,review,/product/rechnaya-galka/,pending_wordstat_frequency
галька речная с доставкой домодедово,topvisor_collect,commercial,/product/rechnaya-galka/,pending_wordstat_frequency
галька речная светлая пестрая,topvisor_collect,review,/product/rechnaya-galka/,pending_wordstat_frequency
галька речная село томаровка,topvisor_collect,review,/product/rechnaya-galka/,pending_wordstat_frequency
галька речная серпухов,topvisor_collect,review,/product/rechnaya-galka/,pending_wordstat_frequency
галька речная фракция 20 40,topvisor_collect,review,/product/rechnaya-galka/,pending_wordstat_frequency
галька речная фракция 4 8 мм купить,topvisor_collect,commercial,/product/rechnaya-galka/,pending_wordstat_frequency
галька речная фракция 5 20,topvisor_collect,review,/product/rechnaya-galka/,pending_wordstat_frequency
галька речная цветная,topvisor_collect,review,/product/rechnaya-galka/,pending_wordstat_frequency
галька речная цена за куб,topvisor_collect,commercial,/product/rechnaya-galka/,pending_wordstat_frequency
галька речная черная,topvisor_collect,review,/product/rechnaya-galka/,pending_wordstat_frequency
галька речная яндекс маркет 2 5 мм,topvisor_collect,review,/product/rechnaya-galka/,pending_wordstat_frequency
где добывают гальку речную цветную в россии,topvisor_collect,review,/product/rechnaya-galka/,pending_wordstat_frequency
где купить речную гальку,topvisor_collect,commercial,/product/rechnaya-galka/,pending_wordstat_frequency
где набрать речную гальку,topvisor_collect,review,/product/rechnaya-galka/,pending_wordstat_frequency
грунт речная галька,topvisor_collect,review,/product/rechnaya-galka/,pending_wordstat_frequency
декоративный камень речная галька,topvisor_collect,review,/product/rechnaya-galka/,pending_wordstat_frequency
добыча речной гальки,topvisor_collect,review,/product/rechnaya-galka/,pending_wordstat_frequency
донный фильтр из осинового и речной гальки,topvisor_collect,review,/product/rechnaya-galka/,pending_wordstat_frequency
доставка речной гальки,topvisor_collect,commercial,/product/rechnaya-galka/,pending_wordstat_frequency
заливные полы из речной гальки,topvisor_collect,review,/product/rechnaya-galka/,pending_wordstat_frequency
затирка влагостойкая для речной гальки,topvisor_collect,review,/product/rechnaya-galka/,pending_wordstat_frequency
как рассчитать тоннаж гальки речной,topvisor_collect,commercial,/product/rechnaya-galka/,pending_wordstat_frequency
камни галька для ландшафтного дизайна,topvisor_collect,review,/product/rechnaya-galka/,pending_wordstat_frequency
кольцо речная галька от кристины пастори,topvisor_collect,review,/product/rechnaya-galka/,pending_wordstat_frequency
купить гальку речную 5 10мм в мешках,topvisor_collect,commercial,/product/rechnaya-galka/,pending_wordstat_frequency
купить гальку речную для колодца,topvisor_collect,commercial,/product/rechnaya-galka/,pending_wordstat_frequency
купить гальку речную коричневую оптом,topvisor_collect,commercial,/product/rechnaya-galka/,pending_wordstat_frequency
купить куб речной гальки в домодедовском районе,topvisor_collect,commercial,/product/rechnaya-galka/,pending_wordstat_frequency
купить мелкую речную гальку,topvisor_collect,commercial,/product/rechnaya-galka/,pending_wordstat_frequency
купить мытую речную гальку,topvisor_collect,commercial,/product/rechnaya-galka/,pending_wordstat_frequency
купить речную гальку 3 4 мм,topvisor_collect,commercial,/product/rechnaya-galka/,pending_wordstat_frequency
купить речную гальку в кудымкаре,topvisor_collect,commercial,/product/rechnaya-galka/,pending_wordstat_frequency
купить речную гальку в псебае,topvisor_collect,commercial,/product/rechnaya-galka/,pending_wordstat_frequency
купить речную гальку в серове,topvisor_collect,commercial,/product/rechnaya-galka/,pending_wordstat_frequency
купить речную гальку верхняя салда,topvisor_collect,commercial,/product/rechnaya-galka/,pending_wordstat_frequency
купить речную гальку череповец,topvisor_collect,commercial,/product/rechnaya-galka/,pending_wordstat_frequency
ландшафтный камень галька,topvisor_collect,review,/product/rechnaya-galka/,pending_wordstat_frequency
маленькая речная галька купить,topvisor_collect,commercial,/product/rechnaya-galka/,pending_wordstat_frequency
мелкая речная галька,topvisor_collect,review,/product/rechnaya-galka/,pending_wordstat_frequency
насыпная плотность речной гальки,topvisor_collect,review,/product/rechnaya-galka/,pending_wordstat_frequency
новая рига склад галька речная,topvisor_collect,review,/product/rechnaya-galka/,pending_wordstat_frequency
она держится приклеил речную гальку на скиммер,topvisor_collect,review,/product/rechnaya-galka/,pending_wordstat_frequency
плитка речная галька купить,topvisor_collect,commercial,/product/rechnaya-galka/,pending_wordstat_frequency
плотность речной гальки,topvisor_collect,review,/product/rechnaya-galka/,pending_wordstat_frequency
поиск украшений на металлоискателей речных гальках,topvisor_collect,review,/product/rechnaya-galka/,pending_wordstat_frequency
полированная речная галька черная купить цена,topvisor_collect,commercial,/product/rechnaya-galka/,pending_wordstat_frequency
полупрозрачный желтый камень в речной гальке,topvisor_collect,review,/product/rechnaya-galka/,pending_wordstat_frequency
речная галька,topvisor_collect|core_seed,review,/product/rechnaya-galka/,pending_wordstat_frequency
речная галька 10мм,topvisor_collect,review,/product/rechnaya-galka/,pending_wordstat_frequency
речная галька в баню печь,topvisor_collect,review,/product/rechnaya-galka/,pending_wordstat_frequency
речная галька в биг бэгах,topvisor_collect,review,/product/rechnaya-galka/,pending_wordstat_frequency
речная галька в бигах,topvisor_collect,review,/product/rechnaya-galka/,pending_wordstat_frequency
речная галька в ландшафтном дизайне,topvisor_collect,review,/product/rechnaya-galka/,pending_wordstat_frequency
речная галька в парную,topvisor_collect,review,/product/rechnaya-galka/,pending_wordstat_frequency
речная галька в петровиче,topvisor_collect,review,/product/rechnaya-galka/,pending_wordstat_frequency
речная галька в среднеуральске доставка,topvisor_collect,commercial,/product/rechnaya-galka/,pending_wordstat_frequency
речная галька для аквариума,topvisor_collect,review,/product/rechnaya-galka/,pending_wordstat_frequency
речная галька для бани,topvisor_collect,review,/product/rechnaya-galka/,pending_wordstat_frequency
речная галька для бани где купить,topvisor_collect,commercial,/product/rechnaya-galka/,pending_wordstat_frequency
речная галька для бани отзывы,topvisor_collect,review,/product/rechnaya-galka/,pending_wordstat_frequency
речная галька для бетона,topvisor_collect,review,/product/rechnaya-galka/,pending_wordstat_frequency
речная галька для дорожек,topvisor_collect,review,/product/rechnaya-galka/,pending_wordstat_frequency
речная галька для дорожек купить в балашихе,topvisor_collect,commercial,/product/rechnaya-galka/,pending_wordstat_frequency
речная галька для дорожек цена,topvisor_collect,commercial,/product/rechnaya-galka/,pending_wordstat_frequency
речная галька для дорожек цена за куб,topvisor_collect,commercial,/product/rechnaya-galka/,pending_wordstat_frequency
речная галька для каменки,topvisor_collect,review,/product/rechnaya-galka/,pending_wordstat_frequency
речная галька для колодца,topvisor_collect,review,/product/rechnaya-galka/,pending_wordstat_frequency
речная галька для отсыпки,topvisor_collect,review,/product/rechnaya-galka/,pending_wordstat_frequency
речная галька для электрокаминов фракция 10мм,topvisor_collect,review,/product/rechnaya-galka/,pending_wordstat_frequency
речная галька желтая,topvisor_collect,review,/product/rechnaya-galka/,pending_wordstat_frequency
речная галька заказать,topvisor_collect,commercial,/product/rechnaya-galka/,pending_wordstat_frequency
речная галька закреплением золота,topvisor_collect,review,/product/rechnaya-galka/,pending_wordstat_frequency
речная галька купить,topvisor_collect|core_seed,commercial,/product/rechnaya-galka/,pending_wordstat_frequency
речная галька купить 1 тонна,topvisor_collect,commercial,/product/rechnaya-galka/,pending_wordstat_frequency
речная галька купить машину,topvisor_collect,commercial,/product/rechnaya-galka/,pending_wordstat_frequency
речная галька купить оптом,topvisor_collect|core_seed,commercial,/product/rechnaya-galka/,pending_wordstat_frequency
речная галька купить с доставкой,topvisor_collect,commercial,/product/rechnaya-galka/,pending_wordstat_frequency
речная галька на 50 литров купить,topvisor_collect,commercial,/product/rechnaya-galka/,pending_wordstat_frequency
речная галька на вагоноремонтной улице,topvisor_collect,review,/product/rechnaya-galka/,pending_wordstat_frequency
речная галька состав,topvisor_collect,review,/product/rechnaya-galka/,pending_wordstat_frequency
речная галька татарстан,topvisor_collect,review,/product/rechnaya-galka/,pending_wordstat_frequency
речная галька тропинка,topvisor_collect,review,/product/rechnaya-galka/,pending_wordstat_frequency
речная галька уфа,topvisor_collect,review,/product/rechnaya-galka/,pending_wordstat_frequency
речная галька цвет,topvisor_collect,review,/product/rechnaya-galka/,pending_wordstat_frequency
речная галька цена,topvisor_collect|core_seed,commercial,/product/rechnaya-galka/,pending_wordstat_frequency
речная галька цена за тонну,topvisor_collect,commercial,/product/rechnaya-galka/,pending_wordstat_frequency
речной камень галька,topvisor_collect,review,/product/rechnaya-galka/,pending_wordstat_frequency
серая речная галька,topvisor_collect,review,/product/rechnaya-galka/,pending_wordstat_frequency
сколько весит куб гальки речной,topvisor_collect,review,/product/rechnaya-galka/,pending_wordstat_frequency
сколько стоит речная галька,topvisor_collect,review,/product/rechnaya-galka/,pending_wordstat_frequency
стоимость речной гальки,topvisor_collect,commercial,/product/rechnaya-galka/,pending_wordstat_frequency
торгажак речная галька,topvisor_collect,review,/product/rechnaya-galka/,pending_wordstat_frequency
удельный вес речной гальки,topvisor_collect,review,/product/rechnaya-galka/,pending_wordstat_frequency
укладка речной гальки,topvisor_collect,review,/product/rechnaya-galka/,pending_wordstat_frequency
форма речной гальки,topvisor_collect,review,/product/rechnaya-galka/,pending_wordstat_frequency
фракции гальки речной,topvisor_collect,review,/product/rechnaya-galka/,pending_wordstat_frequency
щебень галька декоративная,topvisor_collect,review,/product/rechnaya-galka/,pending_wordstat_frequency
щебень речная галька,topvisor_collect,review,/product/rechnaya-galka/,pending_wordstat_frequency
купить песок и щебень в сланцах,topvisor_collect,commercial,/product/slancevyj-shheben/,pending_wordstat_frequency
поедимка сланцы,topvisor_collect,review,/product/slancevyj-shheben/,pending_wordstat_frequency
сланцевый камень,topvisor_collect,review,/product/slancevyj-shheben/,pending_wordstat_frequency
сланцевый щебень,core_seed,review,/product/slancevyj-shheben/,pending_wordstat_frequency
сланцевый щебень купить,core_seed,commercial,/product/slancevyj-shheben/,pending_wordstat_frequency
сланцевый щебень купить оптом,core_seed,commercial,/product/slancevyj-shheben/,pending_wordstat_frequency
сланцевый щебень цена,core_seed,commercial,/product/slancevyj-shheben/,pending_wordstat_frequency
щебень из глинистого сланца,topvisor_collect,review,/product/slancevyj-shheben/,pending_wordstat_frequency
щебень сланец,topvisor_collect|core_seed,review,/product/slancevyj-shheben/,pending_wordstat_frequency
щебень сланец 20 40,topvisor_collect,review,/product/slancevyj-shheben/,pending_wordstat_frequency
щебень сланец 5 20,topvisor_collect,review,/product/slancevyj-shheben/,pending_wordstat_frequency
щебень сланец 5 20 применение,topvisor_collect,review,/product/slancevyj-shheben/,pending_wordstat_frequency
щебень сланец купить,core_seed,commercial,/product/slancevyj-shheben/,pending_wordstat_frequency
щебень сланец купить оптом,core_seed,commercial,/product/slancevyj-shheben/,pending_wordstat_frequency
щебень сланец применение,topvisor_collect,review,/product/slancevyj-shheben/,pending_wordstat_frequency
щебень сланец цена,core_seed,commercial,/product/slancevyj-shheben/,pending_wordstat_frequency
щебень сланцы купить,topvisor_collect,commercial,/product/slancevyj-shheben/,pending_wordstat_frequency
щебень яшма,topvisor_collect|core_seed,review,/product/yashma-shheben/,pending_wordstat_frequency
щебень яшма 20 40,topvisor_collect,review,/product/yashma-shheben/,pending_wordstat_frequency
щебень яшма купить,core_seed,commercial,/product/yashma-shheben/,pending_wordstat_frequency
щебень яшма купить оптом,core_seed,commercial,/product/yashma-shheben/,pending_wordstat_frequency
щебень яшма цена,core_seed,commercial,/product/yashma-shheben/,pending_wordstat_frequency
галтованный камень златолит 4 см толщиной,topvisor_collect,review,/product/zlatolit/,pending_wordstat_frequency
галька златолит,topvisor_collect,review,/product/zlatolit/,pending_wordstat_frequency
где добывают златолит,topvisor_collect,review,/product/zlatolit/,pending_wordstat_frequency
зеленый златолит,topvisor_collect,review,/product/zlatolit/,pending_wordstat_frequency
златолит,topvisor_collect|core_seed,review,/product/zlatolit/,pending_wordstat_frequency
златолит 20 40,topvisor_collect,review,/product/zlatolit/,pending_wordstat_frequency
златолит башкирия,topvisor_collect,review,/product/zlatolit/,pending_wordstat_frequency
златолит в аквариуме,topvisor_collect,review,/product/zlatolit/,pending_wordstat_frequency
златолит в ландшафтном дизайне,topvisor_collect,review,/product/zlatolit/,pending_wordstat_frequency
златолит галтованный,topvisor_collect,review,/product/zlatolit/,pending_wordstat_frequency
златолит галтованный купить,topvisor_collect,commercial,/product/zlatolit/,pending_wordstat_frequency
златолит графит для цоколя,topvisor_collect,review,/product/zlatolit/,pending_wordstat_frequency
златолит для бани,topvisor_collect,review,/product/zlatolit/,pending_wordstat_frequency
златолит для дорожек,topvisor_collect,review,/product/zlatolit/,pending_wordstat_frequency
златолит для дорожек галтованный,topvisor_collect,review,/product/zlatolit/,pending_wordstat_frequency
златолит для дорожек купить,topvisor_collect,commercial,/product/zlatolit/,pending_wordstat_frequency
златолит для кострища использовать можно,topvisor_collect,review,/product/zlatolit/,pending_wordstat_frequency
златолит для растений,topvisor_collect,review,/product/zlatolit/,pending_wordstat_frequency
златолит желто зеленый,topvisor_collect,review,/product/zlatolit/,pending_wordstat_frequency
златолит желтый,topvisor_collect,review,/product/zlatolit/,pending_wordstat_frequency
златолит желтый купить,topvisor_collect,commercial,/product/zlatolit/,pending_wordstat_frequency
златолит камень,topvisor_collect,review,/product/zlatolit/,pending_wordstat_frequency
златолит камень крошка фракция 10 20 мм,topvisor_collect,review,/product/zlatolit/,pending_wordstat_frequency
златолит камень купить,topvisor_collect,commercial,/product/zlatolit/,pending_wordstat_frequency
златолит камень серо зеленый,topvisor_collect,review,/product/zlatolit/,pending_wordstat_frequency
златолит карьер,topvisor_collect,review,/product/zlatolit/,pending_wordstat_frequency
златолит карьеры,topvisor_collect,review,/product/zlatolit/,pending_wordstat_frequency
златолит кора дерева,topvisor_collect,review,/product/zlatolit/,pending_wordstat_frequency
златолит коричневый кора дерева,topvisor_collect,review,/product/zlatolit/,pending_wordstat_frequency
златолит красный цена за метр квадратный,topvisor_collect,commercial,/product/zlatolit/,pending_wordstat_frequency
златолит крошка,topvisor_collect,review,/product/zlatolit/,pending_wordstat_frequency
златолит крошка купить,topvisor_collect,commercial,/product/zlatolit/,pending_wordstat_frequency
златолит крошка купить дмитровский район,topvisor_collect,commercial,/product/zlatolit/,pending_wordstat_frequency
златолит крошка купить лобня,topvisor_collect,commercial,/product/zlatolit/,pending_wordstat_frequency
златолит купить,core_seed,commercial,/product/zlatolit/,pending_wordstat_frequency
златолит купить в екатеринбурге,topvisor_collect,commercial,/product/zlatolit/,pending_wordstat_frequency
златолит купить оптом,core_seed,commercial,/product/zlatolit/,pending_wordstat_frequency
златолит лапша,topvisor_collect,review,/product/zlatolit/,pending_wordstat_frequency
златолит мультиколор,topvisor_collect,review,/product/zlatolit/,pending_wordstat_frequency
златолит на балкон,topvisor_collect,review,/product/zlatolit/,pending_wordstat_frequency
златолит рваный,topvisor_collect,review,/product/zlatolit/,pending_wordstat_frequency
златолит ру,topvisor_collect,review,/product/zlatolit/,pending_wordstat_frequency
златолит с фаской,topvisor_collect,review,/product/zlatolit/,pending_wordstat_frequency
златолит серебристый фр 100 300 мм,topvisor_collect,review,/product/zlatolit/,pending_wordstat_frequency
златолит серебро,topvisor_collect,review,/product/zlatolit/,pending_wordstat_frequency
златолит серо зеленый,topvisor_collect,review,/product/zlatolit/,pending_wordstat_frequency
златолит серый,topvisor_collect,review,/product/zlatolit/,pending_wordstat_frequency
златолит серый галтованный,topvisor_collect,review,/product/zlatolit/,pending_wordstat_frequency
златолит урал,topvisor_collect,review,/product/zlatolit/,pending_wordstat_frequency
златолит урал отзывы,topvisor_collect,review,/product/zlatolit/,pending_wordstat_frequency
златолит уральский,topvisor_collect,review,/product/zlatolit/,pending_wordstat_frequency
златолит уральский купить,topvisor_collect,commercial,/product/zlatolit/,pending_wordstat_frequency
златолит цена,topvisor_collect|core_seed,commercial,/product/zlatolit/,pending_wordstat_frequency
какого цвета златолит,topvisor_collect,review,/product/zlatolit/,pending_wordstat_frequency
каменная крошка златолит,topvisor_collect,review,/product/zlatolit/,pending_wordstat_frequency
каменный ковер златолит,topvisor_collect,review,/product/zlatolit/,pending_wordstat_frequency
камень златолит в аквариуме,topvisor_collect,review,/product/zlatolit/,pending_wordstat_frequency
камень златолит галтованный купить,topvisor_collect,commercial,/product/zlatolit/,pending_wordstat_frequency
камень златолит галька цена,topvisor_collect,commercial,/product/zlatolit/,pending_wordstat_frequency
камень златолит для бани,topvisor_collect,review,/product/zlatolit/,pending_wordstat_frequency
камень златолит крошка купить,topvisor_collect,commercial,/product/zlatolit/,pending_wordstat_frequency
камень златолит цена,topvisor_collect,commercial,/product/zlatolit/,pending_wordstat_frequency
камень натуральный златолит кора дерева купить,topvisor_collect,commercial,/product/zlatolit/,pending_wordstat_frequency
камень уральский златолит,topvisor_collect,review,/product/zlatolit/,pending_wordstat_frequency
карабаш златолит,topvisor_collect,review,/product/zlatolit/,pending_wordstat_frequency
кресло для улицы из камня златолит,topvisor_collect,review,/product/zlatolit/,pending_wordstat_frequency
кувандык златолит,topvisor_collect,review,/product/zlatolit/,pending_wordstat_frequency
купить златолит,topvisor_collect,commercial,/product/zlatolit/,pending_wordstat_frequency
купить златолит бирск,topvisor_collect,commercial,/product/zlatolit/,pending_wordstat_frequency
купить златолит в уфе,topvisor_collect,commercial,/product/zlatolit/,pending_wordstat_frequency
натуральный камень златолит,topvisor_collect,review,/product/zlatolit/,pending_wordstat_frequency
облицовка стенки в парилке златолитом зеленым,topvisor_collect,review,/product/zlatolit/,pending_wordstat_frequency
ооо златолит,topvisor_collect,review,/product/zlatolit/,pending_wordstat_frequency
плитка златолит,topvisor_collect,review,/product/zlatolit/,pending_wordstat_frequency
природный камень златолит,topvisor_collect,review,/product/zlatolit/,pending_wordstat_frequency
сланец златолит,topvisor_collect,review,/product/zlatolit/,pending_wordstat_frequency
станок для шлифовки и полировки златолита,topvisor_collect,review,/product/zlatolit/,pending_wordstat_frequency
укладка златолита,topvisor_collect,review,/product/zlatolit/,pending_wordstat_frequency
укладка камня златолит вокруг печи в бане,topvisor_collect,review,/product/zlatolit/,pending_wordstat_frequency
уральский природный камень златолит,topvisor_collect,review,/product/zlatolit/,pending_wordstat_frequency
черный златолит,topvisor_collect,review,/product/zlatolit/,pending_wordstat_frequency
черный златолит крошка,topvisor_collect,review,/product/zlatolit/,pending_wordstat_frequency
щебень златолит,topvisor_collect|core_seed,review,/product/zlatolit/,pending_wordstat_frequency
щебень златолит купить,core_seed,commercial,/product/zlatolit/,pending_wordstat_frequency
щебень златолит купить оптом,core_seed,commercial,/product/zlatolit/,pending_wordstat_frequency
щебень златолит цена,core_seed,commercial,/product/zlatolit/,pending_wordstat_frequency
змеевик камень в ландшафтном,topvisor_collect,review,/product/zmeevik-shheben/,pending_wordstat_frequency
змеевик камень для ландшафтного дизайна,topvisor_collect,review,/product/zmeevik-shheben/,pending_wordstat_frequency
змеевик камень щебень,topvisor_collect,review,/product/zmeevik-shheben/,pending_wordstat_frequency
змеевик щебень,topvisor_collect|core_seed,review,/product/zmeevik-shheben/,pending_wordstat_frequency
змеевик щебень купить,core_seed,commercial,/product/zmeevik-shheben/,pending_wordstat_frequency
змеевик щебень купить оптом,core_seed,commercial,/product/zmeevik-shheben/,pending_wordstat_frequency
змеевик щебень цена,core_seed,commercial,/product/zmeevik-shheben/,pending_wordstat_frequency
серпентин камень,topvisor_collect,review,/product/zmeevik-shheben/,pending_wordstat_frequency
щебень змеевик зеленый,topvisor_collect,review,/product/zmeevik-shheben/,pending_wordstat_frequency
щебень змеевик купить,topvisor_collect,commercial,/product/zmeevik-shheben/,pending_wordstat_frequency
