query,reason
ландшафтный дизайн,нет продукта
нефритовый камень,нет продукта
нефрит камень свойства,нет продукта
река дунай,нет продукта
авантюрин камень,нет продукта
варисцит что это за камень,нет продукта
спеченный камень,нет продукта
плитка под камень,нет продукта
опал камень,нет продукта
декоративная штукатурка каменная крошка,нерелевантно/розница/чужой продукт/город
щебенка в мешках купить,нет продукта
ехал грека через реку скороговорка,нет продукта
крафт замшелого каменного кирпича,нет продукта
пирит что это за камень,нет продукта
ландшафтный дизайн участка,нет продукта
корунд камень,нет продукта
гравийный отсев,нет продукта
купить щебенку,нет продукта
природный камень для дорожек,нет продукта
нефрит что за камень,нет продукта
а у реки,нет продукта
клей для щебенки на дорожках,нет продукта
сланец щебень фото,нерелевантно/розница/чужой продукт/город
щебень яшмы радиация,нерелевантно/розница/чужой продукт/город
щебеночно песчаная смесь,нет продукта
камни в мочевом пузыре,нет продукта
кварцит камень,нет продукта
ландшафтный дизайнер,нет продукта
плитняк златолит,нерелевантно/розница/чужой продукт/город
дорогие камни,нет продукта
живые камни,нет продукта
как добыть камень в майнкрафте,нет продукта
зеленый камень,нет продукта
как образуются камни в почках,нет продукта
жадеит камень фото,нет продукта
эвдиалит камень,нет продукта
клей для щебенки,нет продукта
змеиный камень,нет продукта
там за рекой русалку сам водяной,нет продукта
змеевик щебень купить в ярославле,нерелевантно/розница/чужой продукт/город
сад камней,нет продукта
декор штукатурка,нет продукта
зеленый авантюрин камень,нет продукта
суши кинг сланцы,нерелевантно/розница/чужой продукт/город
там за рекой русалку,нет продукта
щебень белая декоративная,нет продукта
каменная крошка декоративная для стен штукатурка,нерелевантно/розница/чужой продукт/город
щебень сланец 5 20 фото,нерелевантно/розница/чужой продукт/город
лепидолит что это за камень,нет продукта
литьевой камень,нет продукта
декоротивный камень,нет продукта
каменная река,нет продукта
сколько стоит тонна щебенки,нет продукта
сколько стоит камаз щебенки,нет продукта
златолит фото,нерелевантно/розница/чужой продукт/город
моховый агат камень,нет продукта
плитняк что это,нет продукта
ландшафтные камни большие,нерелевантно/розница/чужой продукт/город
ландшафт участка,нет продукта
гранитная щебенка,нет продукта
щебенка фото,нет продукта
белая щебенка,нет продукта
дельта реки это,нет продукта
рубеллит что за камень,нет продукта
генератор камня в майнкрафт,нет продукта
каменные жернова,нет продукта
камень для дорожек плитняк природный,нет продукта
большой камень для ландшафтного дизайна,нерелевантно/розница/чужой продукт/город
светящиеся камни для ландшафтного дизайна,нерелевантно/розница/чужой продукт/город
шунгит свойства камня,нет продукта
монетный щебеночный завод,нет продукта
каменный сад,нет продукта
русло реки,нет продукта
златокрот,нет продукта
гибкий камень травертин,нет продукта
щебень декоративный белый купить,нет продукта
доломитовый щебень и известковый отличия,нерелевантно/розница/чужой продукт/город
щебень сланец и кварцит что лучше,нерелевантно/розница/чужой продукт/город
дробление камней в мочеточнике,нет продукта
с голубого ручейка начинается река,нет продукта
сколько весит куб щебенки,нет продукта
речная галька фото,нерелевантно/розница/чужой продукт/город
златолит камень фото,нерелевантно/розница/чужой продукт/город
пешелань музей горного дела официальный сайт,нет продукта
щебень доломитовый или гранитный,нерелевантно/розница/чужой продукт/город
лемезит что за камень,нет продукта
панели с имитацией камня,нет продукта
строительство дробление щебенки,нет продукта
щебень цветной декоративные,нет продукта
сколько стоит куб щебенки,нет продукта
мелкая щебенка,нет продукта
каменный двор,нет продукта
зеленый аметист что это за камень,нет продукта
воскрешающий камень,нет продукта
монетный щебеночный завод официальный сайт,нет продукта
произведение резьбы по камню,нет продукта
брусчатка златолит,нерелевантно/розница/чужой продукт/город
клей для щебенки на дорожках купить,нет продукта
белые ландшафтные камни,нерелевантно/розница/чужой продукт/город
щебень сланец 20 40 воронеж,нерелевантно/розница/чужой продукт/город
дизайн ландшафта,нет продукта
река пра,нет продукта
пирит камень свойства,нет продукта
ландшафтный камень фото,нерелевантно/розница/чужой продукт/город
семейный магнит сланцы,нерелевантно/розница/чужой продукт/город
купить щебень декоративный в мешках,нет продукта
сланец щебень свойства,нерелевантно/розница/чужой продукт/город
диатомитовый камень что это,нет продукта
терапевты щебзавод,нет продукта
flëur камень,нет продукта
ландшафт,нет продукта
алевролит это,нет продукта
гавриловский щебеночный завод,нет продукта
излучина реки это,нет продукта
доломитный нарзан,нерелевантно/розница/чужой продукт/город
щебень доломитовый или известняковый разница,нерелевантно/розница/чужой продукт/город
ландшафтные камни большие купить,нерелевантно/розница/чужой продукт/город
мелкий окатыш камешек,нет продукта
обе рек,нет продукта
купить большие камни для ландшафтного дизайна,нерелевантно/розница/чужой продукт/город
плитняк это,нет продукта
галька речная спб,нерелевантно/розница/чужой продукт/город
картина с камнями интерьерная,нет продукта
щебень белый декоративный купить в мешках,нет продукта
мощение плитняком,нет продукта
светящиеся камни для ландшафтного,нерелевантно/розница/чужой продукт/город
минерал ярко зеленого цвета поделочный камень,нет продукта
а река течет по дну катает камушки,нет продукта
щебень гранитный и доломитовый разница,нерелевантно/розница/чужой продукт/город
плитка на кладбище фото благоустройство,нет продукта
щебень декоративный гранитный,нет продукта
купить речную гальку в переславле,нерелевантно/розница/чужой продукт/город
фотография природы и ландшафтов,нет продукта
песчано щебеночная смесь,нет продукта
ландшафт дизайн,нет продукта
галечный пляж,нерелевантно/розница/чужой продукт/город
плитняк златолит купить,нерелевантно/розница/чужой продукт/город
белый камень для ландшафтного дизайна,нерелевантно/розница/чужой продукт/город
поделочные камни названия и фото,нет продукта
галька речная новосибирск,нерелевантно/розница/чужой продукт/город
доломит мазь от чего,нерелевантно/розница/чужой продукт/город
доломитовый щебень что это такое фото,нерелевантно/розница/чужой продукт/город
белые камушки для ландшафтного дизайна,нерелевантно/розница/чужой продукт/город
плитняк златолит желтый,нерелевантно/розница/чужой продукт/город
валуны для сада и ландшафта купить,нет продукта
а по камушкам речка бежит слушать,нет продукта
река чуя,нет продукта
авито речная галька,нерелевантно/розница/чужой продукт/город
ландшафтный камень валун,нерелевантно/розница/чужой продукт/город
а по камушкам речка бежит,нет продукта
галька речная купить в спб,нерелевантно/розница/чужой продукт/город
декоративный щебень самара,нерелевантно/розница/чужой продукт/город
чем отличается доломитовый щебень от гранитного,нерелевантно/розница/чужой продукт/город
камень крупный ландшафтный,нерелевантно/розница/чужой продукт/город
декоративный щебень на могилу,нерелевантно/розница/чужой продукт/город
камни валуны для ландшафтного дизайна,нерелевантно/розница/чужой продукт/город
златолит свойства,нерелевантно/розница/чужой продукт/город
щебень доломитовый пермь цена,нерелевантно/розница/чужой продукт/город
камни в ландшафтном дизайне фото,нерелевантно/розница/чужой продукт/город
щебень декоративный для дорожек,нет продукта
искусственный ландшафтный камень,нерелевантно/розница/чужой продукт/город
щебень декоративный леруа,нет продукта
доломитовый щебень тверь,нерелевантно/розница/чужой продукт/город
декоративный щебень фото,нерелевантно/розница/чужой продукт/город
щебень белый декоративный цена,нет продукта
галька речная купить в новосибирске,нерелевантно/розница/чужой продукт/город
щебень декоративный для сада,нет продукта
златолит москва,нерелевантно/розница/чужой продукт/город
декоративный щебень на кладбище,нерелевантно/розница/чужой продукт/город
галька речная купить в самаре,нерелевантно/розница/чужой продукт/город
щебень декоративный авито,нет продукта
камень златолит свойства,нерелевантно/розница/чужой продукт/город
крошка щебень декоративный,нет продукта
какой щебень лучше доломитовый или гранитный,нерелевантно/розница/чужой продукт/город
купить гальку речную в переславле в мешках,нерелевантно/розница/чужой продукт/город
златолит купить в москве,нерелевантно/розница/чужой продукт/город
щебень декоративный купить в самаре,нет продукта
галька речная нижний тагил,нерелевантно/розница/чужой продукт/город
купить доломитовый щебень в перми,нерелевантно/розница/чужой продукт/город
щебень декоративный 10 20,нет продукта
ландшафтный камень москве,нерелевантно/розница/чужой продукт/город
щебень доломитовый 5 20 фото,нерелевантно/розница/чужой продукт/город
щебень доломитовый в ижевске,нерелевантно/розница/чужой продукт/город
галька речная москва,нерелевантно/розница/чужой продукт/город
искусственный камень для ландшафтного дизайна,нерелевантно/розница/чужой продукт/город
щебень декоративный 5 20,нет продукта
камень плитняк златолит,нерелевантно/розница/чужой продукт/город
щебень декоративный мелкий,нет продукта
доломитовый щебень спб,нерелевантно/розница/чужой продукт/город
щебень белый декоративный цена леруа,нет продукта
стеклянные камни для ландшафтного,нерелевантно/розница/чужой продукт/город
щебень белый декоративный для кладбища,нет продукта
златолит купить нижний новгород,нерелевантно/розница/чужой продукт/город
купить белые камни для ландшафтного,нерелевантно/розница/чужой продукт/город
ландшафтный камень спб,нерелевантно/розница/чужой продукт/город
декоративный щебень на могилу купить,нерелевантно/розница/чужой продукт/город
купить речную гальку в нижнем тагиле,нерелевантно/розница/чужой продукт/город
доломитовый щебень 20 на 40 фото,нерелевантно/розница/чужой продукт/город
галька речная белая,нерелевантно/розница/чужой продукт/город
ландшафтные камни своими руками,нерелевантно/розница/чужой продукт/город
речная галька купить в москве,нерелевантно/розница/чужой продукт/город
как называется белый камень для ландшафтного дизайна,нерелевантно/розница/чужой продукт/город
щебень декоративный черный,нет продукта
чем отличается доломитовый щебень от известнякового,нерелевантно/розница/чужой продукт/город
брусчатка из златолита отзывы,нерелевантно/розница/чужой продукт/город
купить ландшафтный камень москва,нерелевантно/розница/чужой продукт/город
щебень декоративный купить волжский,нет продукта
декоративный щебень краснодар,нерелевантно/розница/чужой продукт/город
камни ландшафтные купить спб,нерелевантно/розница/чужой продукт/город
доломитовый щебень для септика тверь,нерелевантно/розница/чужой продукт/город
галька речная белгород,нерелевантно/розница/чужой продукт/город
магические свойства златолита,нерелевантно/розница/чужой продукт/город
декоративный щебень брянск,нерелевантно/розница/чужой продукт/город
златолит камень купить в москве,нерелевантно/розница/чужой продукт/город
камни для ландшафтного дизайна москва,нерелевантно/розница/чужой продукт/город
купить доломитовый щебень ижевск,нерелевантно/розница/чужой продукт/город
ландшафтный дизайн своими руками камни,нерелевантно/розница/чужой продукт/город
златолит в спб,нерелевантно/розница/чужой продукт/город
щебень крашеный декоративный,нет продукта
купить златолит в спб,нерелевантно/розница/чужой продукт/город
купить белые камни для ландшафтного дизайна,нерелевантно/розница/чужой продукт/город
свойства доломитового щебня,нерелевантно/розница/чужой продукт/город
камень для ландшафтного дизайна спб,нерелевантно/розница/чужой продукт/город
златолит казань,нерелевантно/розница/чужой продукт/город
доломитовый щебень купить спб,нерелевантно/розница/чужой продукт/город
щебень декоративный серый,нет продукта
стеклянные камни для ландшафтного дизайна,нерелевантно/розница/чужой продукт/город
декоративный щебень тольятти,нерелевантно/розница/чужой продукт/город
купить камень для ландшафтного дизайна в москве,нерелевантно/розница/чужой продукт/город
галька речная хабаровск,нерелевантно/розница/чужой продукт/город
симферополь щебень декоративный,нет продукта
златолит камень свойства магические,нерелевантно/розница/чужой продукт/город
декоративный щебень красноярск,нерелевантно/розница/чужой продукт/город
купить доломитовый щебень липецкая область,нерелевантно/розница/чужой продукт/город
щебень декоративный воронеж,нет продукта
ландшафтный камень валун купить,нерелевантно/розница/чужой продукт/город
плитняк златолит желтый киров,нерелевантно/розница/чужой продукт/город
щебень декоративный в липецке,нет продукта
светящиеся камни для ландшафтного дизайна купить,нерелевантно/розница/чужой продукт/город
щебень 20 40 декоративный купить,нет продукта
доломитовый щебень 20 40 в раменском районе,нерелевантно/розница/чужой продукт/город
камни валуны для ландшафтного дизайна купить,нерелевантно/розница/чужой продукт/город
доломитовый щебень применение фото,нерелевантно/розница/чужой продукт/город
доломитовая щебень купить тамбов,нерелевантно/розница/чужой продукт/город
речная галька челябинск,нерелевантно/розница/чужой продукт/город
златолит камень купить в спб,нерелевантно/розница/чужой продукт/город
щебень белый декоративный цена леруа мерлен,нет продукта
щебень доломитовый или известняковый или гранитный,нерелевантно/розница/чужой продукт/город
декоративный щебень купить спб,нерелевантно/розница/чужой продукт/город
ландшафтный камень краснодар,нерелевантно/розница/чужой продукт/город
галька речная купить в нижнем новгороде,нерелевантно/розница/чужой продукт/город
щебень декоративный купить пермь,нет продукта
брусчатка из натурального камня златолита,нерелевантно/розница/чужой продукт/город
пермь щебень доломитовый 40 на 70 цена,нерелевантно/розница/чужой продукт/город
фото гравийный щебень 5 20 и доломитовый,нерелевантно/розница/чужой продукт/город
декоративный щебень своими руками,нерелевантно/розница/чужой продукт/город
гранитные камни для ландшафтного дизайна,нерелевантно/розница/чужой продукт/город
щебень декоративный галтованный,нет продукта
щебень доломитовый калуга,нерелевантно/розница/чужой продукт/город
щебень декоративный москва,нет продукта
доломитовый щебень под брусчатку,нерелевантно/розница/чужой продукт/город
доломитовый щебень для септика тверь купить,нерелевантно/розница/чужой продукт/город
камни для ландшафтного дизайна купить в спб,нерелевантно/розница/чужой продукт/город
плитняк златолит рваный купить,нерелевантно/розница/чужой продукт/город
леруа купить щебень декоративный,нет продукта
ландшафтный светильник камень,нерелевантно/розница/чужой продукт/город
галька речная купить в белгороде,нерелевантно/розница/чужой продукт/город
декоративный щебень для клумбы,нерелевантно/розница/чужой продукт/город
отличие известнякового щебня от доломитового,нерелевантно/розница/чужой продукт/город
златолит купить в новосибирске,нерелевантно/розница/чужой продукт/город
щебень крашеный декоративный цветной,нет продукта
доломитовый щебень а тамбове,нерелевантно/розница/чужой продукт/город
камни для ландшафтного дизайна в краснодаре,нерелевантно/розница/чужой продукт/город
щебень декоративный коричневый,нет продукта
свойства доломитового щебня гост,нерелевантно/розница/чужой продукт/город
купить камни для ландшафтного дизайна в краснодаре,нерелевантно/розница/чужой продукт/город
златолит пенза купить,нерелевантно/розница/чужой продукт/город
щебень декоративный купить москва,нет продукта
купить гальку речную в переславле залесском,нерелевантно/розница/чужой продукт/город
калининград декоративный щебень,нерелевантно/розница/чужой продукт/город
ландшафтный камень в новосибирске,нерелевантно/розница/чужой продукт/город
щебень доломитовый купить в дзержинске нижегородской,нерелевантно/розница/чужой продукт/город
ландшафтный камень нижний новгород,нерелевантно/розница/чужой продукт/город
карьеры челябинска брусчатка из златолита,нерелевантно/розница/чужой продукт/город
купить камень для ландшафтного дизайна в новосибирске,нерелевантно/розница/чужой продукт/город
плитняк златолит серебристый,нерелевантно/розница/чужой продукт/город
галька речная купить в хабаровске,нерелевантно/розница/чужой продукт/город
декоративный щебень для ландшафтного в самаре,нерелевантно/розница/чужой продукт/город
щебень доломитовый раменское доставка,нерелевантно/розница/чужой продукт/город
доломитовый и гравийный щебень отличия и фото,нерелевантно/розница/чужой продукт/город
ландшафтный камень ростов,нерелевантно/розница/чужой продукт/город
ландшафтный камень казань,нерелевантно/розница/чужой продукт/город
плитняк златолит фото,нерелевантно/розница/чужой продукт/город
щебень декоративный купить в волгограде,нет продукта
галька речная тигровый глаз купить в спб,нерелевантно/розница/чужой продукт/город
ландшафтный камень воронеж,нерелевантно/розница/чужой продукт/город
камни для ландшафтного дизайна казань,нерелевантно/розница/чужой продукт/город
галька речная красноярск,нерелевантно/розница/чужой продукт/город
плитняк златолит желтый для чего нужен,нерелевантно/розница/чужой продукт/город
щебень декоративный тула,нет продукта
златолит купить в казани,нерелевантно/розница/чужой продукт/город
клей для декоративного щебня,нерелевантно/розница/чужой продукт/город
щебень лучше доломитовый или известковый,нерелевантно/розница/чужой продукт/город
щебень крашеный декоративный цветной купить,нет продукта
галька речная купить в москве в мешках,нерелевантно/розница/чужой продукт/город
ландшафтные камни омск,нерелевантно/розница/чужой продукт/город
речная галька тюмень,нерелевантно/розница/чужой продукт/город
как сделать искусственный камень для ландшафтного дизайна,нерелевантно/розница/чужой продукт/город
златолит крошка купить в новосибирске,нерелевантно/розница/чужой продукт/город
декоративный щебень для ландшафтного дизайна купить тольятти,нерелевантно/розница/чужой продукт/город
купить декоративный щебень ярославль,нерелевантно/розница/чужой продукт/город
эрклез стеклянный камень в ландшафтном,нерелевантно/розница/чужой продукт/город
декоративный щебень казань,нерелевантно/розница/чужой продукт/город
декоративный щебень купить брянск,нерелевантно/розница/чужой продукт/город
златолит купить в красноярске,нерелевантно/розница/чужой продукт/город
имитация камня для ландшафтного дизайна,нерелевантно/розница/чужой продукт/город
речная галька оренбург,нерелевантно/розница/чужой продукт/город
горбушка златолит уральский белый,нерелевантно/розница/чужой продукт/город
щебень декоративный ростов,нет продукта
камни для ландшафтного дизайна купить воронеж,нерелевантно/розница/чужой продукт/город
щебень декоративный купить в тюмени,нет продукта
декоративные камни для ландшафтного дизайна своими руками,нерелевантно/розница/чужой продукт/город
декоративный щебень для ландшафтного дизайна фото,нерелевантно/розница/чужой продукт/город
галька речная белая купить,нерелевантно/розница/чужой продукт/город
декоративный щебень рязань,нерелевантно/розница/чужой продукт/город
клей для речной гальки,нерелевантно/розница/чужой продукт/город
декоративный щебень белгород,нерелевантно/розница/чужой продукт/город
купить гранитный камень для ландшафтного дизайна,нерелевантно/розница/чужой продукт/город
камень ландшафтный купить в омске,нерелевантно/розница/чужой продукт/город
златолит купить в челябинске,нерелевантно/розница/чужой продукт/город
декоративный щебень сыктывкар,нерелевантно/розница/чужой продукт/город
большие камни в ландшафтном дизайне фото,нерелевантно/розница/чужой продукт/город
галька речная купить челябинск,нерелевантно/розница/чужой продукт/город
плитняк златолит желтый нижний новгород,нерелевантно/розница/чужой продукт/город
купить природный камень златолит в краснодаре,нерелевантно/розница/чужой продукт/город
щебень декоративный лемана про,нет продукта
камень для ландшафтного дизайна омск,нерелевантно/розница/чужой продукт/город
декоративный щебень ижевск,нерелевантно/розница/чужой продукт/город
златолит уральский купить нижний новгород,нерелевантно/розница/чужой продукт/город
купить речную гальку в новокузнецке,нерелевантно/розница/чужой продукт/город
клей для ландшафтного дизайна для камней,нерелевантно/розница/чужой продукт/город
купить щебень декоративный краснодар,нет продукта
ландшафтный камень брянск,нерелевантно/розница/чужой продукт/город
камень златолит 40 на 70 самара,нерелевантно/розница/чужой продукт/город
щебень декоративный кемерово,нет продукта
камни для ландшафтного дизайна купить в омске,нерелевантно/розница/чужой продукт/город
златолит фото и виды,нерелевантно/розница/чужой продукт/город
купить декоративный щебень для клумб,нерелевантно/розница/чужой продукт/город
купить ландшафтный камень в самаре,нерелевантно/розница/чужой продукт/город
красноярск купить декоративный щебень,нерелевантно/розница/чужой продукт/город
декоративные белые камни для ландшафтного,нерелевантно/розница/чужой продукт/город
эрклез стеклянный камень в ландшафтном дизайне,нерелевантно/розница/чужой продукт/город
щебень белый декоративный в самаре,нет продукта
речная галька красноярск купить,нерелевантно/розница/чужой продукт/город
щебень декоративный микс,нет продукта
галька речная купить в тюмени,нерелевантно/розница/чужой продукт/город
купить декоративный щебень дешево оптом самара,нерелевантно/розница/чужой продукт/город
ландшафтный камень купить московская область,нерелевантно/розница/чужой продукт/город
щебень декоративный розовый,нет продукта
камни для ландшафтного дизайна в волгограде,нерелевантно/розница/чужой продукт/город
где взять речную гальку,нерелевантно/розница/чужой продукт/город
щебень декоративный купить в симферополе,нет продукта
арболит с златолитом иваново,нерелевантно/розница/чужой продукт/город
купить гальку речную в ростове на дону,нерелевантно/розница/чужой продукт/город
купить декоративный щебень в самарской области,нерелевантно/розница/чужой продукт/город
где купить большие камни для ландшафтного,нерелевантно/розница/чужой продукт/город
где купить большие камни для ландшафтного дизайна,нерелевантно/розница/чужой продукт/город
декоративный щебень подстепки,нерелевантно/розница/чужой продукт/город
галька речная купить в белгороде на авито,нерелевантно/розница/чужой продукт/город
щебень декоративный купить в курске,нет продукта
купить в кирове галька речная,нерелевантно/розница/чужой продукт/город
купить декоративный цветной щебень в кемерово,нерелевантно/розница/чужой продукт/город
камни в ландшафтном дизайне фото интересные,нерелевантно/розница/чужой продукт/город
златолит 40 70 купить в тюмени,нерелевантно/розница/чужой продукт/город
галька речная купить магнитогорск,нерелевантно/розница/чужой продукт/город
щебень декоративный купить в кемерово,нет продукта
камни для ландшафтного дизайна в самаре,нерелевантно/розница/чужой продукт/город
купить щебень декоративный для клумбы в перми,нет продукта
декоративный камень в дмитрове гранитный щебень,нерелевантно/розница/чужой продукт/город
где взять камни для ландшафтного дизайна,нерелевантно/розница/чужой продукт/город
галька речная купить в тольятти,нерелевантно/розница/чужой продукт/город
декоративный щебень купить в южно сахалинске,нерелевантно/розница/чужой продукт/город
купить декоративный щебень нальчик,нерелевантно/розница/чужой продукт/город
ландшафтный камень с подсветкой,нерелевантно/розница/чужой продукт/город
декоративный щебень купить в воронеже,нерелевантно/розница/чужой продукт/город
купить камень для ландшафтного дизайна в самаре,нерелевантно/розница/чужой продукт/город
плитняк златолит крупноформатный какой толщины,нерелевантно/розница/чужой продукт/город
купить щебень декоративный в барнауле,нет продукта
иркутск купить камни для ландшафтного дизайна,нерелевантно/розница/чужой продукт/город
галька речная липецк,нерелевантно/розница/чужой продукт/город
стройдвор тюмень декоративная щебень,нерелевантно/розница/чужой продукт/город
камень ландшафтный для клумбы,нерелевантно/розница/чужой продукт/город
бутовый камень в ландшафтном дизайне,нерелевантно/розница/чужой продукт/город
плитняк златолит желтый галтованный,нерелевантно/розница/чужой продукт/город
речная галька для кладбища,нерелевантно/розница/чужой продукт/город
галька речная пермь,нерелевантно/розница/чужой продукт/город
щебень декоративный купить в новосибирске,нет продукта
купить камень для ландшафтного дизайна казань,нерелевантно/розница/чужой продукт/город
как правильно засыпать клумбу декоративным щебнем,нерелевантно/розница/чужой продукт/город
декоративные камни для ландшафтного дизайна большие,нерелевантно/розница/чужой продукт/город
купить гальку речную в ярославле,нерелевантно/розница/чужой продукт/город
галька речная купить в раменском,нерелевантно/розница/чужой продукт/город
купить декоративную щебень нижний новгород,нерелевантно/розница/чужой продукт/город
купить речную гальку раменский,нерелевантно/розница/чужой продукт/город
купить камни для ландшафтного дизайна спб ло,нерелевантно/розница/чужой продукт/город
куплю гальку речную в раменском районе,нерелевантно/розница/чужой продукт/город
вайвайберриз купить декоративный щебень,нерелевантно/розница/чужой продукт/город
галька речная авито донецк,нерелевантно/розница/чужой продукт/город
сочетание декоративного щебня для мозаичного пола,нерелевантно/розница/чужой продукт/город
камни для ландшафтного дизайна в киржаче купить,нерелевантно/розница/чужой продукт/город
речная галька 5 8см казань,нерелевантно/розница/чужой продукт/город
щебень декоративный для ландшафтного дизайна авито бузулук,нет продукта
природный камень для ландшафтного дизайна спб,нерелевантно/розница/чужой продукт/город
купить ландшафтный камень в воронеже,нерелевантно/розница/чужой продукт/город
речная галька для каменки казань,нерелевантно/розница/чужой продукт/город
уют строй симферополь щебень декоративный,нет продукта
декоративные камни для ландшафтного дизайна фото,нерелевантно/розница/чужой продукт/город
речная галька калуга,нерелевантно/розница/чужой продукт/город
декоративный щебень москва московская область,нерелевантно/розница/чужой продукт/город
галька речная купить волгоград,нерелевантно/розница/чужой продукт/город
стоимость декоративного щебня 1200 к,нерелевантно/розница/чужой продукт/город
щебень декоративный зеленый,нет продукта
купить круглый декоративный щебень в ставрополе,нерелевантно/розница/чужой продукт/город
купить щебень декоративный в мешках в новосибирске,нет продукта
ландшафтный камень пермь купить,нерелевантно/розница/чужой продукт/город
декоративный камень щебень сфюветоыор 13 кг,нерелевантно/розница/чужой продукт/город
купить камень для ландшафтного дизайна волгоград,нерелевантно/розница/чужой продукт/город
леруа мерлен калуга щебень декоративный,нет продукта
щебень крашеный декоративный белый,нет продукта
окрашивание декоративного щебня,нерелевантно/розница/чужой продукт/город
камень для ландшафтного дизайна пенза,нерелевантно/розница/чужой продукт/город
щебень декоративный синий волжский,нет продукта
речная галька купить калуга,нерелевантно/розница/чужой продукт/город
декоративный щебень на могилу белый,нерелевантно/розница/чужой продукт/город
дизайн клумбы с камнями ландшафтный,нерелевантно/розница/чужой продукт/город
щебень на могилу декоративный ярославль купить,нет продукта
камень для ландшафтного дизайна в белгороде,нерелевантно/розница/чужой продукт/город
купить камень для ландшафтного дизайна в белгороде,нерелевантно/розница/чужой продукт/город
купить декоративный щебень для ландшафтного красноярск,нерелевантно/розница/чужой продукт/город
камни в ландшафтном дизайне фото интересные решения,нерелевантно/розница/чужой продукт/город
галька речная купить в брянске,нерелевантно/розница/чужой продукт/город
купить щебень декоративный в вологде в мешках,нет продукта
камень плитняк в ландшафтном дизайне,нерелевантно/розница/чужой продукт/город
речная галька крупная купить в брянске,нерелевантно/розница/чужой продукт/город
щебень 20 40 декоративный купить в тучково,нет продукта
камень для ландшафтного дизайна купить в твери,нерелевантно/розница/чужой продукт/город
ландшафтный дизайн сад камней фото,нерелевантно/розница/чужой продукт/город
где найти речную гальку в калининграде форум,нерелевантно/розница/чужой продукт/город
щебень декоративный бордовый,нет продукта
декоративный щебень старый оскол,нерелевантно/розница/чужой продукт/город
купить камень для ландшафтного дизайна саратов,нерелевантно/розница/чужой продукт/город
вайберриз купить декоративный щебень,нерелевантно/розница/чужой продукт/город
купить камень для ландшафтного дизайна в дзержинске,нерелевантно/розница/чужой продукт/город
ландшафтный камень челябинск,нерелевантно/розница/чужой продукт/город
купить щебень декоративный балаково,нет продукта
мелкий щебень декоративный купить ульяновск,нет продукта
камни для ландшафтного дизайна в саранске,нерелевантно/розница/чужой продукт/город
сколько делать толщину щебня для декоративного ландшафт,нет продукта
камень ландшафтный из цемента,нерелевантно/розница/чужой продукт/город
пластиковые камни для ландшафтного дизайна,нерелевантно/розница/чужой продукт/город
стеклянные камни для ландшафтного дизайна купить,нерелевантно/розница/чужой продукт/город
щебень декоративный купить сейчас севастополь,нет продукта
галька речная купить в владимире,нерелевантно/розница/чужой продукт/город
декоративный щебень ейск,нерелевантно/розница/чужой продукт/город
камень для ландшафтного дизайна брянск,нерелевантно/розница/чужой продукт/город
щебень крашеный декоративный цветной купить в шахтах,нет продукта
ландшафтный камень купить в казани,нерелевантно/розница/чужой продукт/город
как лучше промыть щебень декоративный,нет продукта
купить камень для ландшафтного дизайна в сочи,нерелевантно/розница/чужой продукт/город
речная галька плитка своими руками,нерелевантно/розница/чужой продукт/город
декоративные щебень всех цветов хочу посмотреть,нерелевантно/розница/чужой продукт/город
пленка под декоративный щебень,нерелевантно/розница/чужой продукт/город
купить гальку речную воронеж,нерелевантно/розница/чужой продукт/город
щебень декоративный купить в саранске,нет продукта
ландшафтный камень елец,нерелевантно/розница/чужой продукт/город
щебень декоративный купить в могилеве,нет продукта
камень для ландшафтного дизайна в тихорецке,нерелевантно/розница/чужой продукт/город
щебень декоративный днр,нет продукта
купить речную гальку мытую в раменском районе,нерелевантно/розница/чужой продукт/город
щебень декоративный купить днр,нет продукта
речная галька цена челябинск,нерелевантно/розница/чужой продукт/город
декоративный щебень минск,нерелевантно/розница/чужой продукт/город
эрклез стеклянный камень в ландшафтном дизайне фото,нерелевантно/розница/чужой продукт/город
фото галька морская речная,нерелевантно/розница/чужой продукт/город
щебень декоративный купить в минске,нет продукта
камни в ландшафтном дизайне фото на клумбах,нерелевантно/розница/чужой продукт/город
щебень декоративный купить в гомеле,нет продукта
искусственные камни для ландшафтного дизайна купить,нерелевантно/розница/чужой продукт/город
галька речная для габиона купить геленджик,нерелевантно/розница/чужой продукт/город
галька речная на электрокаменки казань,нерелевантно/розница/чужой продукт/город
речная галька шлифованная для каменки казань,нерелевантно/розница/чужой продукт/город
вяжущий состав для ландшафтного камня,нерелевантно/розница/чужой продукт/город
купить камни для ландшафтного дизайна в ростове,нерелевантно/розница/чужой продукт/город
галька речная для клумбы,нерелевантно/розница/чужой продукт/город
ландшафтный камень купить в красноярске,нерелевантно/розница/чужой продукт/город
галька речная купить в стерлитамаке,нерелевантно/розница/чужой продукт/город
декоративные белые камни для ландшафтного дизайна,нерелевантно/розница/чужой продукт/город
чем отличается речная галька от морской,нерелевантно/розница/чужой продукт/город
галька речная купить владивосток,нерелевантно/розница/чужой продукт/город
камень для ландшафтного дизайна 500 кг,нерелевантно/розница/чужой продукт/город
ландшафтный камень ижевск,нерелевантно/розница/чужой продукт/город
камни для ландшафтного в элисте,нерелевантно/розница/чужой продукт/город
имитация камня для ландшафтного дизайна для люка,нерелевантно/розница/чужой продукт/город
купить речную гальку в нижневартовске,нерелевантно/розница/чужой продукт/город
камни для ландшафтного дизайна пермь,нерелевантно/розница/чужой продукт/город
камни для ландшафтного дизайна в томске,нерелевантно/розница/чужой продукт/город
камни с подсветкой для ландшафтного дизайна,нерелевантно/розница/чужой продукт/город
речная галька 5 20 нижнекамск,нерелевантно/розница/чужой продукт/город
камни для ландшафтного дизайна купить брянск,нерелевантно/розница/чужой продукт/город
купить камни для ландшафтного дизайна в смоленске,нерелевантно/розница/чужой продукт/город
купить камни для ландшафтные в миассе,нерелевантно/розница/чужой продукт/город
купить белые крупные камни для ландшафтного дизайна,нерелевантно/розница/чужой продукт/город
речная галька купить краснодар,нерелевантно/розница/чужой продукт/город
купить ландшафтные камни в пензе,нерелевантно/розница/чужой продукт/город
авито волгоград галька речная купить,нерелевантно/розница/чужой продукт/город
стеклянные камни для ландшафтного декоративные,нерелевантно/розница/чужой продукт/город
что лучше нефрит или речная галька,нерелевантно/розница/чужой продукт/город
камни плоские большие для ландшафтного дизайна,нерелевантно/розница/чужой продукт/город
речная галька для дорожек купить в магнитогорске,нерелевантно/розница/чужой продукт/город
продажа камней для ландшафтного дизайна в туймазах,нерелевантно/розница/чужой продукт/город
искусственный камень для ландшафтного дизайна из пластика,нерелевантно/розница/чужой продукт/город
камень валун для ландшафтного дизайна казань,нерелевантно/розница/чужой продукт/город
ландшафтный камень симферополь,нерелевантно/розница/чужой продукт/город
галька речная купить в ульяновске,нерелевантно/розница/чужой продукт/город
купить камни в крыму для ландшафтного дизайна,нерелевантно/розница/чужой продукт/город
речная галька для дорожек фото,нерелевантно/розница/чужой продукт/город
иркутск речная галька купить,нерелевантно/розница/чужой продукт/город
купить ландшафтный камень для клумбы в муроме,нерелевантно/розница/чужой продукт/город
камень искусственный из пенопласта для ландшафтного,нерелевантно/розница/чужой продукт/город
речная галька пенза,нерелевантно/розница/чужой продукт/город
галька речная в ростовской области,нерелевантно/розница/чужой продукт/город
камень ландшафтный купить калуга,нерелевантно/розница/чужой продукт/город
купить ландшафтный камень в брянске,нерелевантно/розница/чужой продукт/город
купить камни для ландшафтного дизайна в ижевске,нерелевантно/розница/чужой продукт/город
купить гальку речную в московской области,нерелевантно/розница/чужой продукт/город
ландшафтный камень купить в тюмени,нерелевантно/розница/чужой продукт/город
купить речная галька в севастополе,нерелевантно/розница/чужой продукт/город
купить в сургуте ландшафтный камень,нерелевантно/розница/чужой продукт/город
см фото речная галька из гранодиорита,нерелевантно/розница/чужой продукт/город
искусственные камни из смолы для ландшафтного дизайна,нерелевантно/розница/чужой продукт/город
гальку речную купить в набережных челнах,нерелевантно/розница/чужой продукт/город
астильба папоротник можжевельник камни красивая ландшафтная,нерелевантно/розница/чужой продукт/город
авито нижний тагил галька речная купить,нерелевантно/розница/чужой продукт/город
ландшафтный камень узкий и высокий,нерелевантно/розница/чужой продукт/город
высокие камни для ландшафтного дизайна,нерелевантно/розница/чужой продукт/город
москва ландшафтный дизайн имитация камня,нерелевантно/розница/чужой продукт/город
светящиеся камни для ландшафтного дизайна своими руками,нерелевантно/розница/чужой продукт/город
ландшафтный камень колпак высокий,нерелевантно/розница/чужой продукт/город
декоративные камни для ландшафтного в казани,нерелевантно/розница/чужой продукт/город
ландшафтный камень купить киров,нерелевантно/розница/чужой продукт/город
галька речная крупная купить в липецке цена,нерелевантно/розница/чужой продукт/город
купить камень для ландшафтного дизайна в астрахани,нерелевантно/розница/чужой продукт/город
купить камни для ландшафтного дизайна истра панфилова,нерелевантно/розница/чужой продукт/город
сколько стоит речная галька в новосибирске,нерелевантно/розница/чужой продукт/город
ландшафтный дизайн мордочка ежика на камне,нерелевантно/розница/чужой продукт/город
речная галька крупная плоская купить в брянске,нерелевантно/розница/чужой продукт/город
эрклез стеклянный камень в ландшафтном купить,нерелевантно/розница/чужой продукт/город
купить камни для ландшафтного дизайна в тихорецке,нерелевантно/розница/чужой продукт/город
ландшафтный камень учалы купить,нерелевантно/розница/чужой продукт/город
речная галька 5 8см казань печи,нерелевантно/розница/чужой продукт/город
декоративные белые камни для ландшафтного закругленные,нерелевантно/розница/чужой продукт/город
светящиеся камни для ландшафтного дизайна отзывы,нерелевантно/розница/чужой продукт/город
челябинская область купить камни для ландшафтного дизайна,нерелевантно/розница/чужой продукт/город
галька речная на могилу,нерелевантно/розница/чужой продукт/город
ландшафтный декоративный светильник камень 570мм uni hauss,нерелевантно/розница/чужой продукт/город
пиленый камень для ландшафтного дизайна фото,нерелевантно/розница/чужой продукт/город
хосты в ландшафтном дизайне вместе с камнями,нерелевантно/розница/чужой продукт/город
камень декоративный красноярск для ландшафтного дизайна,нерелевантно/розница/чужой продукт/город
камень для ландшафтного дизайна купить в адыгее,нерелевантно/розница/чужой продукт/город
декоративные камни для ландшафтного дизайна в рязани,нерелевантно/розница/чужой продукт/город
ландшафтный камень шумейка магазин,нерелевантно/розница/чужой продукт/город
светящиеся камни для ландшафтного дизайна 220в,нерелевантно/розница/чужой продукт/город
камень для ландшафтного дизайна киселевск,нерелевантно/розница/чужой продукт/город
декоративные камни для ландшафтного дизайна купить курганинск,нерелевантно/розница/чужой продукт/город
камень плитняк в ландшафтном дизайне фото,нерелевантно/розница/чужой продукт/город
ландшафтный камень для сада купить в перми,нерелевантно/розница/чужой продукт/город
стеклянные камни для ландшафтного дизайна картинки,нерелевантно/розница/чужой продукт/город
