query,sources,gsc_impressions,gsc_clicks,gsc_position,yandex_shows,yandex_clicks,yandex_position,status,reason
мраморная мука,gsc|yandex_webmaster,70,0,13.17,1,0,36.00,candidate,
мраморная крошка оптом,gsc|topvisor_existing,66,0,37.67,,,,candidate,
мраморная мука применение,gsc,60,0,22.88,,,,candidate,
мраморная крошка купить оптом,gsc,34,0,28.29,,,,candidate,
мраморная крошка купить оптом от производителя,gsc,33,0,27.76,,,,candidate,
мраморная крошка формула,gsc,29,0,40.83,,,,candidate,
мраморная 10х20 щебень,gsc,25,0,22.04,,,,candidate,
мраморная крошка в ландшафтном дизайне фото,gsc,23,0,37.65,,,,candidate,
белая мраморная крошка в ландшафтном дизайне,gsc,20,0,29.55,,,,candidate,
купить мраморную крошку для ландшафтного дизайна,gsc,18,0,28.11,,,,candidate,
мраморная крошка в ландшафтном дизайне,gsc,18,0,35.78,,,,candidate,
мозаичные полы мраморной крошки цены,gsc,17,0,69.88,,,,candidate,
мраморная мука купить,gsc|topvisor_existing,16,0,15.44,,,,candidate,
мраморная крошка мелкой фракции,gsc,15,0,31.07,,,,candidate,
щебень 200,gsc,15,0,25.27,,,,candidate,
крошка фракция 3 5,gsc,11,0,38.55,,,,candidate,
ландшафт с мраморной крошкой,gsc,11,0,28.27,,,,candidate,
мраморная мука это,gsc,11,0,9.55,,,,candidate,
мраморная крошка 0.2 0.5 купить,gsc,10,0,24.30,,,,candidate,
мраморная крошка оптом от производителя,gsc,10,0,29.50,,,,candidate,
для чего используют мраморную крошку,gsc,8,0,28.38,,,,candidate,
купить мраморную крошку в екатеринбурге в мешках,gsc,8,0,18.13,,,,candidate,
мраморная крошка 5 10 мм,gsc,8,0,30.00,,,,candidate,
мраморная крошка екатеринбург,gsc,8,0,19.63,,,,candidate,
мраморная крошка крупная фракция,gsc,8,0,23.63,,,,candidate,
купить мраморную крошку оптом,gsc,7,0,29.43,,,,candidate,
мраморная крошка вокруг дерева,gsc,7,0,15.43,,,,candidate,
мраморная пудра купить,gsc,7,0,30.86,,,,candidate,
мука мраморная,gsc,7,0,19.29,,,,candidate,
каменная крошка оптом,gsc,6,0,38.83,,,,candidate,
крошка мраморная 1 мм,gsc,6,0,18.50,,,,candidate,
купить мраморную крошку в екатеринбурге,gsc,6,0,27.17,,,,candidate,
купить мраморную крошку в мешках в екатеринбурге,gsc,6,0,16.67,,,,candidate,
купить мраморную муку,gsc,6,0,13.17,,,,candidate,
мраморная крошка 2 3 мм,gsc,6,0,25.00,,,,candidate,
мраморная крошка белая фракция 5 10,gsc,6,0,28.67,,,,candidate,
мраморный щебень,gsc,6,0,17.50,,,,candidate,
паспорт на мрамор,yandex_webmaster,,,,6,0,9.83,candidate,
щебень 10 20,gsc,6,0,60.00,,,,candidate,
завод мраморной крошки,gsc,5,0,44.00,,,,candidate,
купить мраморную крошку в мешках екатеринбурге,gsc,5,0,16.80,,,,candidate,
мраморная крошка в екатеринбурге купить,gsc,4,0,17.50,,,,candidate,
мраморная крошка купить фракцией 5 10 мм,gsc,4,0,29.00,,,,candidate,
мраморная крошка фракцией 5 10 мм,gsc,4,0,29.00,,,,candidate,
мраморная крошка фракции 5 10,gsc,4,0,37.75,,,,candidate,
мраморная крошка цена за тонну,gsc,4,0,29.00,,,,candidate,
мраморная мука микрокальцит,gsc|topvisor_existing,4,0,26.50,,,,candidate,
мраморная мука микрокальцит купить,gsc,4,0,26.50,,,,candidate,
мраморная пыль купить,gsc,4,0,25.50,,,,candidate,
мраморный щебень 10 20,gsc,4,0,15.25,,,,candidate,
мраморный щебень оптом,gsc|topvisor_existing,4,0,25.00,,,,candidate,
щебень 20 50,gsc,4,0,8.50,,,,candidate,
акрило мраморная крошка отзывы,gsc,3,0,3.33,,,,exclude,другой продукт
гранитная крошка 5 10 мм в мешках,gsc,3,0,51.67,,,,exclude,чужой материал: гранит
декоративная крошка оптом 5кг,gsc,3,0,32.33,,,,candidate,
декоративная крошка оптом упаковка,gsc,3,0,26.67,,,,candidate,
дизайн ручьёв,gsc,3,0,99.67,,,,candidate,
крошка мраморная паспорт качества,yandex_webmaster,,,,3,0,8.00,candidate,
купить мраморную крошку оптом от производителя,gsc,3,0,32.67,,,,candidate,
ландшафтная мраморная крошка,gsc,3,0,24.67,,,,candidate,
микрокальцит купить в екатеринбурге,gsc,3,0,20.00,,,,candidate,
микрокальцит купить екатеринбург,gsc,3,0,22.67,,,,candidate,
мраморная крошка 2 5 мм,gsc,3,0,54.67,,,,candidate,
мраморная крошка купить екатеринбург,gsc,3,0,16.67,,,,candidate,
мраморная пудра,gsc,3,0,15.67,,,,candidate,
мраморный щебень екатеринбург,gsc,3,0,38.00,,,,candidate,
мраморный щебень фракции 5 10,gsc,3,0,18.33,,,,candidate,
плотность мраморной крошки,gsc,3,0,25.67,,,,candidate,
цветная мраморная крошка для ландшафтного дизайна,gsc,3,0,32.33,,,,candidate,
amp minerals,yandex_webmaster,,,,3,1,1.67,brand,брендовый или навигационный запрос
+7 919 393 1992,yandex_webmaster,,,,2,0,3.00,candidate,
декоративная крошка для ландшафтного дизайна,gsc,2,0,37.00,,,,candidate,
как работает удобрение мраморная мука,yandex_webmaster,,,,2,0,9.00,candidate,
карьеры белого мрамора екатеринбург,yandex_webmaster,,,,2,0,9.50,candidate,
крошка мраморная фракция 2 5,gsc,2,0,48.00,,,,candidate,
купить мраморную крошку фракции 0.2,gsc,2,0,17.50,,,,candidate,
микрокальцит мраморная мука,gsc,2,0,25.50,,,,candidate,
мраморная крошка 1 1 5 мм,gsc,2,0,25.50,,,,candidate,
мраморная крошка 2-3 мм,gsc,2,0,25.50,,,,candidate,
мраморная крошка для ландшафта,gsc,2,0,43.50,,,,candidate,
мраморная крошка для ландшафтного дизайна,gsc|topvisor_existing,2,0,36.50,,,,candidate,
мраморная крошка и щебень купить в екатеринбурге,yandex_webmaster,,,,2,0,4.00,candidate,
мраморная крошка фракция,gsc,2,0,49.00,,,,candidate,
мраморная крошка фракция 2 5 мм,gsc,2,0,72.00,,,,candidate,
мраморный щебень 10 20 купить,gsc,2,0,14.50,,,,candidate,
мраморный щебень 10 20 мм белый купить,gsc,2,0,19.50,,,,candidate,
мраморный щебень купить в екатеринбурге,yandex_webmaster,,,,2,0,46.50,candidate,
польза мраморной муки для земли,yandex_webmaster,,,,2,0,6.50,candidate,
применение мраморной муки в сельском хозяйстве,yandex_webmaster,,,,2,0,5.00,candidate,
производство мраморного песка челябинск,yandex_webmaster,,,,2,0,7.00,candidate,
хрустальная крошка,gsc,2,0,52.50,,,,candidate,
цветная крошка для ландшафтного дизайна,gsc,2,0,31.00,,,,candidate,
щебень на савкова,yandex_webmaster,,,,2,0,3.00,candidate,
amp - minerals,yandex_webmaster,,,,2,0,1.50,brand,брендовый или навигационный запрос
89193931992,yandex_webmaster,,,,1,0,3.00,brand,брендовый или навигационный запрос
акрилово мраморная крошка купить,gsc,1,0,8.00,,,,candidate,
амп импорт экспорт,yandex_webmaster,,,,1,0,2.00,brand,брендовый или навигационный запрос
амп-импорт филиал великобритании,yandex_webmaster,,,,1,0,5.00,brand,брендовый или навигационный запрос
"амп-импорт-экспорт, зао",yandex_webmaster,,,,1,0,9.00,brand,брендовый или навигационный запрос
декоративная крошка в упаковке оптом,gsc,1,0,24.00,,,,candidate,
декоративная крошка весовая оптом,gsc,1,0,33.00,,,,candidate,
декоративная крошка для флористики вес,gsc,1,0,35.00,,,,exclude,розничный сценарий
декоративная крошка оптом,gsc,1,0,31.00,,,,candidate,
декоративная крошка оптом вес,gsc,1,0,27.00,,,,candidate,
завод мраморной крошки челябинск,yandex_webmaster,,,,1,0,10.00,candidate,
завод по производству мраморной крошки в челябинской области,yandex_webmaster,,,,1,0,10.00,candidate,
карьер амманал,yandex_webmaster,,,,1,0,11.00,candidate,
карьер мраморная крошка,yandex_webmaster,,,,1,0,9.00,candidate,
карьер мраморного белого щебня свердловская область,yandex_webmaster,,,,1,0,13.00,candidate,
карьер мраморного щебня екатеринбург,yandex_webmaster,,,,1,0,10.00,candidate,
карьер мраморной крошки в екатеринбурге,yandex_webmaster,,,,1,0,11.00,candidate,
карьер производства мраморной крошки в челябинске,yandex_webmaster,,,,1,0,4.00,candidate,
клумба с мраморной крошкой,gsc,1,0,53.00,,,,candidate,
коллоидный микрокальцит,gsc|topvisor_existing,1,0,47.00,,,,candidate,
крошка для декора весовая,gsc,1,0,40.00,,,,candidate,
крошка для декора оптом москва,gsc,1,0,37.00,,,,candidate,
крошка мраморная белая оптом,gsc,1,0,36.00,,,,candidate,
крошка мраморная фракция 2.5,gsc,1,0,79.00,,,,candidate,
купить гранитная крошка фракции 5 10,gsc,1,0,49.00,,,,exclude,чужой материал: гранит
купить мраморную крошку 0.2 фракция,gsc,1,0,15.00,,,,candidate,
макрощелка,gsc,1,0,31.00,,,,exclude,нерелевантный запрос
макрощелки,gsc,1,0,26.00,,,,exclude,нерелевантный запрос
макрощель,gsc,1,0,38.00,,,,exclude,нерелевантный запрос
микрокальцит екатеринбург,gsc,1,0,28.00,,,,candidate,
микрокальцит мраморный,gsc,1,0,27.00,,,,candidate,
мраморная крошка,gsc,1,0,6.00,,,,candidate,
мраморная крошка 05-98 - насыпная плотность,yandex_webmaster,,,,1,0,3.00,candidate,
мраморная крошка 3 5 мм,gsc,1,0,41.00,,,,candidate,
мраморная крошка 5 10,gsc,1,0,25.00,,,,candidate,
мраморная крошка 5 10 купить,gsc,1,0,37.00,,,,candidate,
мраморная крошка 5 мм купить,gsc,1,0,7.00,,,,candidate,
мраморная крошка в мешках,gsc|topvisor_existing,1,0,56.00,,,,candidate,
мраморная крошка для ландшафтного дизайна купить,gsc,1,0,19.00,,,,candidate,
мраморная крошка купить в челябинске,gsc,1,0,55.00,,,,candidate,
мраморная крошка тюмень,yandex_webmaster,,,,1,0,7.00,candidate,
мраморная крошка фракция 5 10,gsc,1,0,13.00,,,,candidate,
мраморная мука для чего используется,yandex_webmaster,,,,1,0,8.00,candidate,
мраморная мука купить в москве,gsc,1,0,21.00,,,,candidate,
мраморная пыль,gsc,1,0,29.00,,,,candidate,
мраморный порошок,gsc,1,0,25.00,,,,candidate,
мраморный щебень екатеринбург заявки на расчет юридическим лицам,yandex_webmaster,,,,1,0,10.00,candidate,
мраморный щебень контакты заявки на расчет,yandex_webmaster,,,,1,0,5.00,candidate,
"ооо ""амп"" сайт компании",yandex_webmaster,,,,1,0,11.00,brand,брендовый или навигационный запрос
отсыпка мраморной крошкой,gsc,1,0,49.00,,,,candidate,
применение мраморной муки для почвы.,yandex_webmaster,,,,1,0,5.00,candidate,
производители мраморной крошки в рф,yandex_webmaster,,,,1,2,15.00,candidate,
производитель мраморной крошки челябинск,yandex_webmaster,,,,1,1,2.00,candidate,
производство мраморной крошки,gsc,1,0,7.00,,,,candidate,
производство мраморный песок в челябинске,yandex_webmaster,,,,1,0,8.00,candidate,
фракция гранитной крошки,gsc,1,0,84.00,,,,exclude,чужой материал: гранит
фракция мраморной крошки,gsc,1,0,7.00,,,,candidate,
цементная крошка,gsc,1,0,33.00,,,,exclude,чужой материал
щебень мраморный карьер в екатеринбурге,yandex_webmaster,,,,1,0,12.00,candidate,
evoprod,yandex_webmaster,,,,1,0,8.00,brand,брендовый или навигационный запрос
амп минералс,topvisor_existing,,,,,,,brand,брендовый или навигационный запрос
белая мраморная крошка купить,topvisor_existing,,,,,,,candidate,
белый мрамор купить,topvisor_existing,,,,,,,candidate,
белый мраморный щебень,topvisor_existing,,,,,,,candidate,
галтованный мраморный щебень,topvisor_existing,,,,,,,candidate,
декоративная мраморная крошка,topvisor_existing,,,,,,,candidate,
декоративный мраморный щебень,topvisor_existing,,,,,,,candidate,
микрокальцит купить,topvisor_existing,,,,,,,candidate,
микрокальцит купить оптом от производителя,topvisor_existing,,,,,,,candidate,
микрокальцит оптом,topvisor_existing,,,,,,,candidate,
мраморная крошка 10-20,topvisor_existing,,,,,,,candidate,
мраморная крошка 20-50,topvisor_existing,,,,,,,candidate,
мраморная крошка 5-10,topvisor_existing,,,,,,,candidate,
мраморная крошка для бетона,topvisor_existing,,,,,,,candidate,
мраморная крошка для отделки фасада,topvisor_existing,,,,,,,candidate,
мраморная крошка купить,topvisor_existing,,,,,,,candidate,
мраморная крошка цена,topvisor_existing,,,,,,,candidate,
мраморный щебень 10-20,topvisor_existing,,,,,,,candidate,
мраморный щебень 20-40,topvisor_existing,,,,,,,candidate,
мраморный щебень в мешках,topvisor_existing,,,,,,,candidate,
мраморный щебень для бетона,topvisor_existing,,,,,,,candidate,
мраморный щебень купить,topvisor_existing,,,,,,,candidate,
мраморный щебень цена,topvisor_existing,,,,,,,candidate,
поставщик мраморной крошки,topvisor_existing,,,,,,,candidate,
производитель мраморного щебня,topvisor_existing,,,,,,,candidate,
amp-minerals,topvisor_existing,,,,,,,brand,брендовый или навигационный запрос
