id,query,intent,target,status
310495,карбонат кальция,mixed,/product/mikrokaltsit-5-200-mkm/,candidate_pending_frequency
435515,микрокальцит,mixed,/product/mikrokaltsit-5-200-mkm/,candidate_pending_frequency
446623,мраморная крошка,mixed,/catalog/kroshka/,candidate_pending_frequency
446734,мраморный щебень,mixed,/catalog/shcheben/,candidate_pending_frequency
29773417,мраморная мука,mixed,/product/mramornaya-muka-0-0-2/,candidate_pending_frequency
93690211,мраморная крошка для ландшафта,mixed,/primenenie/landshaft/,candidate_pending_frequency
1080379503,мраморная крошка для штукатурки,mixed,/primenenie/shtukaturka/,candidate_pending_frequency
828701442,купить мраморную муку,commercial,/product/mramornaya-muka-0-0-2/,candidate_pending_frequency
828701499,мраморная крошка для декоративной штукатурки,mixed,/primenenie/shtukaturka/,candidate_pending_frequency
355014,крошка мраморная белая,mixed,/catalog/kroshka/,candidate_pending_frequency
23271683,щебень мраморный белый купить,commercial,/catalog/shcheben/,candidate_pending_frequency
865144115,мраморная мука для чего используется,informational,/product/mramornaya-muka-0-0-2/,candidate_pending_frequency
1080379386,микрокальцит панели,mixed,/product/mikrokaltsit-5-200-mkm/,candidate_pending_frequency
761547357,мраморная крошка для стен штукатурка,mixed,/primenenie/shtukaturka/,candidate_pending_frequency
1036153811,фракции мраморного щебня,informational,/catalog/shcheben/,candidate_pending_frequency
1080379245,мраморная мука насыпная плотность,informational,/product/mramornaya-muka-0-0-2/,candidate_pending_frequency
112548339,мраморный щебень 10 20,mixed,/product/mramornyj-shheben-10-20/,candidate_pending_frequency
645885459,мраморная мука микрокальцит купить,commercial,/product/mikrokaltsit-5-200-mkm/,candidate_pending_frequency
1080379504,мраморная крошка для штукатурки купить,commercial,/primenenie/shtukaturka/,candidate_pending_frequency
55689006,мраморный щебень 20 40,mixed,/product/mramornyj-shheben-20-50/,candidate_pending_frequency
347917435,микрокальцит мрамора,mixed,/product/mikrokaltsit-5-200-mkm/,candidate_pending_frequency
434106930,штукатурка с мраморной крошкой для внутренних работ,mixed,/primenenie/shtukaturka/,candidate_pending_frequency
991965716,мраморная крошка сколько,informational,/catalog/kroshka/,candidate_pending_frequency
1080379246,эпоксидная смола с мраморной мукой,mixed,/primenenie/lkm/,candidate_pending_frequency
47162452,купить мраморную крошку в мешках,commercial,/catalog/kroshka/,candidate_pending_frequency
56616885,кальций карбонат,mixed,/product/mikrokaltsit-5-200-mkm/,candidate_pending_frequency
139025184,мкм микрокальцит,mixed,/product/mikrokaltsit-5-200-mkm/,candidate_pending_frequency
348348361,штукатурка мраморная крошка для внутренней отделки,mixed,/primenenie/shtukaturka/,candidate_pending_frequency
139025197,микрокальцит мраморная,mixed,/product/mikrokaltsit-5-200-mkm/,candidate_pending_frequency
383534154,штукатурка мраморная крошка для фасада купить,commercial,/primenenie/shtukaturka/,candidate_pending_frequency
1080379248,мраморная мука из камня,mixed,/product/mramornaya-muka-0-0-2/,candidate_pending_frequency
1080379265,щебень мраморный белый фракция,informational,/catalog/shcheben/,candidate_pending_frequency
2756904,штукатурка мраморная крошка,mixed,/primenenie/shtukaturka/,candidate_pending_frequency
115484492,микрокальцит мк,mixed,/product/mikrokaltsit-5-200-mkm/,candidate_pending_frequency
208227756,мраморный щебень 10 20 мм,mixed,/product/mramornyj-shheben-10-20/,candidate_pending_frequency
1080379249,купить мраморную муку в туле,commercial,/product/mramornaya-muka-0-0-2/,candidate_pending_frequency
1080379505,сухая штукатурка с крошкой мраморной для цоколя,mixed,/primenenie/shtukaturka/,candidate_pending_frequency
139025210,микрокальцит 5,mixed,/product/mikrokaltsit-5-200-mkm/,candidate_pending_frequency
955858550,щебень мраморный галтованный,mixed,/catalog/shcheben/,candidate_pending_frequency
1080379250,мраморная мука мк 100 в краснодаре,geo,/product/mramornaya-muka-0-0-2/,candidate_pending_frequency
1080379506,декоративная с мраморной крошкой штукатурка для ванной,mixed,/primenenie/shtukaturka/,candidate_pending_frequency
112698526,фракции мраморной крошки,informational,/catalog/kroshka/,candidate_pending_frequency
914303710,краска микрокальцит,mixed,/primenenie/lkm/,candidate_pending_frequency
1080379507,штукатурка мраморная крошка для внутренней отделки купить,commercial,/primenenie/shtukaturka/,candidate_pending_frequency
181916,где купить мраморную крошку,commercial,/catalog/kroshka/,candidate_pending_frequency
139025212,микрокальцит 2,mixed,/product/mikrokaltsit-5-200-mkm/,candidate_pending_frequency
955858549,щебень мраморный белый фракция 10 20мм,informational,/product/mramornyj-shheben-10-20/,candidate_pending_frequency
1080379252,купить мраморную муку домодедово,commercial,/product/mramornaya-muka-0-0-2/,candidate_pending_frequency
1080379508,мраморная штукатурка крошка для улицы,mixed,/primenenie/shtukaturka/,candidate_pending_frequency
347917962,микрокальцит смолы,mixed,/primenenie/lkm/,candidate_pending_frequency
1080379266,щебень мраморно белый 10 20 мм,mixed,/product/mramornyj-shheben-10-20/,candidate_pending_frequency
1080379509,штукатурка для стен дома из мраморной крошки,mixed,/primenenie/shtukaturka/,candidate_pending_frequency
49287202,мраморная крошка фото,mixed,/catalog/kroshka/,candidate_pending_frequency
164168647,штукатурка из мраморной крошки для наружных работ,mixed,/primenenie/shtukaturka/,candidate_pending_frequency
112547481,мраморный щебень 5 20,mixed,/product/mramornyj-shheben-10-20/,candidate_pending_frequency
181084213,карбонат кальция что это,informational,/product/mikrokaltsit-5-200-mkm/,candidate_pending_frequency
347916677,коллоидный микрокальцит купить,commercial,/product/mikrokaltsit-5-200-mkm/,candidate_pending_frequency
1080379255,купить мраморную муку мк 100,commercial,/product/mramornaya-muka-0-0-2/,candidate_pending_frequency
1080379510,мраморная крошка для пола декоративная штукатурка,mixed,/primenenie/shtukaturka/,candidate_pending_frequency
93690210,мраморная крошка 10 20,mixed,/catalog/kroshka/,candidate_pending_frequency
133545839,купить мраморный щебень в мешках,commercial,/catalog/shcheben/,candidate_pending_frequency
1080379256,отличие мраморная мука от мраморной крошки,informational,/product/mramornaya-muka-0-0-2/,candidate_pending_frequency
1080379511,штукатурка мраморная крошка для ступеней крыльца,mixed,/primenenie/shtukaturka/,candidate_pending_frequency
10107627,щебень мраморный екатеринбург,geo,/catalog/shcheben/,candidate_pending_frequency
44436464,купить микрокальцит оптом,commercial,/product/mikrokaltsit-5-200-mkm/,candidate_pending_frequency
102699917,под мраморную крошку,mixed,/catalog/kroshka/,candidate_pending_frequency
1080379257,мука мраморная хранение,mixed,/product/mramornaya-muka-0-0-2/,candidate_pending_frequency
8968525,мрамор молотый микрокальцит,mixed,/product/mikrokaltsit-5-200-mkm/,candidate_pending_frequency
36985692,отделка мраморной крошкой,mixed,/catalog/kroshka/,candidate_pending_frequency
158157454,мраморный щебень 10 20 мм белый купить,commercial,/product/mramornyj-shheben-10-20/,candidate_pending_frequency
93690207,мраморная крошка для дорожек,mixed,/catalog/kroshka/,candidate_pending_frequency
115906149,производство микрокальцитов,mixed,/product/mikrokaltsit-5-200-mkm/,candidate_pending_frequency
1080379259,лак с мраморной мукой как краски,informational,/primenenie/lkm/,candidate_pending_frequency
10660539,мраморная крошка для фасада,mixed,/primenenie/shtukaturka/,candidate_pending_frequency
437406549,микрокальцит спб,geo,/product/mikrokaltsit-5-200-mkm/,candidate_pending_frequency
57367032,куплю мраморную крошку цена,commercial,/catalog/kroshka/,candidate_pending_frequency
74372825,микрокальцит 2 мкм,mixed,/product/mikrokaltsit-5-200-mkm/,candidate_pending_frequency
1080379261,мраморная мука применение в лкм,informational,/primenenie/lkm/,candidate_pending_frequency
1080379268,купить щебень мраморный 20 40,commercial,/product/mramornyj-shheben-20-50/,candidate_pending_frequency
10108011,мраморный щебень фото,mixed,/catalog/shcheben/,candidate_pending_frequency
91631737,краска с мраморной крошкой,mixed,/primenenie/lkm/,candidate_pending_frequency
738619604,мел микрокальцит,mixed,/product/mikrokaltsit-5-200-mkm/,candidate_pending_frequency
14628906,мраморная крошка спб,geo,/catalog/kroshka/,candidate_pending_frequency
30271450,производители микрокальцита,commercial,/product/mikrokaltsit-5-200-mkm/,candidate_pending_frequency
966577864,мраморный щебень 20 40 мм,mixed,/product/mramornyj-shheben-20-50/,candidate_pending_frequency
1080379263,пропорции мраморной муки в соотношении к шпатлевки,mixed,/product/mramornaya-muka-0-0-2/,candidate_pending_frequency
68699471,мраморная крошка цвета,mixed,/catalog/kroshka/,candidate_pending_frequency
236280482,микрокальцит фракции,informational,/product/mikrokaltsit-5-200-mkm/,candidate_pending_frequency
918382187,щебень мраморный белый 20 40,mixed,/product/mramornyj-shheben-20-50/,candidate_pending_frequency
30277643,фасадная мраморная крошка,mixed,/primenenie/shtukaturka/,candidate_pending_frequency
166487276,где купить мраморный щебень,commercial,/catalog/shcheben/,candidate_pending_frequency
1046171488,микрокальцит км,mixed,/product/mikrokaltsit-5-200-mkm/,candidate_pending_frequency
348354395,мраморная крошка 20 мм,mixed,/catalog/kroshka/,candidate_pending_frequency
1046186157,микрокальцит кг,mixed,/product/mikrokaltsit-5-200-mkm/,candidate_pending_frequency
1080379270,мраморный щебень березовский,mixed,/catalog/shcheben/,candidate_pending_frequency
344802494,мраморная крошка 5 мм,mixed,/catalog/kroshka/,candidate_pending_frequency
1080379271,мраморная крошка белая щебень,mixed,/catalog/shcheben/,candidate_pending_frequency
139025213,микрокальцит 100,mixed,/product/mikrokaltsit-5-200-mkm/,candidate_pending_frequency
1070393466,щебень мраморный купить цена,commercial,/catalog/shcheben/,candidate_pending_frequency
715048967,микрокальцит 5 мкм,mixed,/product/mikrokaltsit-5-200-mkm/,candidate_pending_frequency
828701559,щебень мраморный 5 10,mixed,/catalog/shcheben/,candidate_pending_frequency
552179392,микрокальцит для чего используют,informational,/product/mikrokaltsit-5-200-mkm/,candidate_pending_frequency
1080379272,мраморная щебень красноярск,mixed,/catalog/shcheben/,candidate_pending_frequency
7520567,сколько стоит мраморная крошка,informational,/catalog/kroshka/,candidate_pending_frequency
35306726,мраморный щебень купить в москве,commercial,/catalog/shcheben/,candidate_pending_frequency
497041768,микрокальцит магнитогорск,mixed,/product/mikrokaltsit-5-200-mkm/,candidate_pending_frequency
10660545,мраморная крошка для стен,mixed,/catalog/kroshka/,candidate_pending_frequency
1080379388,микрокальцит и полиэфирная смола заливка в форму,mixed,/primenenie/lkm/,candidate_pending_frequency
10107827,цветной мраморный щебень,mixed,/catalog/shcheben/,candidate_pending_frequency
93690187,мраморная крошка 10 20 белая,mixed,/catalog/kroshka/,candidate_pending_frequency
139025205,микрокальцит купить в спб,commercial,/product/mikrokaltsit-5-200-mkm/,candidate_pending_frequency
426727711,мраморная крошка дом,mixed,/catalog/kroshka/,candidate_pending_frequency
1080379274,белый мраморный щебень купить в костромской области,commercial,/catalog/shcheben/,candidate_pending_frequency
2108571,пол из мраморной крошки,mixed,/catalog/kroshka/,candidate_pending_frequency
7627847,микрокальцит цена,commercial,/product/mikrokaltsit-5-200-mkm/,candidate_pending_frequency
161739316,мраморный щебень полевской,mixed,/catalog/shcheben/,candidate_pending_frequency
66333078,термопанели с мраморной крошкой,mixed,/catalog/kroshka/,candidate_pending_frequency
98639556,микрокальцит плотность,informational,/product/mikrokaltsit-5-200-mkm/,candidate_pending_frequency
796011863,мраморный щебень купить в туле,commercial,/catalog/shcheben/,candidate_pending_frequency
14628907,мраморная крошка купить в спб,commercial,/catalog/kroshka/,candidate_pending_frequency
1080379275,купить щебень мраморный 5 20,commercial,/product/mramornyj-shheben-10-20/,candidate_pending_frequency
34274714,щебень мраморный белый купить екатеринбург,commercial,/catalog/shcheben/,candidate_pending_frequency
974992711,крошка мраморная фракция 20,informational,/catalog/kroshka/,candidate_pending_frequency
1080379389,купить микрокальцит 40 мкм,commercial,/product/mikrokaltsit-5-200-mkm/,candidate_pending_frequency
608823505,щебень мраморный галтованный белый,mixed,/catalog/shcheben/,candidate_pending_frequency
1080379390,микрокальцит владивосток,mixed,/product/mikrokaltsit-5-200-mkm/,candidate_pending_frequency
34275842,щебень мраморный белый в мешках,mixed,/catalog/shcheben/,candidate_pending_frequency
111562575,микрокальцит гост,mixed,/product/mikrokaltsit-5-200-mkm/,candidate_pending_frequency
348355725,мраморная крошка 10 20 мм,mixed,/catalog/kroshka/,candidate_pending_frequency
131949079,цена мраморной крошки в мешках,commercial,/catalog/kroshka/,candidate_pending_frequency
139025179,ооо микрокальцит,mixed,/product/mikrokaltsit-5-200-mkm/,candidate_pending_frequency
149002468,мраморный щебень 40 70,mixed,/catalog/shcheben/,candidate_pending_frequency
55688992,мраморная крошка 5 10,mixed,/product/mramornaya-kroshka-5-10/,candidate_pending_frequency
185085592,микрокальциты молочной железы,mixed,/product/mikrokaltsit-5-200-mkm/,candidate_pending_frequency
952607291,щебень декоративный мраморный купить,commercial,/catalog/shcheben/,candidate_pending_frequency
62399926,микрокальцит купить в москве,commercial,/product/mikrokaltsit-5-200-mkm/,candidate_pending_frequency
952403651,озон мраморная крошка,mixed,/catalog/kroshka/,candidate_pending_frequency
1080379276,вологда купить щебень мраморный,commercial,/catalog/shcheben/,candidate_pending_frequency
7484714,мраморный щебень купить в екатеринбурге,commercial,/catalog/shcheben/,candidate_pending_frequency
62399925,микрокальцит москва,geo,/product/mikrokaltsit-5-200-mkm/,candidate_pending_frequency
954404246,сколько нужно мраморной крошки,informational,/catalog/kroshka/,candidate_pending_frequency
209105,декоративная штукатурка мраморная крошка,mixed,/primenenie/shtukaturka/,candidate_pending_frequency
34275906,щебень мраморный белый купить в москве,commercial,/catalog/shcheben/,candidate_pending_frequency
139025193,микрокальцит состав,mixed,/product/mikrokaltsit-5-200-mkm/,candidate_pending_frequency
234547767,сколько стоит мраморный щебень,informational,/catalog/shcheben/,candidate_pending_frequency
1068297351,купить щебень мраморный 20 40 мм,commercial,/product/mramornyj-shheben-20-50/,candidate_pending_frequency
1080379392,микрокальцит санкт петербурга,geo,/product/mikrokaltsit-5-200-mkm/,candidate_pending_frequency
1015599075,вес мраморного щебня,mixed,/catalog/shcheben/,candidate_pending_frequency
1080379393,где используется микрокальцит,mixed,/product/mikrokaltsit-5-200-mkm/,candidate_pending_frequency
1080379452,мраморная крошка белая 20 мм,mixed,/catalog/kroshka/,candidate_pending_frequency
1002582104,купить фракцию мраморной крошки,commercial,/catalog/kroshka/,candidate_pending_frequency
1068297352,щебень мраморный 5 10 мм,mixed,/catalog/shcheben/,candidate_pending_frequency
1080379394,микрокальцит гидрофобный,mixed,/product/mikrokaltsit-5-200-mkm/,candidate_pending_frequency
1080379277,белый мраморный щебень купить в кировской области,commercial,/catalog/shcheben/,candidate_pending_frequency
1080379395,эверест микрокальцит,mixed,/product/mikrokaltsit-5-200-mkm/,candidate_pending_frequency
1080379396,мрамор молотый микрокальцит мк 60,mixed,/product/mikrokaltsit-5-200-mkm/,candidate_pending_frequency
1080379453,купить мраморную крошку 10 20,commercial,/catalog/kroshka/,candidate_pending_frequency
498210915,мраморный щебень карьер,mixed,/catalog/shcheben/,candidate_pending_frequency
1046618680,эпоксидная мраморная крошка,mixed,/catalog/kroshka/,candidate_pending_frequency
1080379397,применение микрокальцитов,informational,/product/mikrokaltsit-5-200-mkm/,candidate_pending_frequency
836430450,мраморный щебень карьеры,mixed,/catalog/shcheben/,candidate_pending_frequency
1080379398,микрокальцит новые панели купить екатеринбург,commercial,/product/mikrokaltsit-5-200-mkm/,candidate_pending_frequency
7520570,где можно купить мраморную крошку,commercial,/catalog/kroshka/,candidate_pending_frequency
1080379279,белый мраморный щебень цена,commercial,/catalog/shcheben/,candidate_pending_frequency
1080379399,микрокальцит купить оптом в казани,commercial,/product/mikrokaltsit-5-200-mkm/,candidate_pending_frequency
93690189,мраморная крошка фракция 10 20,informational,/catalog/kroshka/,candidate_pending_frequency
959215118,купить белый мраморный щебень в мешках,commercial,/catalog/shcheben/,candidate_pending_frequency
1080379400,микрокальцит купить в ставрополе,commercial,/product/mikrokaltsit-5-200-mkm/,candidate_pending_frequency
185778483,мраморная крошка красноярск,mixed,/catalog/kroshka/,candidate_pending_frequency
1080379280,белый мраморный щебень купить в вышнем волочке,commercial,/catalog/shcheben/,candidate_pending_frequency
1080379401,микрокальцит мел мрамор дозировка для краски,mixed,/primenenie/lkm/,candidate_pending_frequency
55060722,мраморная крошка москва,geo,/catalog/kroshka/,candidate_pending_frequency
139025201,микрокальцит мк 100,mixed,/product/mikrokaltsit-5-200-mkm/,candidate_pending_frequency
1080379281,купить мраморный щебень в сочи,commercial,/catalog/shcheben/,candidate_pending_frequency
1080379282,купить мраморный щебень в красноярске,commercial,/catalog/shcheben/,candidate_pending_frequency
1080379402,микрокальцит мк 400,mixed,/product/mikrokaltsit-5-200-mkm/,candidate_pending_frequency
1080379454,мраморная крошка 25,mixed,/catalog/kroshka/,candidate_pending_frequency
51562941,как сделать мраморную крошку,informational,/catalog/kroshka/,candidate_pending_frequency
62399928,микрокальцит купить в краснодаре,commercial,/product/mikrokaltsit-5-200-mkm/,candidate_pending_frequency
1080379283,белый мраморный щебень купить в дзержинске,commercial,/catalog/shcheben/,candidate_pending_frequency
118497262,магазин мраморная крошка,mixed,/catalog/kroshka/,candidate_pending_frequency
1080379284,белый мраморный щебень купить в курской области,commercial,/catalog/shcheben/,candidate_pending_frequency
1080379431,микрокальцит и жидкое стекло,mixed,/product/mikrokaltsit-5-200-mkm/,candidate_pending_frequency
1080379285,белый мраморный щебень купить в сочи,commercial,/catalog/shcheben/,candidate_pending_frequency
1080379455,бетонная мраморная крошка,commercial,/catalog/kroshka/,candidate_pending_frequency
1080379286,белый мраморный щебень купить во владимирской области,commercial,/catalog/shcheben/,candidate_pending_frequency
1080379433,микрокальцит порошок,mixed,/product/mikrokaltsit-5-200-mkm/,candidate_pending_frequency
30277642,мраморная крошка отзывы,mixed,/catalog/kroshka/,candidate_pending_frequency
215052915,мраморный щебень новосибирск,geo,/catalog/shcheben/,candidate_pending_frequency
1049476570,микрокальцит в бетоне для чего,informational,/product/mikrokaltsit-5-200-mkm/,candidate_pending_frequency
18609325,бетон с мраморной крошкой,mixed,/catalog/kroshka/,candidate_pending_frequency
1080379434,микрокальцит купить в косметику,commercial,/product/mikrokaltsit-5-200-mkm/,candidate_pending_frequency
10107557,мраморный щебень челябинск,geo,/catalog/shcheben/,candidate_pending_frequency
47162858,мраморная крошка галтованная,mixed,/catalog/kroshka/,candidate_pending_frequency
139025206,микрокальцит купить в нижнем новгороде,commercial,/product/mikrokaltsit-5-200-mkm/,candidate_pending_frequency
136542155,мраморная крошка своими руками,mixed,/catalog/kroshka/,candidate_pending_frequency
513192963,галтованный мраморный щебень купить,commercial,/catalog/shcheben/,candidate_pending_frequency
1080379435,микрокальцит в маф,mixed,/product/mikrokaltsit-5-200-mkm/,candidate_pending_frequency
406933979,мраморная крошка работа,mixed,/catalog/kroshka/,candidate_pending_frequency
1080379288,белый мраморный щебень купить в ставропольском крае,commercial,/catalog/shcheben/,candidate_pending_frequency
1080379436,акриловая краска с микрокальцитом,mixed,/primenenie/lkm/,candidate_pending_frequency
157250257,белая мраморная крошка в мешках,mixed,/catalog/kroshka/,candidate_pending_frequency
1036153812,щебень мраморный белый фракция купить,commercial,/catalog/shcheben/,candidate_pending_frequency
1080379437,купить микрокальцит 40 мкм в ставрополе,commercial,/product/mikrokaltsit-5-200-mkm/,candidate_pending_frequency
185778470,мраморная крошка воронеж,mixed,/catalog/kroshka/,candidate_pending_frequency
936587155,мраморный щебень для дорожек,mixed,/catalog/shcheben/,candidate_pending_frequency
1080379438,микрокальцит 1 мкм,mixed,/product/mikrokaltsit-5-200-mkm/,candidate_pending_frequency
38325208,мраморная крошка новосибирск,geo,/catalog/kroshka/,candidate_pending_frequency
1080379289,белый мраморный щебень купить в липецкой области,commercial,/catalog/shcheben/,candidate_pending_frequency
1080379439,микрокальцит купить всеволожск,commercial,/product/mikrokaltsit-5-200-mkm/,candidate_pending_frequency
1075929114,мраморная крошка ландшафтный,mixed,/primenenie/landshaft/,candidate_pending_frequency
1080379290,мраморный щебень белый купить в республике башкортостан,commercial,/catalog/shcheben/,candidate_pending_frequency
1080379440,микрокальцит что это и для чего нужен,informational,/product/mikrokaltsit-5-200-mkm/,candidate_pending_frequency
1024588850,мраморная крошка белая фракция,informational,/catalog/kroshka/,candidate_pending_frequency
1076474535,микрокальцит московская область,geo,/product/mikrokaltsit-5-200-mkm/,candidate_pending_frequency
1080379291,мраморный щебень белый купить в республике татарстан,commercial,/catalog/shcheben/,candidate_pending_frequency
1080379292,купить белый мраморный щебень московская область,commercial,/catalog/shcheben/,candidate_pending_frequency
1080379441,микрокальцита панели сколько прослужит материал,informational,/product/mikrokaltsit-5-200-mkm/,candidate_pending_frequency
49721657,купить мраморный щебень в новосибирске,commercial,/catalog/shcheben/,candidate_pending_frequency
497041765,микрокальцит купить воронеж,commercial,/product/mikrokaltsit-5-200-mkm/,candidate_pending_frequency
954404249,мраморная крошка 20 кг,mixed,/catalog/kroshka/,candidate_pending_frequency
122121378,мраморная крошка 25 кг,mixed,/catalog/kroshka/,candidate_pending_frequency
1080379293,голубой мраморный щебень,mixed,/catalog/shcheben/,candidate_pending_frequency
1080379442,микрокальцит купить ставропольский край,commercial,/product/mikrokaltsit-5-200-mkm/,candidate_pending_frequency
1080379294,белый мраморный щебень купить в волгограде,commercial,/catalog/shcheben/,candidate_pending_frequency
1080379443,ооо микрокальцит магнитогорск официальный сайт,mixed,/product/mikrokaltsit-5-200-mkm/,candidate_pending_frequency
1080379456,нанести мраморную крошку,mixed,/catalog/kroshka/,candidate_pending_frequency
1559219,клей для мраморной крошки,mixed,/catalog/kroshka/,candidate_pending_frequency
1080379295,белый мраморный щебень купить в тульской области,commercial,/catalog/shcheben/,candidate_pending_frequency
1080379444,микрокальцит для пескоструя,mixed,/product/mikrokaltsit-5-200-mkm/,candidate_pending_frequency
74912386,крошка мраморная белая 10 20 мм,mixed,/catalog/kroshka/,candidate_pending_frequency
185779906,мраморный щебень купить в спб,commercial,/catalog/shcheben/,candidate_pending_frequency
1080379445,как перемешать микрокальцит со смолой большого объема,informational,/primenenie/lkm/,candidate_pending_frequency
8789738,мраморная крошка купить в москве,commercial,/catalog/kroshka/,candidate_pending_frequency
1080379296,мраморный щебень купить в нижнем новгороде,commercial,/catalog/shcheben/,candidate_pending_frequency
1080379446,микрокальцит самый крупный производитель в россии,commercial,/product/mikrokaltsit-5-200-mkm/,candidate_pending_frequency
30277640,мраморная крошка для цоколя,mixed,/primenenie/shtukaturka/,candidate_pending_frequency
1080379297,нижний новгород щебень мраморный,geo,/catalog/shcheben/,candidate_pending_frequency
1080379447,мрамор молотый микрокальцит для огорода,geo,/product/mikrokaltsit-5-200-mkm/,candidate_pending_frequency
935072317,мраморная крошка внутренняя отделка,mixed,/catalog/kroshka/,candidate_pending_frequency
1080379298,мраморный щебень цветной купить,commercial,/catalog/shcheben/,candidate_pending_frequency
1080379448,микрокальцит для бетона как использовать,informational,/product/mikrokaltsit-5-200-mkm/,candidate_pending_frequency
112698509,мраморная крошка 10 20 белая купить,commercial,/catalog/kroshka/,candidate_pending_frequency
1080379299,мраморный щебень полевской купить,commercial,/catalog/shcheben/,candidate_pending_frequency
1080379449,как отличить маршалит от микрокальцита,informational,/product/mikrokaltsit-5-200-mkm/,candidate_pending_frequency
61348667,мраморная крошка оренбург,mixed,/catalog/kroshka/,candidate_pending_frequency
1080379450,микрокальцит купить во владивостоке и пригороде,commercial,/product/mikrokaltsit-5-200-mkm/,candidate_pending_frequency
93690190,мраморная крошка 20 40,mixed,/catalog/kroshka/,candidate_pending_frequency
1080379300,щебень мраморный фракция 5 20,informational,/product/mramornyj-shheben-10-20/,candidate_pending_frequency
1080379301,щебень мраморный ярославль,mixed,/catalog/shcheben/,candidate_pending_frequency
1080379302,белый мраморный щебень купить в саранске,commercial,/catalog/shcheben/,candidate_pending_frequency
1080379303,щебень мраморный белый купить в туле,commercial,/catalog/shcheben/,candidate_pending_frequency
313316766,основе мраморной крошки,mixed,/catalog/kroshka/,candidate_pending_frequency
1080379304,мраморный щебень 10 20мм купить,commercial,/product/mramornyj-shheben-10-20/,candidate_pending_frequency
348356361,видео мраморной крошки,mixed,/catalog/kroshka/,candidate_pending_frequency
2693147,цветная мраморная крошка,mixed,/catalog/kroshka/,candidate_pending_frequency
1080379306,щебень мраморный пенза,mixed,/catalog/shcheben/,candidate_pending_frequency
1080379307,белый мраморный щебень купить в казахстане,commercial,/catalog/shcheben/,candidate_pending_frequency
1080379308,белый мраморный щебень купить в подольске,commercial,/catalog/shcheben/,candidate_pending_frequency
1080379457,размер мраморной крошки,mixed,/catalog/kroshka/,candidate_pending_frequency
182659764,крошка мраморная ростов,mixed,/catalog/kroshka/,candidate_pending_frequency
1080379309,белый мраморный щебень купить во владивостоке,commercial,/catalog/shcheben/,candidate_pending_frequency
122121384,мраморная крошка 10 кг,mixed,/catalog/kroshka/,candidate_pending_frequency
1080379310,мраморный щебень купить в подольске,commercial,/catalog/shcheben/,candidate_pending_frequency
1080379311,где купить мраморный щебень в туле,commercial,/catalog/shcheben/,candidate_pending_frequency
1080379458,какая мраморная крошка хорошая,informational,/catalog/kroshka/,candidate_pending_frequency
55688991,мраморная крошка 2 5,mixed,/catalog/kroshka/,candidate_pending_frequency
234862764,мраморный щебень иркутск,mixed,/catalog/shcheben/,candidate_pending_frequency
902296467,мраморная крошка купить на озон,commercial,/catalog/kroshka/,candidate_pending_frequency
1080379312,щебень мраморный белгород купить,commercial,/catalog/shcheben/,candidate_pending_frequency
1080379313,щебень с мраморной крошкой,mixed,/catalog/shcheben/,candidate_pending_frequency
1080379459,мраморная крошка барнаул,mixed,/catalog/kroshka/,candidate_pending_frequency
122121382,мраморная крошка 5 10 мм,mixed,/product/mramornaya-kroshka-5-10/,candidate_pending_frequency
728780352,мраморный щебень коелга,mixed,/catalog/shcheben/,candidate_pending_frequency
122121389,мелкая мраморная крошка,mixed,/catalog/kroshka/,candidate_pending_frequency
1080379314,мраморный щебень купить ярославль,commercial,/catalog/shcheben/,candidate_pending_frequency
47162859,мраморная крошка иркутск,mixed,/catalog/kroshka/,candidate_pending_frequency
521047722,щебень мраморный симферополь,mixed,/catalog/shcheben/,candidate_pending_frequency
147516413,мраморная крошка челябинск,geo,/catalog/kroshka/,candidate_pending_frequency
1080379316,мраморный щебень красный,mixed,/catalog/shcheben/,candidate_pending_frequency
900358885,мраморная крошка в мешках купить цена,commercial,/catalog/kroshka/,candidate_pending_frequency
1080379317,белый мраморный щебень купить в московском регионе,commercial,/catalog/shcheben/,candidate_pending_frequency
954404355,мраморная крошка смесь,mixed,/catalog/kroshka/,candidate_pending_frequency
300576687,мраморная крошка 2 мм,mixed,/catalog/kroshka/,candidate_pending_frequency
1080379318,чем отличается щебень от мраморной крошки,informational,/catalog/shcheben/,candidate_pending_frequency
185778535,мраморная крошка ярославль,mixed,/catalog/kroshka/,candidate_pending_frequency
1080379319,плотность мраморного щебня,informational,/catalog/shcheben/,candidate_pending_frequency
1080379320,мраморная крошка белая щебень 10 20мм 25кг,mixed,/product/mramornyj-shheben-10-20/,candidate_pending_frequency
147517828,панели из мраморной крошки,mixed,/catalog/kroshka/,candidate_pending_frequency
157250278,мраморная крошка тонна,commercial,/catalog/kroshka/,candidate_pending_frequency
1080379321,белый мраморный щебень купить в тюменской области,commercial,/catalog/shcheben/,candidate_pending_frequency
345487626,мраморная крошка для дорожек купить,commercial,/catalog/kroshka/,candidate_pending_frequency
1080379322,купить щебень мраморный березовский,commercial,/catalog/shcheben/,candidate_pending_frequency
722996994,мраморный щебень купить в самаре,commercial,/catalog/shcheben/,candidate_pending_frequency
1055544692,акрилом мраморная крошка,mixed,/catalog/kroshka/,candidate_pending_frequency
1055544675,фактурная с мраморной крошкой,mixed,/catalog/kroshka/,candidate_pending_frequency
1080379323,мраморный щебень белый для цветников,mixed,/primenenie/landshaft/,candidate_pending_frequency
7520573,белая мраморная крошка цена,commercial,/catalog/kroshka/,candidate_pending_frequency
1080379324,щебень мраморный белый купить в красноярске,commercial,/catalog/shcheben/,candidate_pending_frequency
348363744,как укладывать мраморную крошку,informational,/catalog/kroshka/,candidate_pending_frequency
1080379325,белый мраморный щебень купить в саратовской области,commercial,/catalog/shcheben/,candidate_pending_frequency
446627,мраморная крошка екатеринбург,geo,/catalog/kroshka/,candidate_pending_frequency
1080379326,курск купить щебень мраморный,commercial,/catalog/shcheben/,candidate_pending_frequency
55688990,мраморная крошка фото цена,commercial,/catalog/kroshka/,candidate_pending_frequency
1080379327,щебень белый мраморный декоративный,mixed,/catalog/shcheben/,candidate_pending_frequency
93690194,купить белую мраморную крошку в мешках,commercial,/catalog/kroshka/,candidate_pending_frequency
1080379328,белый мраморный щебень купить в астраханской области,commercial,/catalog/shcheben/,candidate_pending_frequency
174922357,вес мраморной крошки,mixed,/catalog/kroshka/,candidate_pending_frequency
1016807191,щебень мраморный галтованный белый купить,commercial,/catalog/shcheben/,candidate_pending_frequency
8789751,нанесение мраморной крошки,mixed,/catalog/kroshka/,candidate_pending_frequency
1080379329,где в твери найти мраморный щебень,mixed,/catalog/shcheben/,candidate_pending_frequency
26221403,мраморная крошка купить в красноярске,commercial,/catalog/kroshka/,candidate_pending_frequency
1080379330,пермь производство дробления мраморного щебня,geo,/catalog/shcheben/,candidate_pending_frequency
348367713,мраморная крошка белая фракция 10 20,informational,/catalog/kroshka/,candidate_pending_frequency
1080379331,щебень мраморный белый купить в туле скуратово,commercial,/catalog/shcheben/,candidate_pending_frequency
966577478,мраморный щебень серо голубой,mixed,/catalog/shcheben/,candidate_pending_frequency
1080379460,мраморная крошка краснодаре,geo,/catalog/kroshka/,candidate_pending_frequency
93690155,крошка мраморная 1 мм,mixed,/catalog/kroshka/,candidate_pending_frequency
1056274547,мраморный щебень 1 тонна,commercial,/catalog/shcheben/,candidate_pending_frequency
23558905,мраморная крошка тюмень,geo,/catalog/kroshka/,candidate_pending_frequency
234547766,мраморный щебень цена за куб,commercial,/catalog/shcheben/,candidate_pending_frequency
185778487,мраморная крошка купить в воронеже,commercial,/catalog/kroshka/,candidate_pending_frequency
741862414,щебень мраморный белый купить в липецке,commercial,/catalog/shcheben/,candidate_pending_frequency
1080379332,купить щебень и мраморная крошка в новосибирске,commercial,/catalog/shcheben/,candidate_pending_frequency
1080379333,мраморный щебень использование,mixed,/catalog/shcheben/,candidate_pending_frequency
1080379461,акрил мраморная крошка для внутренней отделки,mixed,/catalog/kroshka/,candidate_pending_frequency
344508287,краска фактурная с мраморной крошкой,mixed,/primenenie/lkm/,candidate_pending_frequency
34275975,щебень мраморный белый купить в нижнем новгороде,commercial,/catalog/shcheben/,candidate_pending_frequency
348354092,покрытие из мраморной крошки,mixed,/catalog/kroshka/,candidate_pending_frequency
185778513,мраморная крошка липецк,mixed,/catalog/kroshka/,candidate_pending_frequency
236280506,купить мраморный щебень оптом,commercial,/catalog/shcheben/,candidate_pending_frequency
1080379335,щебень мраморная крошка курск,mixed,/catalog/shcheben/,candidate_pending_frequency
312248964,заливка мраморной крошкой,mixed,/catalog/kroshka/,candidate_pending_frequency
1080379336,мраморный щебень купить иваново,commercial,/catalog/shcheben/,candidate_pending_frequency
47162861,мраморная крошка купить в новосибирске,commercial,/catalog/kroshka/,candidate_pending_frequency
1080379337,щебень мраморный купить новокузнецк,commercial,/catalog/shcheben/,candidate_pending_frequency
1080379338,мраморная крошка это что мрамор или щебень,informational,/catalog/shcheben/,candidate_pending_frequency
1080379462,про мраморная крошка,mixed,/catalog/kroshka/,candidate_pending_frequency
315740637,мраморная крошка расход,informational,/catalog/kroshka/,candidate_pending_frequency
1080379339,мраморный щебень красный для бетона,mixed,/catalog/shcheben/,candidate_pending_frequency
22325369,мраморная крошка казань,mixed,/catalog/kroshka/,candidate_pending_frequency
1080379340,мраморный щебень купить в барнауле,commercial,/catalog/shcheben/,candidate_pending_frequency
93690153,мраморная крошка для цветов,mixed,/catalog/kroshka/,candidate_pending_frequency
1080379341,щебень мраморный купить купить в одинцово,commercial,/catalog/shcheben/,candidate_pending_frequency
185778443,мраморная крошка белгород,geo,/catalog/kroshka/,candidate_pending_frequency
1080379342,щебень мраморный белый фото,mixed,/catalog/shcheben/,candidate_pending_frequency
928436468,мраморный песок крошка,mixed,/catalog/kroshka/,candidate_pending_frequency
1080379346,мраморный щебень купить в новой усмани,commercial,/catalog/shcheben/,candidate_pending_frequency
93690167,крошка мраморная кубы,mixed,/catalog/kroshka/,candidate_pending_frequency
1080379347,белый мраморный щебень купить в городе челябинск,commercial,/catalog/shcheben/,candidate_pending_frequency
952403680,мраморная крошка куб,mixed,/catalog/kroshka/,candidate_pending_frequency
1080379348,все инструменты интернет магазин щебень мраморный,mixed,/catalog/shcheben/,candidate_pending_frequency
738934015,мраморный щебень крым,mixed,/catalog/shcheben/,candidate_pending_frequency
7520566,стоимость мраморной крошки,commercial,/catalog/kroshka/,candidate_pending_frequency
1080379349,мраморный щебень в биг бэгах,commercial,/catalog/shcheben/,candidate_pending_frequency
96010593,мраморная крошка в туле,mixed,/catalog/kroshka/,candidate_pending_frequency
1080379350,мраморный щебень вектор,mixed,/catalog/shcheben/,candidate_pending_frequency
34666694,купить мраморную крошку оптом,commercial,/catalog/kroshka/,candidate_pending_frequency
1080379351,щебень мраморный купить в йошкар оле,commercial,/catalog/shcheben/,candidate_pending_frequency
4585463,мраморная крошка нижний новгород,geo,/catalog/kroshka/,candidate_pending_frequency
1080379353,щебень мраморный 5 20 фото,mixed,/product/mramornyj-shheben-10-20/,candidate_pending_frequency
1080379463,мозаичная мраморная крошка,mixed,/catalog/kroshka/,candidate_pending_frequency
30271454,производители мраморной крошки,commercial,/catalog/kroshka/,candidate_pending_frequency
1080379354,щебень мраморный белый фракция 05 1мм,informational,/catalog/shcheben/,candidate_pending_frequency
1080379355,купить симферополь щебень мраморный,commercial,/catalog/shcheben/,candidate_pending_frequency
776990943,мраморная крошка недорого,mixed,/primenenie/dorogi/,candidate_pending_frequency
1080379356,мраморный щебень купить в тамбове,commercial,/catalog/shcheben/,candidate_pending_frequency
631763129,мраморная крошка самара,mixed,/catalog/kroshka/,candidate_pending_frequency
1080379357,купить щебень мраморный нижнекамск,commercial,/catalog/shcheben/,candidate_pending_frequency
31549880,мраморная крошка курск,mixed,/catalog/kroshka/,candidate_pending_frequency
1080379358,купить белый мраморный щебень краснодарский край,commercial,/catalog/shcheben/,candidate_pending_frequency
1080379359,нахабино московская область адрес мраморный щебень,geo,/catalog/shcheben/,candidate_pending_frequency
570403,продажа мраморной крошки,mixed,/catalog/kroshka/,candidate_pending_frequency
1080379360,брянск мраморный щебень купить,commercial,/catalog/shcheben/,candidate_pending_frequency
1080379362,мраморный щебень в воронеже купить,commercial,/catalog/shcheben/,candidate_pending_frequency
1080379464,мраморная крошка килограмм,mixed,/catalog/kroshka/,candidate_pending_frequency
650121832,мраморная крошка ростов на дону,mixed,/catalog/kroshka/,candidate_pending_frequency
1080379363,белый мраморный щебень купить в вязьмах,commercial,/catalog/shcheben/,candidate_pending_frequency
1055544682,мраморная крошка фракцией 10 20 мм,informational,/catalog/kroshka/,candidate_pending_frequency
1080379364,щебень мраморный белый 5 10,mixed,/catalog/shcheben/,candidate_pending_frequency
55688996,мраморная крошка 2 5 мм,mixed,/catalog/kroshka/,candidate_pending_frequency
785169805,купить мраморный щебень в мешках в спб,commercial,/catalog/shcheben/,candidate_pending_frequency
1080379365,где продается мраморный щебень,mixed,/catalog/shcheben/,candidate_pending_frequency
1080379465,мраморная крошка 10 20 мм белая купить,commercial,/catalog/kroshka/,candidate_pending_frequency
760740045,купить мраморную крошку в ярославле,commercial,/catalog/kroshka/,candidate_pending_frequency
1080379366,щебень мраморный 5х10,mixed,/catalog/shcheben/,candidate_pending_frequency
760740046,купить мраморную крошку ростов,commercial,/catalog/kroshka/,candidate_pending_frequency
1080379367,мраморный щебень фучика 8,mixed,/catalog/shcheben/,candidate_pending_frequency
300576691,каменная мраморная крошка,mixed,/catalog/kroshka/,candidate_pending_frequency
1080379368,щебень декоративный мраморный хабаровск,mixed,/catalog/shcheben/,candidate_pending_frequency
954404406,мраморная крошка в дизайне,mixed,/catalog/kroshka/,candidate_pending_frequency
1080379370,мраморный щебень купить балабаново,commercial,/catalog/shcheben/,candidate_pending_frequency
150223061,купить мраморную крошку в мешках в москве,commercial,/catalog/kroshka/,candidate_pending_frequency
1080379371,щебень мраморная крошка курск стройгигант,mixed,/catalog/shcheben/,candidate_pending_frequency
118497263,мраморная крошка в мешках москва,geo,/catalog/kroshka/,candidate_pending_frequency
1080379372,мраморный щебень для дорожек пласт,mixed,/catalog/shcheben/,candidate_pending_frequency
156172172,мраморная крошка купить недорого,commercial,/primenenie/dorogi/,candidate_pending_frequency
1080379373,мраморный щебень в амурской области,geo,/catalog/shcheben/,candidate_pending_frequency
183054455,купить мраморную крошку в барнауле,commercial,/catalog/kroshka/,candidate_pending_frequency
1080379374,мраморный щебень изумрудный,mixed,/catalog/shcheben/,candidate_pending_frequency
1080379375,мраморные полы какой щебень или крошка используют,informational,/catalog/shcheben/,candidate_pending_frequency
47162867,мраморная крошка саратов,mixed,/catalog/kroshka/,candidate_pending_frequency
1080379376,мраморный щебень купить иваново в наличии,commercial,/catalog/shcheben/,candidate_pending_frequency
90282291,фигурки из мраморной крошки,mixed,/catalog/kroshka/,candidate_pending_frequency
1080379377,мраморный щебень на проспекте текстильщиков иваново,mixed,/catalog/shcheben/,candidate_pending_frequency
1080379378,мраморный щебень ногинский район,mixed,/catalog/shcheben/,candidate_pending_frequency
174770117,ванная мраморная крошка,mixed,/catalog/kroshka/,candidate_pending_frequency
1080379379,мраморный щебень шуя,mixed,/catalog/shcheben/,candidate_pending_frequency
1080379380,проспект текстильщиков 125 мраморный щебень,mixed,/catalog/shcheben/,candidate_pending_frequency
47162857,мраморная крошка в уфе,mixed,/catalog/kroshka/,candidate_pending_frequency
1080379381,мраморный щебень декоративный купить в видном,commercial,/catalog/shcheben/,candidate_pending_frequency
1080379466,купить декоративную мраморная крошка,commercial,/catalog/kroshka/,candidate_pending_frequency
348354542,грунт мраморная крошка,mixed,/catalog/kroshka/,candidate_pending_frequency
112698527,мраморная крошка фракция 5 10,informational,/product/mramornaya-kroshka-5-10/,candidate_pending_frequency
96010594,мраморная крошка купить в туле,commercial,/catalog/kroshka/,candidate_pending_frequency
1846383,мраморная крошка в ландшафтном дизайне,mixed,/primenenie/landshaft/,candidate_pending_frequency
122121399,мраморная крошка 5 20,mixed,/catalog/kroshka/,candidate_pending_frequency
954404403,мраморная крошка амк,mixed,/catalog/kroshka/,candidate_pending_frequency
122121398,мраморная крошка 5 мм купить,commercial,/catalog/kroshka/,candidate_pending_frequency
61438658,купить мраморную крошку в екатеринбурге,commercial,/catalog/kroshka/,candidate_pending_frequency
1046618682,мраморная крошка 1 1 5 мм,mixed,/product/mramornaya-kroshka-1-0-1-5/,candidate_pending_frequency
348356271,мраморная крошка под кирпич,mixed,/catalog/kroshka/,candidate_pending_frequency
1046618750,мраморная крошка лемана,mixed,/catalog/kroshka/,candidate_pending_frequency
215052667,мраморная крошка купить в нижнем,commercial,/catalog/kroshka/,candidate_pending_frequency
1080379467,мраморная крошка для ванны,mixed,/catalog/kroshka/,candidate_pending_frequency
21090052,мраморная крошка пермь,geo,/catalog/kroshka/,candidate_pending_frequency
1871296,наливной пол с мраморной крошкой,mixed,/catalog/kroshka/,candidate_pending_frequency
1846386,мраморная крошка красная,mixed,/catalog/kroshka/,candidate_pending_frequency
389096980,мраморная крошка для сада,mixed,/primenenie/landshaft/,candidate_pending_frequency
215052651,мраморная крошка в в новгороде,geo,/catalog/kroshka/,candidate_pending_frequency
95385097,мраморная крошка голубая,mixed,/catalog/kroshka/,candidate_pending_frequency
966576111,купить мраморную крошку для ландшафтного,commercial,/primenenie/landshaft/,candidate_pending_frequency
23056353,купить мраморную крошку для ландшафтного дизайна,commercial,/primenenie/landshaft/,candidate_pending_frequency
1055544688,мраморная крошка 5 кг,mixed,/catalog/kroshka/,candidate_pending_frequency
2078601,плиты из мраморной крошки,mixed,/catalog/kroshka/,candidate_pending_frequency
8789745,укладка мраморной крошки,mixed,/catalog/kroshka/,candidate_pending_frequency
30277636,изготовление мраморной крошки,mixed,/catalog/kroshka/,candidate_pending_frequency
158540200,крошка мраморная белая 5 10,mixed,/product/mramornaya-kroshka-5-10/,candidate_pending_frequency
47162864,мраморная крошка омск,mixed,/catalog/kroshka/,candidate_pending_frequency
185778486,мраморная крошка купить в в новгороде,commercial,/catalog/kroshka/,candidate_pending_frequency
1046618785,лемана про мраморная крошка,mixed,/catalog/kroshka/,candidate_pending_frequency
185778494,мраморная крошка купить в липецке,commercial,/catalog/kroshka/,candidate_pending_frequency
348360626,гибкая мраморная крошка,mixed,/catalog/kroshka/,candidate_pending_frequency
75640860,мраморная крошка пенза,mixed,/catalog/kroshka/,candidate_pending_frequency
183054460,купить мраморную крошку в челябинске,commercial,/catalog/kroshka/,candidate_pending_frequency
1080379468,мраморная крошка готовая,mixed,/catalog/kroshka/,candidate_pending_frequency
314490273,технология мраморной крошки,mixed,/catalog/kroshka/,candidate_pending_frequency
348356522,жидкая мраморная крошка,mixed,/catalog/kroshka/,candidate_pending_frequency
185778530,мраморная крошка томск,mixed,/catalog/kroshka/,candidate_pending_frequency
122121392,мраморная крошка 3 5,mixed,/catalog/kroshka/,candidate_pending_frequency
54807589,мраморная крошка купить в нижнем новгороде,commercial,/catalog/kroshka/,candidate_pending_frequency
122121390,мраморная крошка 5 10 купить,commercial,/product/mramornaya-kroshka-5-10/,candidate_pending_frequency
61348670,мраморная крошка купить в оренбурге,commercial,/catalog/kroshka/,candidate_pending_frequency
990961753,мраморная крошка 20 40 купить,commercial,/catalog/kroshka/,candidate_pending_frequency
313828028,оформление мраморной крошкой,mixed,/catalog/kroshka/,candidate_pending_frequency
157250259,крошка мраморная белая галтованная,mixed,/catalog/kroshka/,candidate_pending_frequency
46504254,мраморная крошка для аквариума,mixed,/catalog/kroshka/,candidate_pending_frequency
215052683,мраморная крошка тамбов,mixed,/catalog/kroshka/,candidate_pending_frequency
29831207,плотность мраморной крошки,informational,/catalog/kroshka/,candidate_pending_frequency
348357116,кирпич из мраморной крошки,mixed,/catalog/kroshka/,candidate_pending_frequency
954404411,мраморная крошка для наружных работ,mixed,/catalog/kroshka/,candidate_pending_frequency
185778498,мраморная крошка купить в ростове на дону,commercial,/catalog/kroshka/,candidate_pending_frequency
631763130,мраморная крошка ульяновск,mixed,/catalog/kroshka/,candidate_pending_frequency
348364547,мраморная крошка объем,mixed,/catalog/kroshka/,candidate_pending_frequency
832868300,купить мраморную крошку в уфе,commercial,/catalog/kroshka/,candidate_pending_frequency
4245519,мозаичные полы из мраморной крошки,mixed,/catalog/kroshka/,candidate_pending_frequency
185778499,мраморная крошка купить в самаре,commercial,/catalog/kroshka/,candidate_pending_frequency
348356961,наружная отделка мраморной крошкой,mixed,/catalog/kroshka/,candidate_pending_frequency
30277641,мраморная крошка купить в краснодаре,commercial,/catalog/kroshka/,candidate_pending_frequency
69305522,отделка цоколя мраморной крошкой,mixed,/primenenie/shtukaturka/,candidate_pending_frequency
774715413,сетка мраморная крошка,mixed,/catalog/kroshka/,candidate_pending_frequency
157250277,мраморная крошка для фасада купить,commercial,/primenenie/shtukaturka/,candidate_pending_frequency
1046618794,акриловая мраморная крошка для стен,mixed,/catalog/kroshka/,candidate_pending_frequency
867631773,крошка мраморная фракция 2 5,informational,/catalog/kroshka/,candidate_pending_frequency
112698529,мраморная крошка мелкая фракция,informational,/catalog/kroshka/,candidate_pending_frequency
954404339,мраморная крошка белая 10 кг,mixed,/catalog/kroshka/,candidate_pending_frequency
1080379469,отсыпка мраморная крошка,mixed,/primenenie/dorogi/,candidate_pending_frequency
935044101,кварцевая мраморная крошка,mixed,/catalog/kroshka/,candidate_pending_frequency
96476698,купить штукатурку мраморная крошка,commercial,/primenenie/shtukaturka/,candidate_pending_frequency
867631777,мраморная крошка белая 20 40,mixed,/catalog/kroshka/,candidate_pending_frequency
215052684,мраморная крошка тверь,mixed,/catalog/kroshka/,candidate_pending_frequency
157250267,мраморная крошка 20 40 мм,mixed,/catalog/kroshka/,candidate_pending_frequency
37148983,мраморная крошка ставрополь,mixed,/catalog/kroshka/,candidate_pending_frequency
348361930,как выглядит мраморная крошка,informational,/catalog/kroshka/,candidate_pending_frequency
73616233,фасадные термопанели с мраморной крошкой,mixed,/primenenie/shtukaturka/,candidate_pending_frequency
1055289525,где купить мраморную крошку белую,commercial,/catalog/kroshka/,candidate_pending_frequency
164734740,кашпо из мраморной крошки,mixed,/catalog/kroshka/,candidate_pending_frequency
856796791,купить мраморную крошку в белгороде,commercial,/catalog/kroshka/,candidate_pending_frequency
84122411,мраморная крошка серо голубая,mixed,/catalog/kroshka/,candidate_pending_frequency
520670106,декор мраморной крошкой,mixed,/catalog/kroshka/,candidate_pending_frequency
93690203,шлифованная мраморная крошка,mixed,/catalog/kroshka/,candidate_pending_frequency
215052647,мраморная крошка абакан,mixed,/catalog/kroshka/,candidate_pending_frequency
40645537,мраморная крошка волгоград,mixed,/catalog/kroshka/,candidate_pending_frequency
1015599062,мраморная крошка 0 0 5,mixed,/product/mramornaya-kroshka-0-5/,candidate_pending_frequency
521234190,эпоксидная смола с мраморной крошкой,mixed,/primenenie/lkm/,candidate_pending_frequency
215052679,мраморная крошка состав,mixed,/catalog/kroshka/,candidate_pending_frequency
1080379470,термопанели с мраморной крошкой для наружной,mixed,/catalog/kroshka/,candidate_pending_frequency
185778505,мраморная крошка купить в тамбове,commercial,/catalog/kroshka/,candidate_pending_frequency
805338213,купить мраморную крошку в саратове,commercial,/catalog/kroshka/,candidate_pending_frequency
185778515,мраморная крошка на клумбе,mixed,/primenenie/landshaft/,candidate_pending_frequency
10660546,заказать мраморную крошку,commercial,/catalog/kroshka/,candidate_pending_frequency
22325410,мраморная крошка купить в казани,commercial,/catalog/kroshka/,candidate_pending_frequency
8789749,производство мраморной крошки,mixed,/catalog/kroshka/,candidate_pending_frequency
185778508,мраморная крошка купить в тюмени,commercial,/catalog/kroshka/,candidate_pending_frequency
185778480,мраморная крошка калуга,mixed,/catalog/kroshka/,candidate_pending_frequency
185778477,мраморная крошка ижевск,mixed,/catalog/kroshka/,candidate_pending_frequency
298852394,мраморная крошка в ведрах,mixed,/catalog/kroshka/,candidate_pending_frequency
300576686,мраморная крошка м3,mixed,/catalog/kroshka/,candidate_pending_frequency
1080379471,купить мраморную крошку в мешках спб,commercial,/catalog/kroshka/,candidate_pending_frequency
122121369,мраморная крошка в мешках спб,geo,/catalog/kroshka/,candidate_pending_frequency
1317541,доставка мраморной крошки,mixed,/catalog/kroshka/,candidate_pending_frequency
1046618684,мраморная крошка фракцией 2 5 мм,informational,/catalog/kroshka/,candidate_pending_frequency
954404418,мраморная крошка купить в пензе,commercial,/catalog/kroshka/,candidate_pending_frequency
122121397,мраморная крошка ландшафт,mixed,/primenenie/landshaft/,candidate_pending_frequency
300576688,мраморная крошка 25кг,mixed,/catalog/kroshka/,candidate_pending_frequency
68699469,купить цветную мраморную крошку,commercial,/catalog/kroshka/,candidate_pending_frequency
55688999,мраморная крошка дешево,mixed,/catalog/kroshka/,candidate_pending_frequency
348361551,мраморная крошка красивая,mixed,/catalog/kroshka/,candidate_pending_frequency
955292982,термопанели с мраморной крошкой для наружной отделки,mixed,/catalog/kroshka/,candidate_pending_frequency
29305580,фасадная краска с мраморной крошкой,mixed,/primenenie/lkm/,candidate_pending_frequency
234547736,мраморная крошка цвет белый,mixed,/catalog/kroshka/,candidate_pending_frequency
143042855,белая мраморная крошка в мешках цена,commercial,/catalog/kroshka/,candidate_pending_frequency
62744510,мраморная крошка байрамикс,mixed,/catalog/kroshka/,candidate_pending_frequency
34666709,мраморная крошка оптом от производителя,commercial,/catalog/kroshka/,candidate_pending_frequency
498070572,мойка мраморная крошка,mixed,/catalog/kroshka/,candidate_pending_frequency
345487719,мраморная крошка купить в иркутске,commercial,/catalog/kroshka/,candidate_pending_frequency
1053857644,мраморная крошка белая фракция 10 20 мм,informational,/catalog/kroshka/,candidate_pending_frequency
352841520,мраморная крошка для внутренних работ,mixed,/catalog/kroshka/,candidate_pending_frequency
406934875,садовая мраморная крошка,mixed,/primenenie/landshaft/,candidate_pending_frequency
348367577,мраморная крошка очистить,mixed,/catalog/kroshka/,candidate_pending_frequency
164171207,штукатурка с мраморной крошкой для цоколя,mixed,/primenenie/shtukaturka/,candidate_pending_frequency
93690168,галтованная мраморная крошка купить,commercial,/catalog/kroshka/,candidate_pending_frequency
965566412,купить галтованную мраморную крошку,commercial,/catalog/kroshka/,candidate_pending_frequency
348355004,мраморная крошка и смола,mixed,/primenenie/lkm/,candidate_pending_frequency
33032296,работа штукатурка мраморная крошка,mixed,/primenenie/shtukaturka/,candidate_pending_frequency
9994299,отделка дома мраморной крошкой,mixed,/catalog/kroshka/,candidate_pending_frequency
40645538,мраморная крошка купить в волгограде,commercial,/catalog/kroshka/,candidate_pending_frequency
406936037,мраморная крошка симферополе,mixed,/catalog/kroshka/,candidate_pending_frequency
1080379473,как засыпать мраморной крошкой,informational,/catalog/kroshka/,candidate_pending_frequency
1076249568,купить мраморную крошку тонну,commercial,/catalog/kroshka/,candidate_pending_frequency
1058469565,мраморная крошка биг бег,commercial,/catalog/kroshka/,candidate_pending_frequency
122121394,виды мраморной крошки,informational,/catalog/kroshka/,candidate_pending_frequency
110591722,мраморная крошка белая купить в москве,commercial,/catalog/kroshka/,candidate_pending_frequency
77458896,цветник из мраморной крошки,mixed,/primenenie/landshaft/,candidate_pending_frequency
1080379474,мраморная крошка белая фракция 10 20 купить,commercial,/catalog/kroshka/,candidate_pending_frequency
867631770,крошка мраморная белый 5 10 мм,mixed,/product/mramornaya-kroshka-5-10/,candidate_pending_frequency
157250149,мраморная крошка мелкая купить,commercial,/catalog/kroshka/,candidate_pending_frequency
151109985,мраморная крошка от производителя купить,commercial,/catalog/kroshka/,candidate_pending_frequency
1080379475,цементная смесь с мраморной крошкой,mixed,/catalog/kroshka/,candidate_pending_frequency
185778440,мраморная крошка 20 40 мм белая,mixed,/catalog/kroshka/,candidate_pending_frequency
348360741,сколько весит мраморная крошка,informational,/catalog/kroshka/,candidate_pending_frequency
157250264,мраморная крошка 3 5 мм,mixed,/catalog/kroshka/,candidate_pending_frequency
151041611,термопанели мраморная крошка купить,commercial,/catalog/kroshka/,candidate_pending_frequency
44060708,декоративный камень мраморная крошка,mixed,/catalog/kroshka/,candidate_pending_frequency
1080379476,мраморная крошка для улицы,mixed,/catalog/kroshka/,candidate_pending_frequency
738933855,мраморная крошка для ступеней,mixed,/catalog/kroshka/,candidate_pending_frequency
34666702,купить мраморную крошку оптом от производителя,commercial,/catalog/kroshka/,candidate_pending_frequency
984860692,эпоксидный пол с мраморной крошкой,mixed,/catalog/kroshka/,candidate_pending_frequency
22325602,искусственная мраморная крошка,mixed,/catalog/kroshka/,candidate_pending_frequency
1080379477,мраморная крошка утеплитель,mixed,/catalog/kroshka/,candidate_pending_frequency
1058129173,мраморная крошка фракцией 5 10 мм,informational,/product/mramornaya-kroshka-5-10/,candidate_pending_frequency
1046618780,рассчитать мраморную крошку,mixed,/catalog/kroshka/,candidate_pending_frequency
928436489,мраморная крошка 25 кг купить,commercial,/catalog/kroshka/,candidate_pending_frequency
1080379478,мраморная крошка в горшках,mixed,/catalog/kroshka/,candidate_pending_frequency
185778532,мраморная крошка хабаровск,mixed,/catalog/kroshka/,candidate_pending_frequency
47162856,мраморная крошка в омске купить,commercial,/catalog/kroshka/,candidate_pending_frequency
65080911,штукатурка акриловая мраморная крошка,mixed,/primenenie/shtukaturka/,candidate_pending_frequency
877168148,мраморная крошка орел,mixed,/catalog/kroshka/,candidate_pending_frequency
406934161,цемент с мраморной крошкой,mixed,/catalog/kroshka/,candidate_pending_frequency
1059726386,мраморная крошка в мешках 25 кг,mixed,/catalog/kroshka/,candidate_pending_frequency
726123626,штукатурка с мраморной крошкой для фасада,mixed,/primenenie/shtukaturka/,candidate_pending_frequency
982852343,мраморная крошка каталог,mixed,/catalog/kroshka/,candidate_pending_frequency
330682256,мраморная крошка для кухни,mixed,/catalog/kroshka/,candidate_pending_frequency
55688995,натуральная мраморная крошка,geo,/catalog/kroshka/,candidate_pending_frequency
938409982,1 тонна мраморной крошки,commercial,/catalog/kroshka/,candidate_pending_frequency
1080379479,применений мраморной крошки,informational,/catalog/kroshka/,candidate_pending_frequency
1015599065,крошка мраморная фракция 20 40,informational,/catalog/kroshka/,candidate_pending_frequency
1080379480,мраморная крошка для дачи,mixed,/catalog/kroshka/,candidate_pending_frequency
348357834,ремонт мраморной крошки,mixed,/catalog/kroshka/,candidate_pending_frequency
215052673,мраморная крошка новокузнецк,mixed,/catalog/kroshka/,candidate_pending_frequency
28833371,краска с мраморной крошкой для стен,mixed,/primenenie/lkm/,candidate_pending_frequency
348364513,как называется мраморная крошка,informational,/catalog/kroshka/,candidate_pending_frequency
952318338,мраморная крошка кемерово,mixed,/catalog/kroshka/,candidate_pending_frequency
348343845,сколько стоит мраморная крошка цена,commercial,/catalog/kroshka/,candidate_pending_frequency
348362036,мраморная крошка как использовать,informational,/catalog/kroshka/,candidate_pending_frequency
1056813,бетонный пол с мраморной крошкой,commercial,/catalog/kroshka/,candidate_pending_frequency
161739301,мраморная крошка купить в екатеринбурге в мешках,commercial,/catalog/kroshka/,candidate_pending_frequency
928903715,мраморная крошка купить в новосибирске в мешках,commercial,/catalog/kroshka/,candidate_pending_frequency
122121388,мраморная крошка крупная,mixed,/catalog/kroshka/,candidate_pending_frequency
1080379483,мраморная крошка в костроме,mixed,/catalog/kroshka/,candidate_pending_frequency
4511820,отделка фасада мраморной крошкой,mixed,/primenenie/shtukaturka/,candidate_pending_frequency
982852318,мраморная крошка белая 25 кг,mixed,/catalog/kroshka/,candidate_pending_frequency
332433409,мраморная крошка биг бэг,commercial,/catalog/kroshka/,candidate_pending_frequency
1080379484,мраморная крошка во владимире,mixed,/catalog/kroshka/,candidate_pending_frequency
185778492,мраморная крошка купить в курске,commercial,/catalog/kroshka/,candidate_pending_frequency
990761637,мраморная крошка махачкала,mixed,/catalog/kroshka/,candidate_pending_frequency
150689600,мраморная крошка саранск,mixed,/catalog/kroshka/,candidate_pending_frequency
34011094,изделия из мраморной крошки,mixed,/catalog/kroshka/,candidate_pending_frequency
277594233,реагенты крошка мраморная,mixed,/catalog/kroshka/,candidate_pending_frequency
215052678,мраморная крошка смоленск,mixed,/primenenie/lkm/,candidate_pending_frequency
344799443,мраморная крошка противогололедная,mixed,/catalog/kroshka/,candidate_pending_frequency
389096576,мраморная крошка во дворе,mixed,/catalog/kroshka/,candidate_pending_frequency
185778476,мраморная крошка иваново,mixed,/catalog/kroshka/,candidate_pending_frequency
498210333,мраморная крошка в мешках красноярск,mixed,/catalog/kroshka/,candidate_pending_frequency
1080379486,мраморная крошка купить 10 кг,commercial,/catalog/kroshka/,candidate_pending_frequency
7113588,штукатурка на основе мраморной крошки,mixed,/primenenie/shtukaturka/,candidate_pending_frequency
69179264,брусчатка с мраморной крошкой,mixed,/catalog/kroshka/,candidate_pending_frequency
185778468,мраморная крошка владикавказ,mixed,/catalog/kroshka/,candidate_pending_frequency
486629089,засыпка мраморной крошкой,mixed,/catalog/kroshka/,candidate_pending_frequency
1080379487,мраморная крошка для крыльца,mixed,/catalog/kroshka/,candidate_pending_frequency
1080379488,крошка мраморная 10 20мм,mixed,/catalog/kroshka/,candidate_pending_frequency
21090053,купить мраморную крошку в перми,commercial,/catalog/kroshka/,candidate_pending_frequency
95904658,пленка мраморная крошка,mixed,/catalog/kroshka/,candidate_pending_frequency
1046618694,мраморная крошка монтаж,mixed,/catalog/kroshka/,candidate_pending_frequency
805093795,как правильно уложить мраморную крошку,informational,/catalog/kroshka/,candidate_pending_frequency
1080379489,мраморная крошка 5 20 купить,commercial,/catalog/kroshka/,candidate_pending_frequency
954404417,мраморная крошка купить в красноярске в мешках,commercial,/catalog/kroshka/,candidate_pending_frequency
185778467,мраморная крошка владивосток,mixed,/catalog/kroshka/,candidate_pending_frequency
1080379490,сколько мраморной крошки в ведре,informational,/catalog/kroshka/,candidate_pending_frequency
1080379491,сколько мраморной крошки нужно на 1,informational,/catalog/kroshka/,candidate_pending_frequency
554574767,мраморная крошка красноярск цена,commercial,/catalog/kroshka/,candidate_pending_frequency
18650319,облицовка мраморной крошкой,mixed,/catalog/kroshka/,candidate_pending_frequency
215052677,мраморная крошка пятигорск,mixed,/catalog/kroshka/,candidate_pending_frequency
348355160,мраморная крошка 0.5,mixed,/catalog/kroshka/,candidate_pending_frequency
1080379492,мраморная крошка уссурийск,mixed,/catalog/kroshka/,candidate_pending_frequency
927273715,крошка мраморная белая купить в спб,commercial,/catalog/kroshka/,candidate_pending_frequency
212138509,грунтовка с мраморной крошкой,mixed,/catalog/kroshka/,candidate_pending_frequency
348354773,мраморная крошка дорога,mixed,/primenenie/dorogi/,candidate_pending_frequency
1035347745,краска структурная с мраморной крошкой,mixed,/primenenie/lkm/,candidate_pending_frequency
938409759,сколько надо мраморной крошки на цветник,informational,/primenenie/landshaft/,candidate_pending_frequency
1080379494,мраморная крошка челны,mixed,/catalog/kroshka/,candidate_pending_frequency
1080379495,мраморная крошка серо белая,mixed,/catalog/kroshka/,candidate_pending_frequency
93690160,мраморная крошка для дорожек цена,commercial,/catalog/kroshka/,candidate_pending_frequency
348364031,мраморная крошка рязань,mixed,/catalog/kroshka/,candidate_pending_frequency
974994675,мраморная крошка минусы,mixed,/catalog/kroshka/,candidate_pending_frequency
1080379496,мраморная крошка курган,mixed,/catalog/kroshka/,candidate_pending_frequency
185778481,мраморная крошка киров,mixed,/catalog/kroshka/,candidate_pending_frequency
773012739,мраморная крошка для дорожек на даче,mixed,/catalog/kroshka/,candidate_pending_frequency
348365889,чем отмыть мраморную крошку,mixed,/catalog/kroshka/,candidate_pending_frequency
96476689,мрамор из мраморной крошки,mixed,/catalog/kroshka/,candidate_pending_frequency
923431886,мраморная крошка купить во владимире,commercial,/catalog/kroshka/,candidate_pending_frequency
215052670,мраморная крошка магнитогорск,mixed,/catalog/kroshka/,candidate_pending_frequency
494311773,купить клей для мраморной крошки,commercial,/catalog/kroshka/,candidate_pending_frequency
902296515,мраморная крошка 2 3,mixed,/product/mramornaya-kroshka-2-3/,candidate_pending_frequency
348358393,мраморная крошка шлифовка,mixed,/catalog/kroshka/,candidate_pending_frequency
389096760,мраморная крошка на фасад дома,mixed,/primenenie/shtukaturka/,candidate_pending_frequency
192604368,расход мраморной крошки на 1м2,informational,/catalog/kroshka/,candidate_pending_frequency
1058129034,мраморная крошка для дорожек купить цена,commercial,/catalog/kroshka/,candidate_pending_frequency
234547709,мраморная крошка мелкая фракция купить,commercial,/catalog/kroshka/,candidate_pending_frequency
1046618767,цена мраморной крошки кг,commercial,/catalog/kroshka/,candidate_pending_frequency
348363696,мраморная крошка брянск,mixed,/catalog/kroshka/,candidate_pending_frequency
966576175,мраморная крошка купить в барнауле в мешках,commercial,/catalog/kroshka/,candidate_pending_frequency
185778502,мраморная крошка купить в смоленске,commercial,/primenenie/lkm/,candidate_pending_frequency
1080379497,краска легко с мраморной крошкой,mixed,/primenenie/lkm/,candidate_pending_frequency
1080379498,мраморная крошка купить в хабаровске,commercial,/catalog/kroshka/,candidate_pending_frequency
954404363,расценка мраморная крошка,mixed,/catalog/kroshka/,candidate_pending_frequency
348369252,можно мраморную крошку в аквариум,mixed,/catalog/kroshka/,candidate_pending_frequency
215052657,мраморная крошка вологда,mixed,/catalog/kroshka/,candidate_pending_frequency
348368205,мраморная крошка краснодарский край,geo,/catalog/kroshka/,candidate_pending_frequency
537953297,клей для мраморной крошки для наружных работ,mixed,/catalog/kroshka/,candidate_pending_frequency
1080379499,мраморная крошка купить в мешках 25,commercial,/catalog/kroshka/,candidate_pending_frequency
437503772,мраморная крошка калининград,mixed,/catalog/kroshka/,candidate_pending_frequency
157250150,купить мраморную крошку в московской области,commercial,/catalog/kroshka/,candidate_pending_frequency
185778504,мраморная крошка купить в ставрополе,commercial,/catalog/kroshka/,candidate_pending_frequency
990761619,ковер из мраморной крошки,mixed,/catalog/kroshka/,candidate_pending_frequency
1080379500,мраморная крошка старый оскол,mixed,/catalog/kroshka/,candidate_pending_frequency
55060746,продам мраморную крошку,commercial,/catalog/kroshka/,candidate_pending_frequency
93690205,мраморная крошка для сада купить,commercial,/primenenie/landshaft/,candidate_pending_frequency
27779325,геотекстиль под мраморную крошку,mixed,/catalog/kroshka/,candidate_pending_frequency
348358171,мраморная крошка на участке,mixed,/catalog/kroshka/,candidate_pending_frequency
923431888,мраморная крошка купить в пятигорске,commercial,/catalog/kroshka/,candidate_pending_frequency
1046618769,мраморная крошка купить мраморный дом,commercial,/catalog/kroshka/,candidate_pending_frequency
185778491,мраморная крошка купить в костроме,commercial,/catalog/kroshka/,candidate_pending_frequency
966576128,мраморная крошка купить в мешках 25 кг,commercial,/catalog/kroshka/,candidate_pending_frequency
776990944,мраморная крошка 5 10 мм купить,commercial,/product/mramornaya-kroshka-5-10/,candidate_pending_frequency
348359111,мраморная крошка пропорции,mixed,/catalog/kroshka/,candidate_pending_frequency
812851390,как правильно засыпать мраморную крошку,informational,/catalog/kroshka/,candidate_pending_frequency
902296557,благоустройство мраморной крошкой,mixed,/primenenie/landshaft/,candidate_pending_frequency
