id,query,reason
154583,венецианская штукатурка под мрамор,другой продукт или отделочный эффект
2760161,щебенка,нет целевого продукта
302952260,сладкий мрамор,еда или игровой запрос
8966671,жидкий мрамор,другой продукт или отделочный эффект
10514402,декоративные камни для ландшафтного дизайна,нет целевого продукта
26344099,кальцит,нет целевого продукта
174198916,битумная эмульсия для асфальтовой крошки,сопутствующий или другой продукт
209123,декоративная штукатурка под мрамор,нет целевого продукта
617247,розовый мрамор,цвет отсутствует в ассортименте
7115249,микропенис,медицина или бытовая химия
8966581,литьевой мрамор,другой продукт или отделочный эффект
1080379384,арбуз красный мрамор,еда или игровой запрос
311471,каррарский мрамор,другой продукт или отделочный эффект
1046607,белый мрамор,нет целевого продукта
1235996,гротто декоративная штукатурка,нет целевого продукта
11799753,ландшафтный парк южное бутово,общий ландшафтный запрос без продукта
204258910,микроальбумин в моче что это такое,медицина или бытовая химия
690850,сульфат кальция,нет целевого продукта
790345,штукатурка под мрамор,нет целевого продукта
8966828,плотность мрамора,нет целевого продукта
327170901,жидкий мрамор для пола,другой продукт или отделочный эффект
343486554,микрокальцит от клопов,медицина или бытовая химия
482766139,гибкий мрамор что это,другой продукт или отделочный эффект
1080379385,бдо мрамор,еда или игровой запрос
446554,мрамор камень,нет целевого продукта
454618,наливной пол под мрамор,нет целевого продукта
60036503,мраморная крошка на могилу,розничный ритуальный сценарий
62127360,миксбордер в ландшафтном дизайне,общий ландшафтный запрос без продукта
343488023,коллоидный микрокальцит от клопов,медицина или бытовая химия
632952157,микроальбумин в моче что это,медицина или бытовая химия
1080379383,гравий стопбан,сопутствующий или другой продукт
325193,клей для мрамора,сопутствующий или другой продукт
1188655,галька для ландшафтного дизайна,общий ландшафтный запрос без продукта
2366830,серый мрамор,цвет отсутствует в ассортименте
10184834,обои мрамор,другой продукт или отделочный эффект
13957970,кальцитриол,медицина или бытовая химия
1003566634,забивая камнями сарай м,нет целевого продукта
21282,искусственный мрамор,другой продукт или отделочный эффект
1846360,мрамор из бетона,нет целевого продукта
2540221,текстурная штукатурка,нет целевого продукта
1080379247,мраморная мука серая купить,цвет отсутствует в ассортименте
446603,мрамор текстура,другой продукт или отделочный эффект
4392347,синий мрамор,цвет отсутствует в ассортименте
10684926,валик для фактурной штукатурки,сопутствующий или другой продукт
54450515,карбамид что это,медицина или бытовая химия
355755133,жидкий мрамор для стен,другой продукт или отделочный эффект
209104,декоративная штукатурка мрамор,нет целевого продукта
446557,мрамор каррара,другой продукт или отделочный эффект
44631087,текстура мрамора,другой продукт или отделочный эффект
813261326,гибкий мрамор что это за материал,другой продукт или отделочный эффект
1060578767,коликальциферол что это за лекарство,медицина или бытовая химия
8967301,как добывают мрамор,нет целевого продукта
10184849,мрамор формула,нет целевого продукта
18644654,памятник из мраморной крошки,"готовое изделие, не сырьё"
29823479,подпорный камень,общий ландшафтный запрос без продукта
185578431,монофосфат калия как разводить,медицина или бытовая химия
348392946,литьевой мрамор ярли,другой продукт или отделочный эффект
498210089,мрамор из венецианской штукатурки,другой продукт или отделочный эффект
39774,камни для ландшафтного дизайна,нет целевого продукта
93080863,каменное масло что это,медицина или бытовая химия
124745972,микрон это,нет целевого продукта
336361086,арт бетон декоративная штукатурка нанесение,нет целевого продукта
1080379251,доломитовая мука из мраморной крошки,другой материал
1080379264,узелковый мрамор,нет целевого продукта
634053,светлый мрамор,нет целевого продукта
2749847,шпаклевка под мрамор,сопутствующий или другой продукт
53824517,мрамор марквина синий,цвет отсутствует в ассортименте
76995023,микроцемент что это,сопутствующий или другой продукт
9032561,штукатурка фасада под камень,нет целевого продукта
22834662,мраморная крошка на кладбище,розничный ритуальный сценарий
27151624,декоративный камень для дорожек,нет целевого продукта
61417588,литьевой мрамор что это,другой продукт или отделочный эффект
426513566,кальция карбонат 500,нет целевого продукта
1080379253,купить мраморную муку леруа,розничный канал
200985416,хлорид кальция что это,медицина или бытовая химия
411601568,фактурный мрамор,нет целевого продукта
1080379254,известь мраморная мука,другой материал
451080,мягкий мрамор,нет целевого продукта
8967988,как образуется мрамор,нет целевого продукта
42346352,мрамор это,нет целевого продукта
758051523,кальций карбонат 500мг,медицина или бытовая химия
794752881,мягкий мрамор для стен,нет целевого продукта
1080379451,кальцефорте минеральный комплекс,медицина или бытовая химия
1080379512,терралит штукатурка с мраморной крошкой для улицы,чужой бренд или готовая смесь
30332198,микрокальцинаты,нет целевого продукта
104625912,щебенка это,нет целевого продукта
1080379258,мраморный кекс с миндальной мукой рецепт,еда или игровой запрос
628354915,кальцит это,нет целевого продукта
744132675,щебенка что это,нет целевого продукта
1080379267,щебень мраморный черный,цвет отсутствует в ассортименте
828701550,мраморный щебень серый,цвет отсутствует в ассортименте
1080379260,халва мраморная из муки масла и сахара,еда или игровой запрос
1080379262,мраморная мука брозекс,чужой бренд или готовая смесь
27178984,черная мраморная крошка,цвет отсутствует в ассортименте
347917038,коллоидный микрокальцит от клопов отзывы,медицина или бытовая химия
1080379269,авито мраморный щебень,розничный канал
1080379387,риф микрокальцит,чужой бренд или готовая смесь
437504181,акрилово мраморная крошка,"готовое покрытие, не сырьё"
27177211,мраморная крошка серая,цвет отсутствует в ассортименте
1046618683,акрило мраморная крошка,"готовое покрытие, не сырьё"
1080379273,мраморный щебень для могилы,розничный ритуальный сценарий
347916743,коллоидный микрокальцит от клопов купить,медицина или бытовая химия
30277638,мраморная гранитная крошка,другой материал
1080379391,микрокальцит против клопов,медицина или бытовая химия
172538135,авито мраморная крошка,розничный канал
18644652,памятник из мраморной крошки цена,"готовое изделие, не сырьё"
87060818,плитка с мраморной крошкой,"готовое изделие, не сырьё"
1080379278,мраморный щебень для могилы купить,розничный ритуальный сценарий
722719363,цена мраморной крошки на могилу,розничный ритуальный сценарий
347916848,коллоидный микрокальцит от клопов где купить,медицина или бытовая химия
846109367,где купить мраморную крошку для кладбища,розничный ритуальный сценарий
1080379432,коллоидный микрокальцит помогает ли от клопов,медицина или бытовая химия
236356404,крошка мраморная в мешках для кладбища,розничный ритуальный сценарий
1080379287,мраморный щебень на авито купить,розничный канал
61417646,мраморная крошка на кладбище купить,розничный ритуальный сценарий
1040423901,мраморная крошка для кладбища на могилу,розничный ритуальный сценарий
495471206,леруа мраморная крошка,розничный канал
1080379305,мраморный щебень розовый,цвет отсутствует в ассортименте
74064778,купить мраморную крошку в мешках для кладбища,розничный ритуальный сценарий
1080379315,щебень белый мраморный на могиле,розничный ритуальный сценарий
18644651,памятник из мраморной крошки фото,"готовое изделие, не сырьё"
969896147,мраморный щебень для кладбища,розничный ритуальный сценарий
66290352,мраморная крошка на могилу купить,розничный ритуальный сценарий
776990948,щебень мраморный серый купить,цвет отсутствует в ассортименте
93690164,купить черную мраморную крошку,цвет отсутствует в ассортименте
1080379334,щебень мраморный коричневый,цвет отсутствует в ассортименте
1046618778,акрило мраморная крошка для внутренней отделки,"готовое покрытие, не сырьё"
14209426,тротуарная плитка с мраморной крошкой,"готовое изделие, не сырьё"
1080379352,щебень мраморный черный авито,розничный канал
954404262,мраморная крошка белая для кладбища,розничный ритуальный сценарий
389096058,леруа мерлен мраморная крошка,розничный канал
185778527,мраморная крошка серая купить,цвет отсутствует в ассортименте
1080379361,мраморный щебень серый карьер,цвет отсутствует в ассортименте
1080379369,благоустройство могилы мраморным щебнем поэтапно своими руками,розничный ритуальный сценарий
21673479,памятники из мраморной крошки фото цена,"готовое изделие, не сырьё"
22173189,крест из мраморной крошки,"готовое изделие, не сырьё"
911036460,памятник на могилу из мраморной крошки,"готовое изделие, не сырьё"
102797334,мраморная крошка на могилу фото,розничный ритуальный сценарий
1080379382,мраморный щебень серый купить красногорск истра,цвет отсутствует в ассортименте
885270750,купить мраморную крошку на авито,розничный канал
117810984,мраморная крошка в цветник на могилу,розничный ритуальный сценарий
117830689,сколько надо мраморной крошки на могилу,розничный ритуальный сценарий
195862187,сколько нужно мраморной крошки на могилу,розничный ритуальный сценарий
938409733,мраморная крошка на могилке,розничный ритуальный сценарий
854469362,где можно купить мраморную крошку для кладбища,розничный ритуальный сценарий
1002582102,мраморная крошка купить леруа,розничный канал
1046618876,акрило мраморная крошка фото,"готовое покрытие, не сырьё"
1029527673,памятник из мраморной крошки цена на могилу,"готовое изделие, не сырьё"
61417959,сколько стоит мраморная крошка на могилу,розничный ритуальный сценарий
117830682,засыпать могилу мраморной крошкой,розничный ритуальный сценарий
800128934,мраморная крошка на могилу в мешках цена,розничный ритуальный сценарий
223804224,мраморная крошка черно белая,цвет отсутствует в ассортименте
204626475,коричневая мраморная крошка,цвет отсутствует в ассортименте
185778516,мраморная крошка на могилу как укладывать,розничный ритуальный сценарий
21672658,купить памятник из мраморной крошки,"готовое изделие, не сырьё"
710760977,крест из мраморной крошки на могилу,"готовое изделие, не сырьё"
1080379472,imperial фактурная с мраморной крошкой,чужой бренд или готовая смесь
348354728,краска imperial с мраморной крошкой,чужой бренд или готовая смесь
843687642,мраморная крошка купить в розницу,розничный канал
2482190,статуэтки из мраморной крошки,"готовое изделие, не сырьё"
71936184,церезит мраморная крошка,чужой бренд или готовая смесь
1046618693,фактурная краска с мраморной крошкой imperial,чужой бренд или готовая смесь
954404340,мраморная крошка белая для кладбища цена,розничный ритуальный сценарий
1066071355,мраморная крошка надгробие,"готовое изделие, не сырьё"
836430424,кварцевый песок мраморная крошка,другой материал
7520574,мраморная крошка зеленая,цвет отсутствует в ассортименте
16037978,столешница из мраморной крошки,"готовое изделие, не сырьё"
954404436,прозрачная мраморная крошка,цвет отсутствует в ассортименте
1080379481,мраморная крошка терралит,чужой бренд или готовая смесь
1080379482,акрилово мраморная крошка купить,"готовое покрытие, не сырьё"
166636263,сковорода мраморная крошка,"готовое изделие, не сырьё"
185778455,мраморная крошка в мешках в леруа,розничный канал
1080379485,акрило мраморная крошка для внутренней отделки фото,"готовое покрытие, не сырьё"
952403706,мраморная крошка темная,цвет отсутствует в ассортименте
90282289,сувениры из мраморной крошки,"готовое изделие, не сырьё"
13963780,раковина мраморная крошка,"готовое изделие, не сырьё"
37202134,сколько стоит памятник из мраморной крошки,"готовое изделие, не сырьё"
1046618741,акрило мраморная крошка для стен,"готовое покрытие, не сырьё"
310578622,купить гранитно мраморную крошку,другой материал
982852435,мраморная крошка вокруг могилы,розничный ритуальный сценарий
1046618751,леруа мерлен купить мраморную крошку,розничный канал
735117782,терралит штукатурка с мраморной крошкой,чужой бренд или готовая смесь
1080379493,петрович мраморная крошка,розничный канал
181685950,клей для мраморной крошки прозрачный,цвет отсутствует в ассортименте
117830675,мраморная крошка на кладбище фото,розничный ритуальный сценарий
1046618746,мраморная крошка farbitex,чужой бренд или готовая смесь
222528584,мраморная крошка розовая,цвет отсутствует в ассортименте
21973501,оформление могил мраморной крошкой,розничный ритуальный сценарий
1080379501,мраморная крошка в светофоре,розничный канал
1055544667,крошка на кладбище мраморная цена,розничный ритуальный сценарий
966576113,купить мраморной крошки плитку,"готовое изделие, не сырьё"
1080379502,мраморная крошка серого цвета,цвет отсутствует в ассортименте
