id,query,group_id,group_name
154583,венецианская штукатурка под мрамор,75599740,COLLECT: мраморная крошка
310495,карбонат кальция,75599740,COLLECT: мраморная крошка
435515,микрокальцит,75599740,COLLECT: мраморная крошка
446623,мраморная крошка,75599740,COLLECT: мраморная крошка
446734,мраморный щебень,75599740,COLLECT: мраморная крошка
2760161,щебенка,75599740,COLLECT: мраморная крошка
29773417,мраморная мука,75599740,COLLECT: мраморная крошка
93690211,мраморная крошка для ландшафта,75599740,COLLECT: мраморная крошка
302952260,сладкий мрамор,75599740,COLLECT: мраморная крошка
1080379503,мраморная крошка для штукатурки,75599740,COLLECT: мраморная крошка
8966671,жидкий мрамор,75599740,COLLECT: мраморная крошка
10514402,декоративные камни для ландшафтного дизайна,75599740,COLLECT: мраморная крошка
26344099,кальцит,75599740,COLLECT: мраморная крошка
174198916,битумная эмульсия для асфальтовой крошки,75599740,COLLECT: мраморная крошка
828701442,купить мраморную муку,75599740,COLLECT: мраморная крошка
828701499,мраморная крошка для декоративной штукатурки,75599740,COLLECT: мраморная крошка
209123,декоративная штукатурка под мрамор,75599740,COLLECT: мраморная крошка
355014,крошка мраморная белая,75599740,COLLECT: мраморная крошка
617247,розовый мрамор,75599740,COLLECT: мраморная крошка
7115249,микропенис,75599740,COLLECT: мраморная крошка
8966581,литьевой мрамор,75599740,COLLECT: мраморная крошка
1080379384,арбуз красный мрамор,75599740,COLLECT: мраморная крошка
311471,каррарский мрамор,75599740,COLLECT: мраморная крошка
1046607,белый мрамор,75599740,COLLECT: мраморная крошка
1235996,гротто декоративная штукатурка,75599740,COLLECT: мраморная крошка
11799753,ландшафтный парк южное бутово,75599740,COLLECT: мраморная крошка
23271683,щебень мраморный белый купить,75599740,COLLECT: мраморная крошка
204258910,микроальбумин в моче что это такое,75599740,COLLECT: мраморная крошка
865144115,мраморная мука для чего используется,75599740,COLLECT: мраморная крошка
1080379386,микрокальцит панели,75599740,COLLECT: мраморная крошка
690850,сульфат кальция,75599740,COLLECT: мраморная крошка
790345,штукатурка под мрамор,75599740,COLLECT: мраморная крошка
8966828,плотность мрамора,75599740,COLLECT: мраморная крошка
327170901,жидкий мрамор для пола,75599740,COLLECT: мраморная крошка
343486554,микрокальцит от клопов,75599740,COLLECT: мраморная крошка
482766139,гибкий мрамор что это,75599740,COLLECT: мраморная крошка
761547357,мраморная крошка для стен штукатурка,75599740,COLLECT: мраморная крошка
1036153811,фракции мраморного щебня,75599740,COLLECT: мраморная крошка
1080379245,мраморная мука насыпная плотность,75599740,COLLECT: мраморная крошка
1080379385,бдо мрамор,75599740,COLLECT: мраморная крошка
446554,мрамор камень,75599740,COLLECT: мраморная крошка
454618,наливной пол под мрамор,75599740,COLLECT: мраморная крошка
60036503,мраморная крошка на могилу,75599740,COLLECT: мраморная крошка
62127360,миксбордер в ландшафтном дизайне,75599740,COLLECT: мраморная крошка
112548339,мраморный щебень 10 20,75599740,COLLECT: мраморная крошка
343488023,коллоидный микрокальцит от клопов,75599740,COLLECT: мраморная крошка
632952157,микроальбумин в моче что это,75599740,COLLECT: мраморная крошка
645885459,мраморная мука микрокальцит купить,75599740,COLLECT: мраморная крошка
1080379383,гравий стопбан,75599740,COLLECT: мраморная крошка
1080379504,мраморная крошка для штукатурки купить,75599740,COLLECT: мраморная крошка
325193,клей для мрамора,75599740,COLLECT: мраморная крошка
1188655,галька для ландшафтного дизайна,75599740,COLLECT: мраморная крошка
2366830,серый мрамор,75599740,COLLECT: мраморная крошка
10184834,обои мрамор,75599740,COLLECT: мраморная крошка
13957970,кальцитриол,75599740,COLLECT: мраморная крошка
55689006,мраморный щебень 20 40,75599740,COLLECT: мраморная крошка
347917435,микрокальцит мрамора,75599740,COLLECT: мраморная крошка
434106930,штукатурка с мраморной крошкой для внутренних работ,75599740,COLLECT: мраморная крошка
991965716,мраморная крошка сколько,75599740,COLLECT: мраморная крошка
1003566634,забивая камнями сарай м,75599740,COLLECT: мраморная крошка
1080379246,эпоксидная смола с мраморной мукой,75599740,COLLECT: мраморная крошка
21282,искусственный мрамор,75599740,COLLECT: мраморная крошка
1846360,мрамор из бетона,75599740,COLLECT: мраморная крошка
2540221,текстурная штукатурка,75599740,COLLECT: мраморная крошка
47162452,купить мраморную крошку в мешках,75599740,COLLECT: мраморная крошка
56616885,кальций карбонат,75599740,COLLECT: мраморная крошка
139025184,мкм микрокальцит,75599740,COLLECT: мраморная крошка
348348361,штукатурка мраморная крошка для внутренней отделки,75599740,COLLECT: мраморная крошка
1080379247,мраморная мука серая купить,75599740,COLLECT: мраморная крошка
446603,мрамор текстура,75599740,COLLECT: мраморная крошка
4392347,синий мрамор,75599740,COLLECT: мраморная крошка
10684926,валик для фактурной штукатурки,75599740,COLLECT: мраморная крошка
54450515,карбамид что это,75599740,COLLECT: мраморная крошка
139025197,микрокальцит мраморная,75599740,COLLECT: мраморная крошка
355755133,жидкий мрамор для стен,75599740,COLLECT: мраморная крошка
383534154,штукатурка мраморная крошка для фасада купить,75599740,COLLECT: мраморная крошка
1080379248,мраморная мука из камня,75599740,COLLECT: мраморная крошка
1080379265,щебень мраморный белый фракция,75599740,COLLECT: мраморная крошка
209104,декоративная штукатурка мрамор,75599740,COLLECT: мраморная крошка
446557,мрамор каррара,75599740,COLLECT: мраморная крошка
2756904,штукатурка мраморная крошка,75599740,COLLECT: мраморная крошка
44631087,текстура мрамора,75599740,COLLECT: мраморная крошка
115484492,микрокальцит мк,75599740,COLLECT: мраморная крошка
208227756,мраморный щебень 10 20 мм,75599740,COLLECT: мраморная крошка
813261326,гибкий мрамор что это за материал,75599740,COLLECT: мраморная крошка
1060578767,коликальциферол что это за лекарство,75599740,COLLECT: мраморная крошка
1080379249,купить мраморную муку в туле,75599740,COLLECT: мраморная крошка
1080379505,сухая штукатурка с крошкой мраморной для цоколя,75599740,COLLECT: мраморная крошка
8967301,как добывают мрамор,75599740,COLLECT: мраморная крошка
10184849,мрамор формула,75599740,COLLECT: мраморная крошка
18644654,памятник из мраморной крошки,75599740,COLLECT: мраморная крошка
29823479,подпорный камень,75599740,COLLECT: мраморная крошка
139025210,микрокальцит 5,75599740,COLLECT: мраморная крошка
185578431,монофосфат калия как разводить,75599740,COLLECT: мраморная крошка
348392946,литьевой мрамор ярли,75599740,COLLECT: мраморная крошка
498210089,мрамор из венецианской штукатурки,75599740,COLLECT: мраморная крошка
955858550,щебень мраморный галтованный,75599740,COLLECT: мраморная крошка
1080379250,мраморная мука мк 100 в краснодаре,75599740,COLLECT: мраморная крошка
1080379506,декоративная с мраморной крошкой штукатурка для ванной,75599740,COLLECT: мраморная крошка
39774,камни для ландшафтного дизайна,75599740,COLLECT: мраморная крошка
93080863,каменное масло что это,75599740,COLLECT: мраморная крошка
112698526,фракции мраморной крошки,75599740,COLLECT: мраморная крошка
124745972,микрон это,75599740,COLLECT: мраморная крошка
336361086,арт бетон декоративная штукатурка нанесение,75599740,COLLECT: мраморная крошка
914303710,краска микрокальцит,75599740,COLLECT: мраморная крошка
1080379251,доломитовая мука из мраморной крошки,75599740,COLLECT: мраморная крошка
1080379264,узелковый мрамор,75599740,COLLECT: мраморная крошка
1080379507,штукатурка мраморная крошка для внутренней отделки купить,75599740,COLLECT: мраморная крошка
181916,где купить мраморную крошку,75599740,COLLECT: мраморная крошка
634053,светлый мрамор,75599740,COLLECT: мраморная крошка
2749847,шпаклевка под мрамор,75599740,COLLECT: мраморная крошка
53824517,мрамор марквина синий,75599740,COLLECT: мраморная крошка
76995023,микроцемент что это,75599740,COLLECT: мраморная крошка
139025212,микрокальцит 2,75599740,COLLECT: мраморная крошка
955858549,щебень мраморный белый фракция 10 20мм,75599740,COLLECT: мраморная крошка
1080379252,купить мраморную муку домодедово,75599740,COLLECT: мраморная крошка
1080379508,мраморная штукатурка крошка для улицы,75599740,COLLECT: мраморная крошка
9032561,штукатурка фасада под камень,75599740,COLLECT: мраморная крошка
22834662,мраморная крошка на кладбище,75599740,COLLECT: мраморная крошка
27151624,декоративный камень для дорожек,75599740,COLLECT: мраморная крошка
61417588,литьевой мрамор что это,75599740,COLLECT: мраморная крошка
347917962,микрокальцит смолы,75599740,COLLECT: мраморная крошка
426513566,кальция карбонат 500,75599740,COLLECT: мраморная крошка
1080379253,купить мраморную муку леруа,75599740,COLLECT: мраморная крошка
1080379266,щебень мраморно белый 10 20 мм,75599740,COLLECT: мраморная крошка
1080379509,штукатурка для стен дома из мраморной крошки,75599740,COLLECT: мраморная крошка
49287202,мраморная крошка фото,75599740,COLLECT: мраморная крошка
164168647,штукатурка из мраморной крошки для наружных работ,75599740,COLLECT: мраморная крошка
200985416,хлорид кальция что это,75599740,COLLECT: мраморная крошка
411601568,фактурный мрамор,75599740,COLLECT: мраморная крошка
1080379254,известь мраморная мука,75599740,COLLECT: мраморная крошка
451080,мягкий мрамор,75599740,COLLECT: мраморная крошка
112547481,мраморный щебень 5 20,75599740,COLLECT: мраморная крошка
181084213,карбонат кальция что это,75599740,COLLECT: мраморная крошка
347916677,коллоидный микрокальцит купить,75599740,COLLECT: мраморная крошка
1080379255,купить мраморную муку мк 100,75599740,COLLECT: мраморная крошка
1080379510,мраморная крошка для пола декоративная штукатурка,75599740,COLLECT: мраморная крошка
8967988,как образуется мрамор,75599740,COLLECT: мраморная крошка
42346352,мрамор это,75599740,COLLECT: мраморная крошка
93690210,мраморная крошка 10 20,75599740,COLLECT: мраморная крошка
133545839,купить мраморный щебень в мешках,75599740,COLLECT: мраморная крошка
758051523,кальций карбонат 500мг,75599740,COLLECT: мраморная крошка
1080379256,отличие мраморная мука от мраморной крошки,75599740,COLLECT: мраморная крошка
1080379511,штукатурка мраморная крошка для ступеней крыльца,75599740,COLLECT: мраморная крошка
10107627,щебень мраморный екатеринбург,75599740,COLLECT: мраморная крошка
44436464,купить микрокальцит оптом,75599740,COLLECT: мраморная крошка
102699917,под мраморную крошку,75599740,COLLECT: мраморная крошка
794752881,мягкий мрамор для стен,75599740,COLLECT: мраморная крошка
1080379257,мука мраморная хранение,75599740,COLLECT: мраморная крошка
1080379451,кальцефорте минеральный комплекс,75599740,COLLECT: мраморная крошка
1080379512,терралит штукатурка с мраморной крошкой для улицы,75599740,COLLECT: мраморная крошка
8968525,мрамор молотый микрокальцит,75599740,COLLECT: мраморная крошка
30332198,микрокальцинаты,75599740,COLLECT: мраморная крошка
36985692,отделка мраморной крошкой,75599740,COLLECT: мраморная крошка
104625912,щебенка это,75599740,COLLECT: мраморная крошка
158157454,мраморный щебень 10 20 мм белый купить,75599740,COLLECT: мраморная крошка
1080379258,мраморный кекс с миндальной мукой рецепт,75599740,COLLECT: мраморная крошка
93690207,мраморная крошка для дорожек,75599740,COLLECT: мраморная крошка
115906149,производство микрокальцитов,75599740,COLLECT: мраморная крошка
628354915,кальцит это,75599740,COLLECT: мраморная крошка
744132675,щебенка что это,75599740,COLLECT: мраморная крошка
1080379259,лак с мраморной мукой как краски,75599740,COLLECT: мраморная крошка
1080379267,щебень мраморный черный,75599740,COLLECT: мраморная крошка
10660539,мраморная крошка для фасада,75599740,COLLECT: мраморная крошка
437406549,микрокальцит спб,75599740,COLLECT: мраморная крошка
828701550,мраморный щебень серый,75599740,COLLECT: мраморная крошка
1080379260,халва мраморная из муки масла и сахара,75599740,COLLECT: мраморная крошка
57367032,куплю мраморную крошку цена,75599740,COLLECT: мраморная крошка
74372825,микрокальцит 2 мкм,75599740,COLLECT: мраморная крошка
1080379261,мраморная мука применение в лкм,75599740,COLLECT: мраморная крошка
1080379268,купить щебень мраморный 20 40,75599740,COLLECT: мраморная крошка
10108011,мраморный щебень фото,75599740,COLLECT: мраморная крошка
91631737,краска с мраморной крошкой,75599740,COLLECT: мраморная крошка
738619604,мел микрокальцит,75599740,COLLECT: мраморная крошка
1080379262,мраморная мука брозекс,75599740,COLLECT: мраморная крошка
14628906,мраморная крошка спб,75599740,COLLECT: мраморная крошка
30271450,производители микрокальцита,75599740,COLLECT: мраморная крошка
966577864,мраморный щебень 20 40 мм,75599740,COLLECT: мраморная крошка
1080379263,пропорции мраморной муки в соотношении к шпатлевки,75599740,COLLECT: мраморная крошка
68699471,мраморная крошка цвета,75599740,COLLECT: мраморная крошка
236280482,микрокальцит фракции,75599740,COLLECT: мраморная крошка
918382187,щебень мраморный белый 20 40,75599740,COLLECT: мраморная крошка
30277643,фасадная мраморная крошка,75599740,COLLECT: мраморная крошка
166487276,где купить мраморный щебень,75599740,COLLECT: мраморная крошка
1046171488,микрокальцит км,75599740,COLLECT: мраморная крошка
27178984,черная мраморная крошка,75599740,COLLECT: мраморная крошка
347917038,коллоидный микрокальцит от клопов отзывы,75599740,COLLECT: мраморная крошка
1080379269,авито мраморный щебень,75599740,COLLECT: мраморная крошка
348354395,мраморная крошка 20 мм,75599740,COLLECT: мраморная крошка
1046186157,микрокальцит кг,75599740,COLLECT: мраморная крошка
1080379270,мраморный щебень березовский,75599740,COLLECT: мраморная крошка
344802494,мраморная крошка 5 мм,75599740,COLLECT: мраморная крошка
1080379271,мраморная крошка белая щебень,75599740,COLLECT: мраморная крошка
1080379387,риф микрокальцит,75599740,COLLECT: мраморная крошка
139025213,микрокальцит 100,75599740,COLLECT: мраморная крошка
437504181,акрилово мраморная крошка,75599740,COLLECT: мраморная крошка
1070393466,щебень мраморный купить цена,75599740,COLLECT: мраморная крошка
27177211,мраморная крошка серая,75599740,COLLECT: мраморная крошка
715048967,микрокальцит 5 мкм,75599740,COLLECT: мраморная крошка
828701559,щебень мраморный 5 10,75599740,COLLECT: мраморная крошка
552179392,микрокальцит для чего используют,75599740,COLLECT: мраморная крошка
1046618683,акрило мраморная крошка,75599740,COLLECT: мраморная крошка
1080379272,мраморная щебень красноярск,75599740,COLLECT: мраморная крошка
7520567,сколько стоит мраморная крошка,75599740,COLLECT: мраморная крошка
35306726,мраморный щебень купить в москве,75599740,COLLECT: мраморная крошка
497041768,микрокальцит магнитогорск,75599740,COLLECT: мраморная крошка
10660545,мраморная крошка для стен,75599740,COLLECT: мраморная крошка
1080379273,мраморный щебень для могилы,75599740,COLLECT: мраморная крошка
1080379388,микрокальцит и полиэфирная смола заливка в форму,75599740,COLLECT: мраморная крошка
10107827,цветной мраморный щебень,75599740,COLLECT: мраморная крошка
93690187,мраморная крошка 10 20 белая,75599740,COLLECT: мраморная крошка
139025205,микрокальцит купить в спб,75599740,COLLECT: мраморная крошка
426727711,мраморная крошка дом,75599740,COLLECT: мраморная крошка
1080379274,белый мраморный щебень купить в костромской области,75599740,COLLECT: мраморная крошка
2108571,пол из мраморной крошки,75599740,COLLECT: мраморная крошка
7627847,микрокальцит цена,75599740,COLLECT: мраморная крошка
161739316,мраморный щебень полевской,75599740,COLLECT: мраморная крошка
66333078,термопанели с мраморной крошкой,75599740,COLLECT: мраморная крошка
98639556,микрокальцит плотность,75599740,COLLECT: мраморная крошка
796011863,мраморный щебень купить в туле,75599740,COLLECT: мраморная крошка
14628907,мраморная крошка купить в спб,75599740,COLLECT: мраморная крошка
347916743,коллоидный микрокальцит от клопов купить,75599740,COLLECT: мраморная крошка
1080379275,купить щебень мраморный 5 20,75599740,COLLECT: мраморная крошка
34274714,щебень мраморный белый купить екатеринбург,75599740,COLLECT: мраморная крошка
974992711,крошка мраморная фракция 20,75599740,COLLECT: мраморная крошка
1080379389,купить микрокальцит 40 мкм,75599740,COLLECT: мраморная крошка
30277638,мраморная гранитная крошка,75599740,COLLECT: мраморная крошка
608823505,щебень мраморный галтованный белый,75599740,COLLECT: мраморная крошка
1080379390,микрокальцит владивосток,75599740,COLLECT: мраморная крошка
34275842,щебень мраморный белый в мешках,75599740,COLLECT: мраморная крошка
111562575,микрокальцит гост,75599740,COLLECT: мраморная крошка
348355725,мраморная крошка 10 20 мм,75599740,COLLECT: мраморная крошка
131949079,цена мраморной крошки в мешках,75599740,COLLECT: мраморная крошка
139025179,ооо микрокальцит,75599740,COLLECT: мраморная крошка
149002468,мраморный щебень 40 70,75599740,COLLECT: мраморная крошка
55688992,мраморная крошка 5 10,75599740,COLLECT: мраморная крошка
185085592,микрокальциты молочной железы,75599740,COLLECT: мраморная крошка
952607291,щебень декоративный мраморный купить,75599740,COLLECT: мраморная крошка
62399926,микрокальцит купить в москве,75599740,COLLECT: мраморная крошка
952403651,озон мраморная крошка,75599740,COLLECT: мраморная крошка
1080379276,вологда купить щебень мраморный,75599740,COLLECT: мраморная крошка
7484714,мраморный щебень купить в екатеринбурге,75599740,COLLECT: мраморная крошка
62399925,микрокальцит москва,75599740,COLLECT: мраморная крошка
954404246,сколько нужно мраморной крошки,75599740,COLLECT: мраморная крошка
209105,декоративная штукатурка мраморная крошка,75599740,COLLECT: мраморная крошка
34275906,щебень мраморный белый купить в москве,75599740,COLLECT: мраморная крошка
1080379391,микрокальцит против клопов,75599740,COLLECT: мраморная крошка
139025193,микрокальцит состав,75599740,COLLECT: мраморная крошка
172538135,авито мраморная крошка,75599740,COLLECT: мраморная крошка
234547767,сколько стоит мраморный щебень,75599740,COLLECT: мраморная крошка
18644652,памятник из мраморной крошки цена,75599740,COLLECT: мраморная крошка
1068297351,купить щебень мраморный 20 40 мм,75599740,COLLECT: мраморная крошка
1080379392,микрокальцит санкт петербурга,75599740,COLLECT: мраморная крошка
1015599075,вес мраморного щебня,75599740,COLLECT: мраморная крошка
1080379393,где используется микрокальцит,75599740,COLLECT: мраморная крошка
1080379452,мраморная крошка белая 20 мм,75599740,COLLECT: мраморная крошка
1002582104,купить фракцию мраморной крошки,75599740,COLLECT: мраморная крошка
1068297352,щебень мраморный 5 10 мм,75599740,COLLECT: мраморная крошка
1080379394,микрокальцит гидрофобный,75599740,COLLECT: мраморная крошка
87060818,плитка с мраморной крошкой,75599740,COLLECT: мраморная крошка
1080379277,белый мраморный щебень купить в кировской области,75599740,COLLECT: мраморная крошка
1080379395,эверест микрокальцит,75599740,COLLECT: мраморная крошка
1080379278,мраморный щебень для могилы купить,75599740,COLLECT: мраморная крошка
1080379396,мрамор молотый микрокальцит мк 60,75599740,COLLECT: мраморная крошка
1080379453,купить мраморную крошку 10 20,75599740,COLLECT: мраморная крошка
498210915,мраморный щебень карьер,75599740,COLLECT: мраморная крошка
1046618680,эпоксидная мраморная крошка,75599740,COLLECT: мраморная крошка
1080379397,применение микрокальцитов,75599740,COLLECT: мраморная крошка
722719363,цена мраморной крошки на могилу,75599740,COLLECT: мраморная крошка
836430450,мраморный щебень карьеры,75599740,COLLECT: мраморная крошка
1080379398,микрокальцит новые панели купить екатеринбург,75599740,COLLECT: мраморная крошка
7520570,где можно купить мраморную крошку,75599740,COLLECT: мраморная крошка
1080379279,белый мраморный щебень цена,75599740,COLLECT: мраморная крошка
1080379399,микрокальцит купить оптом в казани,75599740,COLLECT: мраморная крошка
93690189,мраморная крошка фракция 10 20,75599740,COLLECT: мраморная крошка
959215118,купить белый мраморный щебень в мешках,75599740,COLLECT: мраморная крошка
1080379400,микрокальцит купить в ставрополе,75599740,COLLECT: мраморная крошка
185778483,мраморная крошка красноярск,75599740,COLLECT: мраморная крошка
1080379280,белый мраморный щебень купить в вышнем волочке,75599740,COLLECT: мраморная крошка
1080379401,микрокальцит мел мрамор дозировка для краски,75599740,COLLECT: мраморная крошка
55060722,мраморная крошка москва,75599740,COLLECT: мраморная крошка
139025201,микрокальцит мк 100,75599740,COLLECT: мраморная крошка
1080379281,купить мраморный щебень в сочи,75599740,COLLECT: мраморная крошка
1080379282,купить мраморный щебень в красноярске,75599740,COLLECT: мраморная крошка
1080379402,микрокальцит мк 400,75599740,COLLECT: мраморная крошка
1080379454,мраморная крошка 25,75599740,COLLECT: мраморная крошка
51562941,как сделать мраморную крошку,75599740,COLLECT: мраморная крошка
62399928,микрокальцит купить в краснодаре,75599740,COLLECT: мраморная крошка
1080379283,белый мраморный щебень купить в дзержинске,75599740,COLLECT: мраморная крошка
118497262,магазин мраморная крошка,75599740,COLLECT: мраморная крошка
1080379284,белый мраморный щебень купить в курской области,75599740,COLLECT: мраморная крошка
1080379431,микрокальцит и жидкое стекло,75599740,COLLECT: мраморная крошка
347916848,коллоидный микрокальцит от клопов где купить,75599740,COLLECT: мраморная крошка
1080379285,белый мраморный щебень купить в сочи,75599740,COLLECT: мраморная крошка
1080379455,бетонная мраморная крошка,75599740,COLLECT: мраморная крошка
846109367,где купить мраморную крошку для кладбища,75599740,COLLECT: мраморная крошка
1080379286,белый мраморный щебень купить во владимирской области,75599740,COLLECT: мраморная крошка
1080379432,коллоидный микрокальцит помогает ли от клопов,75599740,COLLECT: мраморная крошка
236356404,крошка мраморная в мешках для кладбища,75599740,COLLECT: мраморная крошка
1080379433,микрокальцит порошок,75599740,COLLECT: мраморная крошка
30277642,мраморная крошка отзывы,75599740,COLLECT: мраморная крошка
215052915,мраморный щебень новосибирск,75599740,COLLECT: мраморная крошка
1049476570,микрокальцит в бетоне для чего,75599740,COLLECT: мраморная крошка
18609325,бетон с мраморной крошкой,75599740,COLLECT: мраморная крошка
1080379287,мраморный щебень на авито купить,75599740,COLLECT: мраморная крошка
1080379434,микрокальцит купить в косметику,75599740,COLLECT: мраморная крошка
10107557,мраморный щебень челябинск,75599740,COLLECT: мраморная крошка
47162858,мраморная крошка галтованная,75599740,COLLECT: мраморная крошка
139025206,микрокальцит купить в нижнем новгороде,75599740,COLLECT: мраморная крошка
136542155,мраморная крошка своими руками,75599740,COLLECT: мраморная крошка
513192963,галтованный мраморный щебень купить,75599740,COLLECT: мраморная крошка
1080379435,микрокальцит в маф,75599740,COLLECT: мраморная крошка
406933979,мраморная крошка работа,75599740,COLLECT: мраморная крошка
1080379288,белый мраморный щебень купить в ставропольском крае,75599740,COLLECT: мраморная крошка
1080379436,акриловая краска с микрокальцитом,75599740,COLLECT: мраморная крошка
157250257,белая мраморная крошка в мешках,75599740,COLLECT: мраморная крошка
1036153812,щебень мраморный белый фракция купить,75599740,COLLECT: мраморная крошка
1080379437,купить микрокальцит 40 мкм в ставрополе,75599740,COLLECT: мраморная крошка
185778470,мраморная крошка воронеж,75599740,COLLECT: мраморная крошка
936587155,мраморный щебень для дорожек,75599740,COLLECT: мраморная крошка
1080379438,микрокальцит 1 мкм,75599740,COLLECT: мраморная крошка
38325208,мраморная крошка новосибирск,75599740,COLLECT: мраморная крошка
1080379289,белый мраморный щебень купить в липецкой области,75599740,COLLECT: мраморная крошка
1080379439,микрокальцит купить всеволожск,75599740,COLLECT: мраморная крошка
1075929114,мраморная крошка ландшафтный,75599740,COLLECT: мраморная крошка
1080379290,мраморный щебень белый купить в республике башкортостан,75599740,COLLECT: мраморная крошка
1080379440,микрокальцит что это и для чего нужен,75599740,COLLECT: мраморная крошка
1024588850,мраморная крошка белая фракция,75599740,COLLECT: мраморная крошка
1076474535,микрокальцит московская область,75599740,COLLECT: мраморная крошка
1080379291,мраморный щебень белый купить в республике татарстан,75599740,COLLECT: мраморная крошка
1080379292,купить белый мраморный щебень московская область,75599740,COLLECT: мраморная крошка
1080379441,микрокальцита панели сколько прослужит материал,75599740,COLLECT: мраморная крошка
49721657,купить мраморный щебень в новосибирске,75599740,COLLECT: мраморная крошка
497041765,микрокальцит купить воронеж,75599740,COLLECT: мраморная крошка
954404249,мраморная крошка 20 кг,75599740,COLLECT: мраморная крошка
122121378,мраморная крошка 25 кг,75599740,COLLECT: мраморная крошка
1080379293,голубой мраморный щебень,75599740,COLLECT: мраморная крошка
1080379442,микрокальцит купить ставропольский край,75599740,COLLECT: мраморная крошка
1080379294,белый мраморный щебень купить в волгограде,75599740,COLLECT: мраморная крошка
1080379443,ооо микрокальцит магнитогорск официальный сайт,75599740,COLLECT: мраморная крошка
1080379456,нанести мраморную крошку,75599740,COLLECT: мраморная крошка
1559219,клей для мраморной крошки,75599740,COLLECT: мраморная крошка
1080379295,белый мраморный щебень купить в тульской области,75599740,COLLECT: мраморная крошка
1080379444,микрокальцит для пескоструя,75599740,COLLECT: мраморная крошка
74912386,крошка мраморная белая 10 20 мм,75599740,COLLECT: мраморная крошка
185779906,мраморный щебень купить в спб,75599740,COLLECT: мраморная крошка
1080379445,как перемешать микрокальцит со смолой большого объема,75599740,COLLECT: мраморная крошка
8789738,мраморная крошка купить в москве,75599740,COLLECT: мраморная крошка
1080379296,мраморный щебень купить в нижнем новгороде,75599740,COLLECT: мраморная крошка
1080379446,микрокальцит самый крупный производитель в россии,75599740,COLLECT: мраморная крошка
30277640,мраморная крошка для цоколя,75599740,COLLECT: мраморная крошка
1080379297,нижний новгород щебень мраморный,75599740,COLLECT: мраморная крошка
1080379447,мрамор молотый микрокальцит для огорода,75599740,COLLECT: мраморная крошка
935072317,мраморная крошка внутренняя отделка,75599740,COLLECT: мраморная крошка
1080379298,мраморный щебень цветной купить,75599740,COLLECT: мраморная крошка
1080379448,микрокальцит для бетона как использовать,75599740,COLLECT: мраморная крошка
112698509,мраморная крошка 10 20 белая купить,75599740,COLLECT: мраморная крошка
1080379299,мраморный щебень полевской купить,75599740,COLLECT: мраморная крошка
1080379449,как отличить маршалит от микрокальцита,75599740,COLLECT: мраморная крошка
61348667,мраморная крошка оренбург,75599740,COLLECT: мраморная крошка
1080379450,микрокальцит купить во владивостоке и пригороде,75599740,COLLECT: мраморная крошка
93690190,мраморная крошка 20 40,75599740,COLLECT: мраморная крошка
1080379300,щебень мраморный фракция 5 20,75599740,COLLECT: мраморная крошка
61417646,мраморная крошка на кладбище купить,75599740,COLLECT: мраморная крошка
1080379301,щебень мраморный ярославль,75599740,COLLECT: мраморная крошка
1040423901,мраморная крошка для кладбища на могилу,75599740,COLLECT: мраморная крошка
1080379302,белый мраморный щебень купить в саранске,75599740,COLLECT: мраморная крошка
495471206,леруа мраморная крошка,75599740,COLLECT: мраморная крошка
1080379303,щебень мраморный белый купить в туле,75599740,COLLECT: мраморная крошка
313316766,основе мраморной крошки,75599740,COLLECT: мраморная крошка
1080379304,мраморный щебень 10 20мм купить,75599740,COLLECT: мраморная крошка
348356361,видео мраморной крошки,75599740,COLLECT: мраморная крошка
1080379305,мраморный щебень розовый,75599740,COLLECT: мраморная крошка
2693147,цветная мраморная крошка,75599740,COLLECT: мраморная крошка
1080379306,щебень мраморный пенза,75599740,COLLECT: мраморная крошка
74064778,купить мраморную крошку в мешках для кладбища,75599740,COLLECT: мраморная крошка
1080379307,белый мраморный щебень купить в казахстане,75599740,COLLECT: мраморная крошка
1080379308,белый мраморный щебень купить в подольске,75599740,COLLECT: мраморная крошка
1080379457,размер мраморной крошки,75599740,COLLECT: мраморная крошка
182659764,крошка мраморная ростов,75599740,COLLECT: мраморная крошка
1080379309,белый мраморный щебень купить во владивостоке,75599740,COLLECT: мраморная крошка
122121384,мраморная крошка 10 кг,75599740,COLLECT: мраморная крошка
1080379310,мраморный щебень купить в подольске,75599740,COLLECT: мраморная крошка
1080379311,где купить мраморный щебень в туле,75599740,COLLECT: мраморная крошка
1080379458,какая мраморная крошка хорошая,75599740,COLLECT: мраморная крошка
55688991,мраморная крошка 2 5,75599740,COLLECT: мраморная крошка
234862764,мраморный щебень иркутск,75599740,COLLECT: мраморная крошка
902296467,мраморная крошка купить на озон,75599740,COLLECT: мраморная крошка
1080379312,щебень мраморный белгород купить,75599740,COLLECT: мраморная крошка
1080379313,щебень с мраморной крошкой,75599740,COLLECT: мраморная крошка
1080379459,мраморная крошка барнаул,75599740,COLLECT: мраморная крошка
122121382,мраморная крошка 5 10 мм,75599740,COLLECT: мраморная крошка
728780352,мраморный щебень коелга,75599740,COLLECT: мраморная крошка
122121389,мелкая мраморная крошка,75599740,COLLECT: мраморная крошка
1080379314,мраморный щебень купить ярославль,75599740,COLLECT: мраморная крошка
47162859,мраморная крошка иркутск,75599740,COLLECT: мраморная крошка
1080379315,щебень белый мраморный на могиле,75599740,COLLECT: мраморная крошка
18644651,памятник из мраморной крошки фото,75599740,COLLECT: мраморная крошка
521047722,щебень мраморный симферополь,75599740,COLLECT: мраморная крошка
147516413,мраморная крошка челябинск,75599740,COLLECT: мраморная крошка
1080379316,мраморный щебень красный,75599740,COLLECT: мраморная крошка
900358885,мраморная крошка в мешках купить цена,75599740,COLLECT: мраморная крошка
1080379317,белый мраморный щебень купить в московском регионе,75599740,COLLECT: мраморная крошка
954404355,мраморная крошка смесь,75599740,COLLECT: мраморная крошка
969896147,мраморный щебень для кладбища,75599740,COLLECT: мраморная крошка
300576687,мраморная крошка 2 мм,75599740,COLLECT: мраморная крошка
1080379318,чем отличается щебень от мраморной крошки,75599740,COLLECT: мраморная крошка
185778535,мраморная крошка ярославль,75599740,COLLECT: мраморная крошка
1080379319,плотность мраморного щебня,75599740,COLLECT: мраморная крошка
66290352,мраморная крошка на могилу купить,75599740,COLLECT: мраморная крошка
1080379320,мраморная крошка белая щебень 10 20мм 25кг,75599740,COLLECT: мраморная крошка
147517828,панели из мраморной крошки,75599740,COLLECT: мраморная крошка
776990948,щебень мраморный серый купить,75599740,COLLECT: мраморная крошка
157250278,мраморная крошка тонна,75599740,COLLECT: мраморная крошка
1080379321,белый мраморный щебень купить в тюменской области,75599740,COLLECT: мраморная крошка
345487626,мраморная крошка для дорожек купить,75599740,COLLECT: мраморная крошка
1080379322,купить щебень мраморный березовский,75599740,COLLECT: мраморная крошка
722996994,мраморный щебень купить в самаре,75599740,COLLECT: мраморная крошка
1055544692,акрилом мраморная крошка,75599740,COLLECT: мраморная крошка
1055544675,фактурная с мраморной крошкой,75599740,COLLECT: мраморная крошка
1080379323,мраморный щебень белый для цветников,75599740,COLLECT: мраморная крошка
7520573,белая мраморная крошка цена,75599740,COLLECT: мраморная крошка
1080379324,щебень мраморный белый купить в красноярске,75599740,COLLECT: мраморная крошка
348363744,как укладывать мраморную крошку,75599740,COLLECT: мраморная крошка
1080379325,белый мраморный щебень купить в саратовской области,75599740,COLLECT: мраморная крошка
446627,мраморная крошка екатеринбург,75599740,COLLECT: мраморная крошка
1080379326,курск купить щебень мраморный,75599740,COLLECT: мраморная крошка
55688990,мраморная крошка фото цена,75599740,COLLECT: мраморная крошка
1080379327,щебень белый мраморный декоративный,75599740,COLLECT: мраморная крошка
93690194,купить белую мраморную крошку в мешках,75599740,COLLECT: мраморная крошка
1080379328,белый мраморный щебень купить в астраханской области,75599740,COLLECT: мраморная крошка
174922357,вес мраморной крошки,75599740,COLLECT: мраморная крошка
1016807191,щебень мраморный галтованный белый купить,75599740,COLLECT: мраморная крошка
8789751,нанесение мраморной крошки,75599740,COLLECT: мраморная крошка
1080379329,где в твери найти мраморный щебень,75599740,COLLECT: мраморная крошка
26221403,мраморная крошка купить в красноярске,75599740,COLLECT: мраморная крошка
1080379330,пермь производство дробления мраморного щебня,75599740,COLLECT: мраморная крошка
348367713,мраморная крошка белая фракция 10 20,75599740,COLLECT: мраморная крошка
1080379331,щебень мраморный белый купить в туле скуратово,75599740,COLLECT: мраморная крошка
966577478,мраморный щебень серо голубой,75599740,COLLECT: мраморная крошка
1080379460,мраморная крошка краснодаре,75599740,COLLECT: мраморная крошка
93690155,крошка мраморная 1 мм,75599740,COLLECT: мраморная крошка
1056274547,мраморный щебень 1 тонна,75599740,COLLECT: мраморная крошка
23558905,мраморная крошка тюмень,75599740,COLLECT: мраморная крошка
234547766,мраморный щебень цена за куб,75599740,COLLECT: мраморная крошка
185778487,мраморная крошка купить в воронеже,75599740,COLLECT: мраморная крошка
741862414,щебень мраморный белый купить в липецке,75599740,COLLECT: мраморная крошка
93690164,купить черную мраморную крошку,75599740,COLLECT: мраморная крошка
1080379332,купить щебень и мраморная крошка в новосибирске,75599740,COLLECT: мраморная крошка
1080379333,мраморный щебень использование,75599740,COLLECT: мраморная крошка
1080379461,акрил мраморная крошка для внутренней отделки,75599740,COLLECT: мраморная крошка
344508287,краска фактурная с мраморной крошкой,75599740,COLLECT: мраморная крошка
1080379334,щебень мраморный коричневый,75599740,COLLECT: мраморная крошка
34275975,щебень мраморный белый купить в нижнем новгороде,75599740,COLLECT: мраморная крошка
348354092,покрытие из мраморной крошки,75599740,COLLECT: мраморная крошка
185778513,мраморная крошка липецк,75599740,COLLECT: мраморная крошка
236280506,купить мраморный щебень оптом,75599740,COLLECT: мраморная крошка
1046618778,акрило мраморная крошка для внутренней отделки,75599740,COLLECT: мраморная крошка
1080379335,щебень мраморная крошка курск,75599740,COLLECT: мраморная крошка
312248964,заливка мраморной крошкой,75599740,COLLECT: мраморная крошка
1080379336,мраморный щебень купить иваново,75599740,COLLECT: мраморная крошка
47162861,мраморная крошка купить в новосибирске,75599740,COLLECT: мраморная крошка
1080379337,щебень мраморный купить новокузнецк,75599740,COLLECT: мраморная крошка
1080379338,мраморная крошка это что мрамор или щебень,75599740,COLLECT: мраморная крошка
1080379462,про мраморная крошка,75599740,COLLECT: мраморная крошка
315740637,мраморная крошка расход,75599740,COLLECT: мраморная крошка
1080379339,мраморный щебень красный для бетона,75599740,COLLECT: мраморная крошка
22325369,мраморная крошка казань,75599740,COLLECT: мраморная крошка
1080379340,мраморный щебень купить в барнауле,75599740,COLLECT: мраморная крошка
93690153,мраморная крошка для цветов,75599740,COLLECT: мраморная крошка
1080379341,щебень мраморный купить купить в одинцово,75599740,COLLECT: мраморная крошка
185778443,мраморная крошка белгород,75599740,COLLECT: мраморная крошка
1080379342,щебень мраморный белый фото,75599740,COLLECT: мраморная крошка
928436468,мраморный песок крошка,75599740,COLLECT: мраморная крошка
1080379346,мраморный щебень купить в новой усмани,75599740,COLLECT: мраморная крошка
93690167,крошка мраморная кубы,75599740,COLLECT: мраморная крошка
1080379347,белый мраморный щебень купить в городе челябинск,75599740,COLLECT: мраморная крошка
952403680,мраморная крошка куб,75599740,COLLECT: мраморная крошка
1080379348,все инструменты интернет магазин щебень мраморный,75599740,COLLECT: мраморная крошка
14209426,тротуарная плитка с мраморной крошкой,75599740,COLLECT: мраморная крошка
738934015,мраморный щебень крым,75599740,COLLECT: мраморная крошка
7520566,стоимость мраморной крошки,75599740,COLLECT: мраморная крошка
1080379349,мраморный щебень в биг бэгах,75599740,COLLECT: мраморная крошка
96010593,мраморная крошка в туле,75599740,COLLECT: мраморная крошка
1080379350,мраморный щебень вектор,75599740,COLLECT: мраморная крошка
34666694,купить мраморную крошку оптом,75599740,COLLECT: мраморная крошка
1080379351,щебень мраморный купить в йошкар оле,75599740,COLLECT: мраморная крошка
4585463,мраморная крошка нижний новгород,75599740,COLLECT: мраморная крошка
1080379352,щебень мраморный черный авито,75599740,COLLECT: мраморная крошка
1080379353,щебень мраморный 5 20 фото,75599740,COLLECT: мраморная крошка
1080379463,мозаичная мраморная крошка,75599740,COLLECT: мраморная крошка
30271454,производители мраморной крошки,75599740,COLLECT: мраморная крошка
1080379354,щебень мраморный белый фракция 05 1мм,75599740,COLLECT: мраморная крошка
954404262,мраморная крошка белая для кладбища,75599740,COLLECT: мраморная крошка
1080379355,купить симферополь щебень мраморный,75599740,COLLECT: мраморная крошка
776990943,мраморная крошка недорого,75599740,COLLECT: мраморная крошка
1080379356,мраморный щебень купить в тамбове,75599740,COLLECT: мраморная крошка
631763129,мраморная крошка самара,75599740,COLLECT: мраморная крошка
1080379357,купить щебень мраморный нижнекамск,75599740,COLLECT: мраморная крошка
31549880,мраморная крошка курск,75599740,COLLECT: мраморная крошка
1080379358,купить белый мраморный щебень краснодарский край,75599740,COLLECT: мраморная крошка
389096058,леруа мерлен мраморная крошка,75599740,COLLECT: мраморная крошка
1080379359,нахабино московская область адрес мраморный щебень,75599740,COLLECT: мраморная крошка
570403,продажа мраморной крошки,75599740,COLLECT: мраморная крошка
1080379360,брянск мраморный щебень купить,75599740,COLLECT: мраморная крошка
185778527,мраморная крошка серая купить,75599740,COLLECT: мраморная крошка
1080379361,мраморный щебень серый карьер,75599740,COLLECT: мраморная крошка
1080379362,мраморный щебень в воронеже купить,75599740,COLLECT: мраморная крошка
1080379464,мраморная крошка килограмм,75599740,COLLECT: мраморная крошка
650121832,мраморная крошка ростов на дону,75599740,COLLECT: мраморная крошка
1080379363,белый мраморный щебень купить в вязьмах,75599740,COLLECT: мраморная крошка
1055544682,мраморная крошка фракцией 10 20 мм,75599740,COLLECT: мраморная крошка
1080379364,щебень мраморный белый 5 10,75599740,COLLECT: мраморная крошка
55688996,мраморная крошка 2 5 мм,75599740,COLLECT: мраморная крошка
785169805,купить мраморный щебень в мешках в спб,75599740,COLLECT: мраморная крошка
1080379365,где продается мраморный щебень,75599740,COLLECT: мраморная крошка
1080379465,мраморная крошка 10 20 мм белая купить,75599740,COLLECT: мраморная крошка
760740045,купить мраморную крошку в ярославле,75599740,COLLECT: мраморная крошка
1080379366,щебень мраморный 5х10,75599740,COLLECT: мраморная крошка
760740046,купить мраморную крошку ростов,75599740,COLLECT: мраморная крошка
1080379367,мраморный щебень фучика 8,75599740,COLLECT: мраморная крошка
300576691,каменная мраморная крошка,75599740,COLLECT: мраморная крошка
1080379368,щебень декоративный мраморный хабаровск,75599740,COLLECT: мраморная крошка
954404406,мраморная крошка в дизайне,75599740,COLLECT: мраморная крошка
1080379369,благоустройство могилы мраморным щебнем поэтапно своими руками,75599740,COLLECT: мраморная крошка
21673479,памятники из мраморной крошки фото цена,75599740,COLLECT: мраморная крошка
1080379370,мраморный щебень купить балабаново,75599740,COLLECT: мраморная крошка
150223061,купить мраморную крошку в мешках в москве,75599740,COLLECT: мраморная крошка
1080379371,щебень мраморная крошка курск стройгигант,75599740,COLLECT: мраморная крошка
118497263,мраморная крошка в мешках москва,75599740,COLLECT: мраморная крошка
1080379372,мраморный щебень для дорожек пласт,75599740,COLLECT: мраморная крошка
156172172,мраморная крошка купить недорого,75599740,COLLECT: мраморная крошка
1080379373,мраморный щебень в амурской области,75599740,COLLECT: мраморная крошка
183054455,купить мраморную крошку в барнауле,75599740,COLLECT: мраморная крошка
1080379374,мраморный щебень изумрудный,75599740,COLLECT: мраморная крошка
22173189,крест из мраморной крошки,75599740,COLLECT: мраморная крошка
1080379375,мраморные полы какой щебень или крошка используют,75599740,COLLECT: мраморная крошка
47162867,мраморная крошка саратов,75599740,COLLECT: мраморная крошка
1080379376,мраморный щебень купить иваново в наличии,75599740,COLLECT: мраморная крошка
90282291,фигурки из мраморной крошки,75599740,COLLECT: мраморная крошка
1080379377,мраморный щебень на проспекте текстильщиков иваново,75599740,COLLECT: мраморная крошка
911036460,памятник на могилу из мраморной крошки,75599740,COLLECT: мраморная крошка
1080379378,мраморный щебень ногинский район,75599740,COLLECT: мраморная крошка
174770117,ванная мраморная крошка,75599740,COLLECT: мраморная крошка
1080379379,мраморный щебень шуя,75599740,COLLECT: мраморная крошка
102797334,мраморная крошка на могилу фото,75599740,COLLECT: мраморная крошка
1080379380,проспект текстильщиков 125 мраморный щебень,75599740,COLLECT: мраморная крошка
47162857,мраморная крошка в уфе,75599740,COLLECT: мраморная крошка
1080379381,мраморный щебень декоративный купить в видном,75599740,COLLECT: мраморная крошка
1080379382,мраморный щебень серый купить красногорск истра,75599740,COLLECT: мраморная крошка
1080379466,купить декоративную мраморная крошка,75599740,COLLECT: мраморная крошка
348354542,грунт мраморная крошка,75599740,COLLECT: мраморная крошка
112698527,мраморная крошка фракция 5 10,75599740,COLLECT: мраморная крошка
96010594,мраморная крошка купить в туле,75599740,COLLECT: мраморная крошка
1846383,мраморная крошка в ландшафтном дизайне,75599740,COLLECT: мраморная крошка
122121399,мраморная крошка 5 20,75599740,COLLECT: мраморная крошка
954404403,мраморная крошка амк,75599740,COLLECT: мраморная крошка
122121398,мраморная крошка 5 мм купить,75599740,COLLECT: мраморная крошка
61438658,купить мраморную крошку в екатеринбурге,75599740,COLLECT: мраморная крошка
1046618682,мраморная крошка 1 1 5 мм,75599740,COLLECT: мраморная крошка
348356271,мраморная крошка под кирпич,75599740,COLLECT: мраморная крошка
1046618750,мраморная крошка лемана,75599740,COLLECT: мраморная крошка
215052667,мраморная крошка купить в нижнем,75599740,COLLECT: мраморная крошка
1080379467,мраморная крошка для ванны,75599740,COLLECT: мраморная крошка
21090052,мраморная крошка пермь,75599740,COLLECT: мраморная крошка
1871296,наливной пол с мраморной крошкой,75599740,COLLECT: мраморная крошка
1846386,мраморная крошка красная,75599740,COLLECT: мраморная крошка
885270750,купить мраморную крошку на авито,75599740,COLLECT: мраморная крошка
389096980,мраморная крошка для сада,75599740,COLLECT: мраморная крошка
215052651,мраморная крошка в в новгороде,75599740,COLLECT: мраморная крошка
95385097,мраморная крошка голубая,75599740,COLLECT: мраморная крошка
966576111,купить мраморную крошку для ландшафтного,75599740,COLLECT: мраморная крошка
23056353,купить мраморную крошку для ландшафтного дизайна,75599740,COLLECT: мраморная крошка
1055544688,мраморная крошка 5 кг,75599740,COLLECT: мраморная крошка
2078601,плиты из мраморной крошки,75599740,COLLECT: мраморная крошка
8789745,укладка мраморной крошки,75599740,COLLECT: мраморная крошка
30277636,изготовление мраморной крошки,75599740,COLLECT: мраморная крошка
158540200,крошка мраморная белая 5 10,75599740,COLLECT: мраморная крошка
47162864,мраморная крошка омск,75599740,COLLECT: мраморная крошка
185778486,мраморная крошка купить в в новгороде,75599740,COLLECT: мраморная крошка
1046618785,лемана про мраморная крошка,75599740,COLLECT: мраморная крошка
185778494,мраморная крошка купить в липецке,75599740,COLLECT: мраморная крошка
348360626,гибкая мраморная крошка,75599740,COLLECT: мраморная крошка
75640860,мраморная крошка пенза,75599740,COLLECT: мраморная крошка
183054460,купить мраморную крошку в челябинске,75599740,COLLECT: мраморная крошка
117810984,мраморная крошка в цветник на могилу,75599740,COLLECT: мраморная крошка
117830689,сколько надо мраморной крошки на могилу,75599740,COLLECT: мраморная крошка
1080379468,мраморная крошка готовая,75599740,COLLECT: мраморная крошка
314490273,технология мраморной крошки,75599740,COLLECT: мраморная крошка
348356522,жидкая мраморная крошка,75599740,COLLECT: мраморная крошка
185778530,мраморная крошка томск,75599740,COLLECT: мраморная крошка
122121392,мраморная крошка 3 5,75599740,COLLECT: мраморная крошка
195862187,сколько нужно мраморной крошки на могилу,75599740,COLLECT: мраморная крошка
54807589,мраморная крошка купить в нижнем новгороде,75599740,COLLECT: мраморная крошка
122121390,мраморная крошка 5 10 купить,75599740,COLLECT: мраморная крошка
61348670,мраморная крошка купить в оренбурге,75599740,COLLECT: мраморная крошка
938409733,мраморная крошка на могилке,75599740,COLLECT: мраморная крошка
990961753,мраморная крошка 20 40 купить,75599740,COLLECT: мраморная крошка
313828028,оформление мраморной крошкой,75599740,COLLECT: мраморная крошка
854469362,где можно купить мраморную крошку для кладбища,75599740,COLLECT: мраморная крошка
157250259,крошка мраморная белая галтованная,75599740,COLLECT: мраморная крошка
46504254,мраморная крошка для аквариума,75599740,COLLECT: мраморная крошка
215052683,мраморная крошка тамбов,75599740,COLLECT: мраморная крошка
29831207,плотность мраморной крошки,75599740,COLLECT: мраморная крошка
348357116,кирпич из мраморной крошки,75599740,COLLECT: мраморная крошка
954404411,мраморная крошка для наружных работ,75599740,COLLECT: мраморная крошка
185778498,мраморная крошка купить в ростове на дону,75599740,COLLECT: мраморная крошка
631763130,мраморная крошка ульяновск,75599740,COLLECT: мраморная крошка
348364547,мраморная крошка объем,75599740,COLLECT: мраморная крошка
832868300,купить мраморную крошку в уфе,75599740,COLLECT: мраморная крошка
4245519,мозаичные полы из мраморной крошки,75599740,COLLECT: мраморная крошка
185778499,мраморная крошка купить в самаре,75599740,COLLECT: мраморная крошка
348356961,наружная отделка мраморной крошкой,75599740,COLLECT: мраморная крошка
30277641,мраморная крошка купить в краснодаре,75599740,COLLECT: мраморная крошка
69305522,отделка цоколя мраморной крошкой,75599740,COLLECT: мраморная крошка
774715413,сетка мраморная крошка,75599740,COLLECT: мраморная крошка
157250277,мраморная крошка для фасада купить,75599740,COLLECT: мраморная крошка
1046618794,акриловая мраморная крошка для стен,75599740,COLLECT: мраморная крошка
867631773,крошка мраморная фракция 2 5,75599740,COLLECT: мраморная крошка
112698529,мраморная крошка мелкая фракция,75599740,COLLECT: мраморная крошка
954404339,мраморная крошка белая 10 кг,75599740,COLLECT: мраморная крошка
1080379469,отсыпка мраморная крошка,75599740,COLLECT: мраморная крошка
935044101,кварцевая мраморная крошка,75599740,COLLECT: мраморная крошка
96476698,купить штукатурку мраморная крошка,75599740,COLLECT: мраморная крошка
867631777,мраморная крошка белая 20 40,75599740,COLLECT: мраморная крошка
215052684,мраморная крошка тверь,75599740,COLLECT: мраморная крошка
157250267,мраморная крошка 20 40 мм,75599740,COLLECT: мраморная крошка
37148983,мраморная крошка ставрополь,75599740,COLLECT: мраморная крошка
1002582102,мраморная крошка купить леруа,75599740,COLLECT: мраморная крошка
348361930,как выглядит мраморная крошка,75599740,COLLECT: мраморная крошка
73616233,фасадные термопанели с мраморной крошкой,75599740,COLLECT: мраморная крошка
1055289525,где купить мраморную крошку белую,75599740,COLLECT: мраморная крошка
164734740,кашпо из мраморной крошки,75599740,COLLECT: мраморная крошка
856796791,купить мраморную крошку в белгороде,75599740,COLLECT: мраморная крошка
84122411,мраморная крошка серо голубая,75599740,COLLECT: мраморная крошка
520670106,декор мраморной крошкой,75599740,COLLECT: мраморная крошка
93690203,шлифованная мраморная крошка,75599740,COLLECT: мраморная крошка
215052647,мраморная крошка абакан,75599740,COLLECT: мраморная крошка
1046618876,акрило мраморная крошка фото,75599740,COLLECT: мраморная крошка
40645537,мраморная крошка волгоград,75599740,COLLECT: мраморная крошка
1015599062,мраморная крошка 0 0 5,75599740,COLLECT: мраморная крошка
521234190,эпоксидная смола с мраморной крошкой,75599740,COLLECT: мраморная крошка
215052679,мраморная крошка состав,75599740,COLLECT: мраморная крошка
1080379470,термопанели с мраморной крошкой для наружной,75599740,COLLECT: мраморная крошка
185778505,мраморная крошка купить в тамбове,75599740,COLLECT: мраморная крошка
805338213,купить мраморную крошку в саратове,75599740,COLLECT: мраморная крошка
185778515,мраморная крошка на клумбе,75599740,COLLECT: мраморная крошка
10660546,заказать мраморную крошку,75599740,COLLECT: мраморная крошка
22325410,мраморная крошка купить в казани,75599740,COLLECT: мраморная крошка
1029527673,памятник из мраморной крошки цена на могилу,75599740,COLLECT: мраморная крошка
8789749,производство мраморной крошки,75599740,COLLECT: мраморная крошка
185778508,мраморная крошка купить в тюмени,75599740,COLLECT: мраморная крошка
61417959,сколько стоит мраморная крошка на могилу,75599740,COLLECT: мраморная крошка
185778480,мраморная крошка калуга,75599740,COLLECT: мраморная крошка
185778477,мраморная крошка ижевск,75599740,COLLECT: мраморная крошка
298852394,мраморная крошка в ведрах,75599740,COLLECT: мраморная крошка
300576686,мраморная крошка м3,75599740,COLLECT: мраморная крошка
1080379471,купить мраморную крошку в мешках спб,75599740,COLLECT: мраморная крошка
122121369,мраморная крошка в мешках спб,75599740,COLLECT: мраморная крошка
1317541,доставка мраморной крошки,75599740,COLLECT: мраморная крошка
1046618684,мраморная крошка фракцией 2 5 мм,75599740,COLLECT: мраморная крошка
117830682,засыпать могилу мраморной крошкой,75599740,COLLECT: мраморная крошка
954404418,мраморная крошка купить в пензе,75599740,COLLECT: мраморная крошка
122121397,мраморная крошка ландшафт,75599740,COLLECT: мраморная крошка
300576688,мраморная крошка 25кг,75599740,COLLECT: мраморная крошка
800128934,мраморная крошка на могилу в мешках цена,75599740,COLLECT: мраморная крошка
68699469,купить цветную мраморную крошку,75599740,COLLECT: мраморная крошка
55688999,мраморная крошка дешево,75599740,COLLECT: мраморная крошка
348361551,мраморная крошка красивая,75599740,COLLECT: мраморная крошка
223804224,мраморная крошка черно белая,75599740,COLLECT: мраморная крошка
955292982,термопанели с мраморной крошкой для наружной отделки,75599740,COLLECT: мраморная крошка
29305580,фасадная краска с мраморной крошкой,75599740,COLLECT: мраморная крошка
234547736,мраморная крошка цвет белый,75599740,COLLECT: мраморная крошка
143042855,белая мраморная крошка в мешках цена,75599740,COLLECT: мраморная крошка
62744510,мраморная крошка байрамикс,75599740,COLLECT: мраморная крошка
34666709,мраморная крошка оптом от производителя,75599740,COLLECT: мраморная крошка
498070572,мойка мраморная крошка,75599740,COLLECT: мраморная крошка
345487719,мраморная крошка купить в иркутске,75599740,COLLECT: мраморная крошка
1053857644,мраморная крошка белая фракция 10 20 мм,75599740,COLLECT: мраморная крошка
352841520,мраморная крошка для внутренних работ,75599740,COLLECT: мраморная крошка
204626475,коричневая мраморная крошка,75599740,COLLECT: мраморная крошка
406934875,садовая мраморная крошка,75599740,COLLECT: мраморная крошка
348367577,мраморная крошка очистить,75599740,COLLECT: мраморная крошка
164171207,штукатурка с мраморной крошкой для цоколя,75599740,COLLECT: мраморная крошка
93690168,галтованная мраморная крошка купить,75599740,COLLECT: мраморная крошка
965566412,купить галтованную мраморную крошку,75599740,COLLECT: мраморная крошка
348355004,мраморная крошка и смола,75599740,COLLECT: мраморная крошка
185778516,мраморная крошка на могилу как укладывать,75599740,COLLECT: мраморная крошка
33032296,работа штукатурка мраморная крошка,75599740,COLLECT: мраморная крошка
21672658,купить памятник из мраморной крошки,75599740,COLLECT: мраморная крошка
710760977,крест из мраморной крошки на могилу,75599740,COLLECT: мраморная крошка
9994299,отделка дома мраморной крошкой,75599740,COLLECT: мраморная крошка
40645538,мраморная крошка купить в волгограде,75599740,COLLECT: мраморная крошка
1080379472,imperial фактурная с мраморной крошкой,75599740,COLLECT: мраморная крошка
406936037,мраморная крошка симферополе,75599740,COLLECT: мраморная крошка
1080379473,как засыпать мраморной крошкой,75599740,COLLECT: мраморная крошка
1076249568,купить мраморную крошку тонну,75599740,COLLECT: мраморная крошка
1058469565,мраморная крошка биг бег,75599740,COLLECT: мраморная крошка
348354728,краска imperial с мраморной крошкой,75599740,COLLECT: мраморная крошка
122121394,виды мраморной крошки,75599740,COLLECT: мраморная крошка
110591722,мраморная крошка белая купить в москве,75599740,COLLECT: мраморная крошка
843687642,мраморная крошка купить в розницу,75599740,COLLECT: мраморная крошка
77458896,цветник из мраморной крошки,75599740,COLLECT: мраморная крошка
1080379474,мраморная крошка белая фракция 10 20 купить,75599740,COLLECT: мраморная крошка
867631770,крошка мраморная белый 5 10 мм,75599740,COLLECT: мраморная крошка
157250149,мраморная крошка мелкая купить,75599740,COLLECT: мраморная крошка
151109985,мраморная крошка от производителя купить,75599740,COLLECT: мраморная крошка
1080379475,цементная смесь с мраморной крошкой,75599740,COLLECT: мраморная крошка
185778440,мраморная крошка 20 40 мм белая,75599740,COLLECT: мраморная крошка
348360741,сколько весит мраморная крошка,75599740,COLLECT: мраморная крошка
157250264,мраморная крошка 3 5 мм,75599740,COLLECT: мраморная крошка
2482190,статуэтки из мраморной крошки,75599740,COLLECT: мраморная крошка
151041611,термопанели мраморная крошка купить,75599740,COLLECT: мраморная крошка
44060708,декоративный камень мраморная крошка,75599740,COLLECT: мраморная крошка
1080379476,мраморная крошка для улицы,75599740,COLLECT: мраморная крошка
738933855,мраморная крошка для ступеней,75599740,COLLECT: мраморная крошка
71936184,церезит мраморная крошка,75599740,COLLECT: мраморная крошка
34666702,купить мраморную крошку оптом от производителя,75599740,COLLECT: мраморная крошка
984860692,эпоксидный пол с мраморной крошкой,75599740,COLLECT: мраморная крошка
22325602,искусственная мраморная крошка,75599740,COLLECT: мраморная крошка
1046618693,фактурная краска с мраморной крошкой imperial,75599740,COLLECT: мраморная крошка
1080379477,мраморная крошка утеплитель,75599740,COLLECT: мраморная крошка
1058129173,мраморная крошка фракцией 5 10 мм,75599740,COLLECT: мраморная крошка
1046618780,рассчитать мраморную крошку,75599740,COLLECT: мраморная крошка
928436489,мраморная крошка 25 кг купить,75599740,COLLECT: мраморная крошка
1080379478,мраморная крошка в горшках,75599740,COLLECT: мраморная крошка
185778532,мраморная крошка хабаровск,75599740,COLLECT: мраморная крошка
47162856,мраморная крошка в омске купить,75599740,COLLECT: мраморная крошка
65080911,штукатурка акриловая мраморная крошка,75599740,COLLECT: мраморная крошка
877168148,мраморная крошка орел,75599740,COLLECT: мраморная крошка
954404340,мраморная крошка белая для кладбища цена,75599740,COLLECT: мраморная крошка
406934161,цемент с мраморной крошкой,75599740,COLLECT: мраморная крошка
1059726386,мраморная крошка в мешках 25 кг,75599740,COLLECT: мраморная крошка
726123626,штукатурка с мраморной крошкой для фасада,75599740,COLLECT: мраморная крошка
1066071355,мраморная крошка надгробие,75599740,COLLECT: мраморная крошка
836430424,кварцевый песок мраморная крошка,75599740,COLLECT: мраморная крошка
982852343,мраморная крошка каталог,75599740,COLLECT: мраморная крошка
330682256,мраморная крошка для кухни,75599740,COLLECT: мраморная крошка
55688995,натуральная мраморная крошка,75599740,COLLECT: мраморная крошка
938409982,1 тонна мраморной крошки,75599740,COLLECT: мраморная крошка
7520574,мраморная крошка зеленая,75599740,COLLECT: мраморная крошка
1080379479,применений мраморной крошки,75599740,COLLECT: мраморная крошка
1015599065,крошка мраморная фракция 20 40,75599740,COLLECT: мраморная крошка
1080379480,мраморная крошка для дачи,75599740,COLLECT: мраморная крошка
348357834,ремонт мраморной крошки,75599740,COLLECT: мраморная крошка
215052673,мраморная крошка новокузнецк,75599740,COLLECT: мраморная крошка
16037978,столешница из мраморной крошки,75599740,COLLECT: мраморная крошка
954404436,прозрачная мраморная крошка,75599740,COLLECT: мраморная крошка
28833371,краска с мраморной крошкой для стен,75599740,COLLECT: мраморная крошка
348364513,как называется мраморная крошка,75599740,COLLECT: мраморная крошка
952318338,мраморная крошка кемерово,75599740,COLLECT: мраморная крошка
1080379481,мраморная крошка терралит,75599740,COLLECT: мраморная крошка
348343845,сколько стоит мраморная крошка цена,75599740,COLLECT: мраморная крошка
348362036,мраморная крошка как использовать,75599740,COLLECT: мраморная крошка
1080379482,акрилово мраморная крошка купить,75599740,COLLECT: мраморная крошка
1056813,бетонный пол с мраморной крошкой,75599740,COLLECT: мраморная крошка
161739301,мраморная крошка купить в екатеринбурге в мешках,75599740,COLLECT: мраморная крошка
928903715,мраморная крошка купить в новосибирске в мешках,75599740,COLLECT: мраморная крошка
122121388,мраморная крошка крупная,75599740,COLLECT: мраморная крошка
1080379483,мраморная крошка в костроме,75599740,COLLECT: мраморная крошка
4511820,отделка фасада мраморной крошкой,75599740,COLLECT: мраморная крошка
982852318,мраморная крошка белая 25 кг,75599740,COLLECT: мраморная крошка
332433409,мраморная крошка биг бэг,75599740,COLLECT: мраморная крошка
1080379484,мраморная крошка во владимире,75599740,COLLECT: мраморная крошка
166636263,сковорода мраморная крошка,75599740,COLLECT: мраморная крошка
185778492,мраморная крошка купить в курске,75599740,COLLECT: мраморная крошка
990761637,мраморная крошка махачкала,75599740,COLLECT: мраморная крошка
150689600,мраморная крошка саранск,75599740,COLLECT: мраморная крошка
34011094,изделия из мраморной крошки,75599740,COLLECT: мраморная крошка
277594233,реагенты крошка мраморная,75599740,COLLECT: мраморная крошка
215052678,мраморная крошка смоленск,75599740,COLLECT: мраморная крошка
185778455,мраморная крошка в мешках в леруа,75599740,COLLECT: мраморная крошка
1080379485,акрило мраморная крошка для внутренней отделки фото,75599740,COLLECT: мраморная крошка
952403706,мраморная крошка темная,75599740,COLLECT: мраморная крошка
344799443,мраморная крошка противогололедная,75599740,COLLECT: мраморная крошка
389096576,мраморная крошка во дворе,75599740,COLLECT: мраморная крошка
90282289,сувениры из мраморной крошки,75599740,COLLECT: мраморная крошка
185778476,мраморная крошка иваново,75599740,COLLECT: мраморная крошка
13963780,раковина мраморная крошка,75599740,COLLECT: мраморная крошка
498210333,мраморная крошка в мешках красноярск,75599740,COLLECT: мраморная крошка
1080379486,мраморная крошка купить 10 кг,75599740,COLLECT: мраморная крошка
37202134,сколько стоит памятник из мраморной крошки,75599740,COLLECT: мраморная крошка
1046618741,акрило мраморная крошка для стен,75599740,COLLECT: мраморная крошка
7113588,штукатурка на основе мраморной крошки,75599740,COLLECT: мраморная крошка
69179264,брусчатка с мраморной крошкой,75599740,COLLECT: мраморная крошка
185778468,мраморная крошка владикавказ,75599740,COLLECT: мраморная крошка
486629089,засыпка мраморной крошкой,75599740,COLLECT: мраморная крошка
1080379487,мраморная крошка для крыльца,75599740,COLLECT: мраморная крошка
1080379488,крошка мраморная 10 20мм,75599740,COLLECT: мраморная крошка
21090053,купить мраморную крошку в перми,75599740,COLLECT: мраморная крошка
310578622,купить гранитно мраморную крошку,75599740,COLLECT: мраморная крошка
982852435,мраморная крошка вокруг могилы,75599740,COLLECT: мраморная крошка
95904658,пленка мраморная крошка,75599740,COLLECT: мраморная крошка
1046618694,мраморная крошка монтаж,75599740,COLLECT: мраморная крошка
805093795,как правильно уложить мраморную крошку,75599740,COLLECT: мраморная крошка
1046618751,леруа мерлен купить мраморную крошку,75599740,COLLECT: мраморная крошка
1080379489,мраморная крошка 5 20 купить,75599740,COLLECT: мраморная крошка
954404417,мраморная крошка купить в красноярске в мешках,75599740,COLLECT: мраморная крошка
185778467,мраморная крошка владивосток,75599740,COLLECT: мраморная крошка
1080379490,сколько мраморной крошки в ведре,75599740,COLLECT: мраморная крошка
1080379491,сколько мраморной крошки нужно на 1,75599740,COLLECT: мраморная крошка
554574767,мраморная крошка красноярск цена,75599740,COLLECT: мраморная крошка
18650319,облицовка мраморной крошкой,75599740,COLLECT: мраморная крошка
215052677,мраморная крошка пятигорск,75599740,COLLECT: мраморная крошка
348355160,мраморная крошка 0.5,75599740,COLLECT: мраморная крошка
1080379492,мраморная крошка уссурийск,75599740,COLLECT: мраморная крошка
927273715,крошка мраморная белая купить в спб,75599740,COLLECT: мраморная крошка
735117782,терралит штукатурка с мраморной крошкой,75599740,COLLECT: мраморная крошка
212138509,грунтовка с мраморной крошкой,75599740,COLLECT: мраморная крошка
348354773,мраморная крошка дорога,75599740,COLLECT: мраморная крошка
1080379493,петрович мраморная крошка,75599740,COLLECT: мраморная крошка
1035347745,краска структурная с мраморной крошкой,75599740,COLLECT: мраморная крошка
938409759,сколько надо мраморной крошки на цветник,75599740,COLLECT: мраморная крошка
1080379494,мраморная крошка челны,75599740,COLLECT: мраморная крошка
1080379495,мраморная крошка серо белая,75599740,COLLECT: мраморная крошка
93690160,мраморная крошка для дорожек цена,75599740,COLLECT: мраморная крошка
348364031,мраморная крошка рязань,75599740,COLLECT: мраморная крошка
974994675,мраморная крошка минусы,75599740,COLLECT: мраморная крошка
1080379496,мраморная крошка курган,75599740,COLLECT: мраморная крошка
185778481,мраморная крошка киров,75599740,COLLECT: мраморная крошка
773012739,мраморная крошка для дорожек на даче,75599740,COLLECT: мраморная крошка
348365889,чем отмыть мраморную крошку,75599740,COLLECT: мраморная крошка
96476689,мрамор из мраморной крошки,75599740,COLLECT: мраморная крошка
923431886,мраморная крошка купить во владимире,75599740,COLLECT: мраморная крошка
215052670,мраморная крошка магнитогорск,75599740,COLLECT: мраморная крошка
494311773,купить клей для мраморной крошки,75599740,COLLECT: мраморная крошка
902296515,мраморная крошка 2 3,75599740,COLLECT: мраморная крошка
348358393,мраморная крошка шлифовка,75599740,COLLECT: мраморная крошка
389096760,мраморная крошка на фасад дома,75599740,COLLECT: мраморная крошка
181685950,клей для мраморной крошки прозрачный,75599740,COLLECT: мраморная крошка
192604368,расход мраморной крошки на 1м2,75599740,COLLECT: мраморная крошка
1058129034,мраморная крошка для дорожек купить цена,75599740,COLLECT: мраморная крошка
117830675,мраморная крошка на кладбище фото,75599740,COLLECT: мраморная крошка
234547709,мраморная крошка мелкая фракция купить,75599740,COLLECT: мраморная крошка
1046618746,мраморная крошка farbitex,75599740,COLLECT: мраморная крошка
1046618767,цена мраморной крошки кг,75599740,COLLECT: мраморная крошка
348363696,мраморная крошка брянск,75599740,COLLECT: мраморная крошка
966576175,мраморная крошка купить в барнауле в мешках,75599740,COLLECT: мраморная крошка
185778502,мраморная крошка купить в смоленске,75599740,COLLECT: мраморная крошка
1080379497,краска легко с мраморной крошкой,75599740,COLLECT: мраморная крошка
1080379498,мраморная крошка купить в хабаровске,75599740,COLLECT: мраморная крошка
954404363,расценка мраморная крошка,75599740,COLLECT: мраморная крошка
348369252,можно мраморную крошку в аквариум,75599740,COLLECT: мраморная крошка
222528584,мраморная крошка розовая,75599740,COLLECT: мраморная крошка
215052657,мраморная крошка вологда,75599740,COLLECT: мраморная крошка
348368205,мраморная крошка краснодарский край,75599740,COLLECT: мраморная крошка
537953297,клей для мраморной крошки для наружных работ,75599740,COLLECT: мраморная крошка
1080379499,мраморная крошка купить в мешках 25,75599740,COLLECT: мраморная крошка
437503772,мраморная крошка калининград,75599740,COLLECT: мраморная крошка
157250150,купить мраморную крошку в московской области,75599740,COLLECT: мраморная крошка
21973501,оформление могил мраморной крошкой,75599740,COLLECT: мраморная крошка
185778504,мраморная крошка купить в ставрополе,75599740,COLLECT: мраморная крошка
990761619,ковер из мраморной крошки,75599740,COLLECT: мраморная крошка
1080379500,мраморная крошка старый оскол,75599740,COLLECT: мраморная крошка
55060746,продам мраморную крошку,75599740,COLLECT: мраморная крошка
93690205,мраморная крошка для сада купить,75599740,COLLECT: мраморная крошка
27779325,геотекстиль под мраморную крошку,75599740,COLLECT: мраморная крошка
348358171,мраморная крошка на участке,75599740,COLLECT: мраморная крошка
1080379501,мраморная крошка в светофоре,75599740,COLLECT: мраморная крошка
923431888,мраморная крошка купить в пятигорске,75599740,COLLECT: мраморная крошка
1046618769,мраморная крошка купить мраморный дом,75599740,COLLECT: мраморная крошка
185778491,мраморная крошка купить в костроме,75599740,COLLECT: мраморная крошка
966576128,мраморная крошка купить в мешках 25 кг,75599740,COLLECT: мраморная крошка
1055544667,крошка на кладбище мраморная цена,75599740,COLLECT: мраморная крошка
776990944,мраморная крошка 5 10 мм купить,75599740,COLLECT: мраморная крошка
348359111,мраморная крошка пропорции,75599740,COLLECT: мраморная крошка
966576113,купить мраморной крошки плитку,75599740,COLLECT: мраморная крошка
812851390,как правильно засыпать мраморную крошку,75599740,COLLECT: мраморная крошка
902296557,благоустройство мраморной крошкой,75599740,COLLECT: мраморная крошка
1080379502,мраморная крошка серого цвета,75599740,COLLECT: мраморная крошка

